2026-08-03 20:35:52 [HTTP]: [REQUEST] GET /users?page=1
2026-08-03 20:35:52 [HTTP]: [REQUEST] PUT /users/2
2026-08-03 20:35:52 [DEBUG]: [REQUEST BODY] {"name":"Jane Doe","job":"Senior QA Engineer"}
2026-08-03 20:35:52 [HTTP]: [REQUEST] POST /users
2026-08-03 20:35:52 [DEBUG]: [REQUEST BODY] {"name":"John Doe","job":"QA Engineer"}
2026-08-03 20:35:52 [HTTP]: [REQUEST] GET /users/2
2026-08-03 20:35:55 [ERROR]: [RESPONSE ERROR] 401 - Unauthorized
2026-08-03 20:35:55 [ERROR]: [RESPONSE ERROR] 401 - Unauthorized
2026-08-03 20:35:55 [ERROR]: [RESPONSE ERROR] 401 - Unauthorized
2026-08-03 20:35:55 [ERROR]: [RESPONSE ERROR] 401 - Unauthorized
2026-08-03 20:35:57 [HTTP]: [REQUEST] PUT /users/2
2026-08-03 20:35:57 [DEBUG]: [REQUEST BODY] {"name":"Jane Doe","job":"Senior QA Engineer"}
2026-08-03 20:35:58 [HTTP]: [REQUEST] GET /users?page=1
2026-08-03 20:35:58 [HTTP]: [REQUEST] POST /users
2026-08-03 20:35:58 [DEBUG]: [REQUEST BODY] {"name":"John Doe","job":"QA Engineer"}
2026-08-03 20:35:58 [HTTP]: [REQUEST] GET /users/2
2026-08-03 20:36:00 [ERROR]: [RESPONSE ERROR] 401 - Unauthorized
2026-08-03 20:36:00 [ERROR]: [RESPONSE ERROR] 401 - Unauthorized
2026-08-03 20:36:00 [ERROR]: [RESPONSE ERROR] 401 - Unauthorized
2026-08-03 20:36:00 [ERROR]: [RESPONSE ERROR] 401 - Unauthorized
2026-08-03 20:36:02 [HTTP]: [REQUEST] PUT /users/2
2026-08-03 20:36:02 [DEBUG]: [REQUEST BODY] {"name":"Jane Doe","job":"Senior QA Engineer"}
2026-08-03 20:36:02 [HTTP]: [REQUEST] GET /users?page=1
2026-08-03 20:36:03 [HTTP]: [REQUEST] POST /users
2026-08-03 20:36:03 [DEBUG]: [REQUEST BODY] {"name":"John Doe","job":"QA Engineer"}
2026-08-03 20:36:03 [HTTP]: [REQUEST] GET /users/2
2026-08-03 20:36:04 [ERROR]: [RESPONSE ERROR] 401 - Unauthorized
2026-08-03 20:36:05 [ERROR]: [RESPONSE ERROR] 401 - Unauthorized
2026-08-03 20:36:05 [ERROR]: [RESPONSE ERROR] 401 - Unauthorized
2026-08-03 20:36:05 [ERROR]: [RESPONSE ERROR] 401 - Unauthorized
2026-08-03 20:36:08 [HTTP]: [REQUEST] DELETE /users/2
2026-08-03 20:36:08 [HTTP]: [REQUEST] POST /login
2026-08-03 20:36:08 [DEBUG]: [REQUEST BODY] {"email":"eve.holt@reqres.in","password":"cityslicka"}
2026-08-03 20:36:10 [ERROR]: [RESPONSE ERROR] 401 - Unauthorized
2026-08-03 20:36:11 [ERROR]: [RESPONSE ERROR] 401 - Unauthorized
2026-08-03 20:36:13 [INFO]: Navigating to https://opensource-demo.orangehrmlive.com
2026-08-03 20:36:14 [INFO]: Navigating to https://opensource-demo.orangehrmlive.com
2026-08-03 20:36:15 [HTTP]: [REQUEST] DELETE /users/2
2026-08-03 20:36:15 [HTTP]: [REQUEST] POST /login
2026-08-03 20:36:15 [DEBUG]: [REQUEST BODY] {"email":"eve.holt@reqres.in","password":"cityslicka"}
2026-08-03 20:36:17 [ERROR]: [RESPONSE ERROR] 401 - Unauthorized
2026-08-03 20:36:17 [ERROR]: [RESPONSE ERROR] 401 - Unauthorized
2026-08-03 20:36:20 [HTTP]: [REQUEST] DELETE /users/2
2026-08-03 20:36:20 [HTTP]: [REQUEST] POST /login
2026-08-03 20:36:20 [DEBUG]: [REQUEST BODY] {"email":"eve.holt@reqres.in","password":"cityslicka"}
2026-08-03 20:36:22 [ERROR]: [RESPONSE ERROR] 401 - Unauthorized
2026-08-03 20:36:23 [ERROR]: [RESPONSE ERROR] 401 - Unauthorized
2026-08-03 20:36:23 [INFO]: Page loaded successfully
2026-08-03 20:36:23 [INFO]: Logging in as: invalid
2026-08-03 20:36:23 [DEBUG]: Filling text 'invalid' in element: locator('input[name="username"]')
2026-08-03 20:36:23 [DEBUG]: Filling text 'invalid' in element: locator('input[name="password"]')
2026-08-03 20:36:23 [DEBUG]: Clicking element: locator('button[type="submit"]')
2026-08-03 20:36:25 [INFO]: Page loaded successfully
2026-08-03 20:36:25 [DEBUG]: Element visibility: true
2026-08-03 20:36:25 [INFO]: Page loaded successfully
2026-08-03 20:36:25 [INFO]: Logging in as: Admin
2026-08-03 20:36:25 [DEBUG]: Filling text 'Admin' in element: locator('input[name="username"]')
2026-08-03 20:36:25 [DEBUG]: Filling text 'admin123' in element: locator('input[name="password"]')
2026-08-03 20:36:25 [DEBUG]: Clicking element: locator('button[type="submit"]')
2026-08-03 20:36:27 [INFO]: Navigating to https://www.saucedemo.com
2026-08-03 20:36:31 [INFO]: Navigating to https://opensource-demo.orangehrmlive.com
2026-08-03 20:36:36 [INFO]: Page loaded successfully
2026-08-03 20:36:36 [INFO]: Logging in as: standard_user
2026-08-03 20:36:36 [DEBUG]: Filling text 'standard_user' in element: locator('#user-name')
2026-08-03 20:36:36 [INFO]: Page loaded successfully
2026-08-03 20:36:36 [DEBUG]: Filling text 'secret_sauce' in element: locator('#password')
2026-08-03 20:36:36 [DEBUG]: Clicking element: locator('#login-button')
2026-08-03 20:36:36 [DEBUG]: Element visibility: true
2026-08-03 20:36:36 [DEBUG]: Text content: Dashboard
2026-08-03 20:36:37 [INFO]: Page loaded successfully
2026-08-03 20:36:42 [INFO]: Page loaded successfully
2026-08-03 20:36:42 [INFO]: Navigating to https://opensource-demo.orangehrmlive.com
2026-08-03 20:36:44 [INFO]: Page loaded successfully
2026-08-03 20:36:44 [INFO]: Logging in as: Admin
2026-08-03 20:36:44 [DEBUG]: Filling text 'Admin' in element: locator('input[name="username"]')
2026-08-03 20:36:44 [DEBUG]: Filling text 'admin123' in element: locator('input[name="password"]')
2026-08-03 20:36:44 [DEBUG]: Clicking element: locator('button[type="submit"]')
2026-08-03 20:36:50 [INFO]: Navigating to https://www.saucedemo.com
2026-08-03 20:36:57 [INFO]: Page loaded successfully
2026-08-03 20:36:57 [INFO]: Logging out
2026-08-03 20:36:57 [DEBUG]: Clicking element: locator('.oxd-userdropdown-tab')
2026-08-03 20:36:58 [DEBUG]: Clicking element: locator('a[href="/web/index.php/auth/logout"]')
2026-08-03 20:37:01 [INFO]: Page loaded successfully
2026-08-03 20:37:07 [INFO]: Page loaded successfully
2026-08-03 20:37:07 [INFO]: Logging in as: standard_user
2026-08-03 20:37:07 [DEBUG]: Filling text 'standard_user' in element: locator('#user-name')
2026-08-03 20:37:07 [DEBUG]: Filling text 'secret_sauce' in element: locator('#password')
2026-08-03 20:37:07 [DEBUG]: Clicking element: locator('#login-button')
2026-08-03 20:37:08 [INFO]: Page loaded successfully
2026-08-03 20:37:59 [INFO]: Navigating to https://www.saucedemo.com
2026-08-03 20:38:03 [HTTP]: [REQUEST] GET /users?page=1
2026-08-03 20:38:04 [HTTP]: [REQUEST] GET /users/2
2026-08-03 20:38:06 [ERROR]: [RESPONSE ERROR] 401 - Unauthorized
2026-08-03 20:38:06 [ERROR]: [RESPONSE ERROR] 401 - Unauthorized
2026-08-03 20:38:07 [HTTP]: [REQUEST] POST /users
2026-08-03 20:38:07 [DEBUG]: [REQUEST BODY] {"name":"John Doe","job":"QA Engineer"}
2026-08-03 20:38:08 [INFO]: Page loaded successfully
2026-08-03 20:38:08 [INFO]: Logging in as: standard_user
2026-08-03 20:38:08 [DEBUG]: Filling text 'standard_user' in element: locator('#user-name')
2026-08-03 20:38:08 [DEBUG]: Filling text 'secret_sauce' in element: locator('#password')
2026-08-03 20:38:08 [DEBUG]: Clicking element: locator('#login-button')
2026-08-03 20:38:09 [INFO]: Page loaded successfully
2026-08-03 20:38:09 [HTTP]: [REQUEST] GET /users?page=1
2026-08-03 20:38:09 [HTTP]: [REQUEST] GET /users/2
2026-08-03 20:38:09 [ERROR]: [RESPONSE ERROR] 401 - Unauthorized
2026-08-03 20:38:11 [ERROR]: [RESPONSE ERROR] 401 - Unauthorized
2026-08-03 20:38:11 [HTTP]: [REQUEST] POST /users
2026-08-03 20:38:11 [DEBUG]: [REQUEST BODY] {"name":"John Doe","job":"QA Engineer"}
2026-08-03 20:38:11 [ERROR]: [RESPONSE ERROR] 401 - Unauthorized
2026-08-03 20:38:14 [ERROR]: [RESPONSE ERROR] 401 - Unauthorized
2026-08-03 20:38:14 [HTTP]: [REQUEST] GET /users?page=1
2026-08-03 20:38:14 [HTTP]: [REQUEST] GET /users/2
2026-08-03 20:38:16 [ERROR]: [RESPONSE ERROR] 401 - Unauthorized
2026-08-03 20:38:16 [HTTP]: [REQUEST] PUT /users/2
2026-08-03 20:38:16 [DEBUG]: [REQUEST BODY] {"name":"Jane Doe","job":"Senior QA Engineer"}
2026-08-03 20:38:16 [HTTP]: [REQUEST] POST /users
2026-08-03 20:38:16 [DEBUG]: [REQUEST BODY] {"name":"John Doe","job":"QA Engineer"}
2026-08-03 20:38:16 [ERROR]: [RESPONSE ERROR] 401 - Unauthorized
2026-08-03 20:38:18 [ERROR]: [RESPONSE ERROR] 401 - Unauthorized
2026-08-03 20:38:18 [HTTP]: [REQUEST] DELETE /users/2
2026-08-03 20:38:19 [ERROR]: [RESPONSE ERROR] 401 - Unauthorized
2026-08-03 20:38:19 [HTTP]: [REQUEST] POST /login
2026-08-03 20:38:19 [DEBUG]: [REQUEST BODY] {"email":"eve.holt@reqres.in","password":"cityslicka"}
2026-08-03 20:38:21 [ERROR]: [RESPONSE ERROR] 401 - Unauthorized
2026-08-03 20:38:21 [HTTP]: [REQUEST] PUT /users/2
2026-08-03 20:38:21 [DEBUG]: [REQUEST BODY] {"name":"Jane Doe","job":"Senior QA Engineer"}
2026-08-03 20:38:21 [ERROR]: [RESPONSE ERROR] 401 - Unauthorized
2026-08-03 20:38:23 [ERROR]: [RESPONSE ERROR] 401 - Unauthorized
2026-08-03 20:38:24 [HTTP]: [REQUEST] DELETE /users/2
2026-08-03 20:38:25 [HTTP]: [REQUEST] POST /login
2026-08-03 20:38:25 [DEBUG]: [REQUEST BODY] {"email":"eve.holt@reqres.in","password":"cityslicka"}
2026-08-03 20:38:26 [HTTP]: [REQUEST] PUT /users/2
2026-08-03 20:38:26 [DEBUG]: [REQUEST BODY] {"name":"Jane Doe","job":"Senior QA Engineer"}
2026-08-03 20:38:27 [ERROR]: [RESPONSE ERROR] 401 - Unauthorized
2026-08-03 20:38:27 [INFO]: Navigating to https://opensource-demo.orangehrmlive.com
2026-08-03 20:38:28 [ERROR]: [RESPONSE ERROR] 401 - Unauthorized
2026-08-03 20:38:28 [ERROR]: [RESPONSE ERROR] 401 - Unauthorized
2026-08-03 20:38:30 [HTTP]: [REQUEST] DELETE /users/2
2026-08-03 20:38:31 [HTTP]: [REQUEST] POST /login
2026-08-03 20:38:31 [DEBUG]: [REQUEST BODY] {"email":"eve.holt@reqres.in","password":"cityslicka"}
2026-08-03 20:38:33 [ERROR]: [RESPONSE ERROR] 401 - Unauthorized
2026-08-03 20:38:34 [ERROR]: [RESPONSE ERROR] 401 - Unauthorized
2026-08-03 20:38:39 [INFO]: Navigating to https://opensource-demo.orangehrmlive.com
2026-08-03 20:38:41 [INFO]: Page loaded successfully
2026-08-03 20:38:41 [INFO]: Logging in as: Admin
2026-08-03 20:38:41 [DEBUG]: Filling text 'Admin' in element: locator('input[name="username"]')
2026-08-03 20:38:41 [DEBUG]: Filling text 'admin123' in element: locator('input[name="password"]')
2026-08-03 20:38:41 [DEBUG]: Clicking element: locator('button[type="submit"]')
2026-08-03 20:38:44 [INFO]: Page loaded successfully
2026-08-03 20:38:44 [DEBUG]: Element visibility: false
2026-08-03 20:38:48 [INFO]: Navigating to https://opensource-demo.orangehrmlive.com
2026-08-03 20:39:07 [INFO]: Navigating to https://opensource-demo.orangehrmlive.com
2026-08-03 20:39:13 [INFO]: Page loaded successfully
2026-08-03 20:39:13 [INFO]: Navigating to https://opensource-demo.orangehrmlive.com
2026-08-03 20:39:17 [INFO]: Page loaded successfully
2026-08-03 20:39:17 [INFO]: Logging in as: Admin
2026-08-03 20:39:17 [DEBUG]: Filling text 'Admin' in element: locator('input[name="username"]')
2026-08-03 20:39:17 [DEBUG]: Filling text 'admin123' in element: locator('input[name="password"]')
2026-08-03 20:39:17 [DEBUG]: Clicking element: locator('button[type="submit"]')
2026-08-03 20:39:19 [INFO]: Page loaded successfully
2026-08-03 20:39:19 [INFO]: Logging out
2026-08-03 20:39:19 [DEBUG]: Clicking element: locator('.oxd-userdropdown-tab')
2026-08-03 20:39:20 [INFO]: Page loaded successfully
2026-08-03 20:39:20 [INFO]: Logging in as: Admin
2026-08-03 20:39:20 [DEBUG]: Filling text 'Admin' in element: locator('input[name="username"]')
2026-08-03 20:39:20 [DEBUG]: Clicking element: locator('a[href="/web/index.php/auth/logout"]')
2026-08-03 20:39:20 [DEBUG]: Filling text 'admin123' in element: locator('input[name="password"]')
2026-08-03 20:39:20 [DEBUG]: Clicking element: locator('button[type="submit"]')
2026-08-03 20:39:25 [INFO]: Page loaded successfully
2026-08-03 20:39:27 [INFO]: Navigating to https://opensource-demo.orangehrmlive.com
2026-08-03 20:39:29 [INFO]: Navigating to https://www.saucedemo.com
2026-08-03 20:39:30 [INFO]: Page loaded successfully
2026-08-03 20:39:31 [HTTP]: [REQUEST] GET /users?page=1
2026-08-03 20:39:33 [DEBUG]: Element visibility: true
2026-08-03 20:39:33 [DEBUG]: Text content: Dashboard
2026-08-03 20:39:33 [ERROR]: [RESPONSE ERROR] 401 - Unauthorized
2026-08-03 20:39:36 [HTTP]: [REQUEST] GET /users?page=1
2026-08-03 20:39:36 [INFO]: Page loaded successfully
2026-08-03 20:39:36 [INFO]: Logging in as: standard_user
2026-08-03 20:39:36 [DEBUG]: Filling text 'standard_user' in element: locator('#user-name')
2026-08-03 20:39:36 [DEBUG]: Filling text 'secret_sauce' in element: locator('#password')
2026-08-03 20:39:36 [DEBUG]: Clicking element: locator('#login-button')
2026-08-03 20:39:37 [INFO]: Page loaded successfully
2026-08-03 20:39:38 [ERROR]: [RESPONSE ERROR] 401 - Unauthorized
2026-08-03 20:39:40 [HTTP]: [REQUEST] GET /users/2
2026-08-03 20:39:40 [HTTP]: [REQUEST] GET /users?page=1
2026-08-03 20:39:42 [ERROR]: [RESPONSE ERROR] 401 - Unauthorized
2026-08-03 20:39:43 [ERROR]: [RESPONSE ERROR] 401 - Unauthorized
2026-08-03 20:39:43 [INFO]: Page loaded successfully
2026-08-03 20:39:43 [INFO]: Logging in as: invalid
2026-08-03 20:39:43 [DEBUG]: Filling text 'invalid' in element: locator('input[name="username"]')
2026-08-03 20:39:43 [DEBUG]: Filling text 'invalid' in element: locator('input[name="password"]')
2026-08-03 20:39:43 [DEBUG]: Clicking element: locator('button[type="submit"]')
2026-08-03 20:39:45 [INFO]: Page loaded successfully
2026-08-03 20:39:46 [DEBUG]: Element visibility: true
2026-08-03 20:39:46 [HTTP]: [REQUEST] POST /users
2026-08-03 20:39:46 [DEBUG]: [REQUEST BODY] {"name":"John Doe","job":"QA Engineer"}
2026-08-03 20:39:46 [HTTP]: [REQUEST] GET /users/2
2026-08-03 20:39:48 [ERROR]: [RESPONSE ERROR] 401 - Unauthorized
2026-08-03 20:39:48 [ERROR]: [RESPONSE ERROR] 401 - Unauthorized
2026-08-03 20:39:48 [INFO]: Navigating to https://www.saucedemo.com
2026-08-03 20:39:50 [HTTP]: [REQUEST] PUT /users/2
2026-08-03 20:39:50 [DEBUG]: [REQUEST BODY] {"name":"Jane Doe","job":"Senior QA Engineer"}
2026-08-03 20:39:51 [HTTP]: [REQUEST] GET /users/2
2026-08-03 20:39:51 [HTTP]: [REQUEST] POST /users
2026-08-03 20:39:51 [DEBUG]: [REQUEST BODY] {"name":"John Doe","job":"QA Engineer"}
2026-08-03 20:39:53 [ERROR]: [RESPONSE ERROR] 401 - Unauthorized
2026-08-03 20:39:53 [ERROR]: [RESPONSE ERROR] 401 - Unauthorized
2026-08-03 20:39:54 [ERROR]: [RESPONSE ERROR] 401 - Unauthorized
2026-08-03 20:39:55 [INFO]: Page loaded successfully
2026-08-03 20:39:55 [INFO]: Logging in as: standard_user
2026-08-03 20:39:55 [DEBUG]: Filling text 'standard_user' in element: locator('#user-name')
2026-08-03 20:39:56 [DEBUG]: Filling text 'secret_sauce' in element: locator('#password')
2026-08-03 20:39:56 [HTTP]: [REQUEST] PUT /users/2
2026-08-03 20:39:56 [DEBUG]: [REQUEST BODY] {"name":"Jane Doe","job":"Senior QA Engineer"}
2026-08-03 20:39:56 [DEBUG]: Clicking element: locator('#login-button')
2026-08-03 20:39:56 [INFO]: Page loaded successfully
2026-08-03 20:39:56 [HTTP]: [REQUEST] DELETE /users/2
2026-08-03 20:39:57 [HTTP]: [REQUEST] POST /users
2026-08-03 20:39:57 [DEBUG]: [REQUEST BODY] {"name":"John Doe","job":"QA Engineer"}
2026-08-03 20:39:58 [ERROR]: [RESPONSE ERROR] 401 - Unauthorized
2026-08-03 20:39:59 [ERROR]: [RESPONSE ERROR] 401 - Unauthorized
2026-08-03 20:39:59 [ERROR]: [RESPONSE ERROR] 401 - Unauthorized
2026-08-03 20:40:00 [HTTP]: [REQUEST] PUT /users/2
2026-08-03 20:40:00 [DEBUG]: [REQUEST BODY] {"name":"Jane Doe","job":"Senior QA Engineer"}
2026-08-03 20:40:01 [HTTP]: [REQUEST] DELETE /users/2
2026-08-03 20:40:01 [HTTP]: [REQUEST] POST /login
2026-08-03 20:40:01 [DEBUG]: [REQUEST BODY] {"email":"eve.holt@reqres.in","password":"cityslicka"}
2026-08-03 20:40:03 [ERROR]: [RESPONSE ERROR] 401 - Unauthorized
2026-08-03 20:40:03 [ERROR]: [RESPONSE ERROR] 401 - Unauthorized
2026-08-03 20:40:04 [ERROR]: [RESPONSE ERROR] 401 - Unauthorized
2026-08-03 20:40:07 [HTTP]: [REQUEST] DELETE /users/2
2026-08-03 20:40:07 [HTTP]: [REQUEST] POST /login
2026-08-03 20:40:07 [DEBUG]: [REQUEST BODY] {"email":"eve.holt@reqres.in","password":"cityslicka"}
2026-08-03 20:40:08 [INFO]: Navigating to https://www.saucedemo.com
2026-08-03 20:40:08 [INFO]: Navigating to https://opensource-demo.orangehrmlive.com
2026-08-03 20:40:09 [ERROR]: [RESPONSE ERROR] 401 - Unauthorized
2026-08-03 20:40:10 [ERROR]: [RESPONSE ERROR] 401 - Unauthorized
2026-08-03 20:40:13 [HTTP]: [REQUEST] POST /login
2026-08-03 20:40:13 [DEBUG]: [REQUEST BODY] {"email":"eve.holt@reqres.in","password":"cityslicka"}
2026-08-03 20:40:13 [INFO]: Navigating to https://opensource-demo.orangehrmlive.com
2026-08-03 20:40:15 [ERROR]: [RESPONSE ERROR] 401 - Unauthorized
2026-08-03 20:40:19 [INFO]: Navigating to https://opensource-demo.orangehrmlive.com
2026-08-03 20:40:19 [INFO]: Page loaded successfully
2026-08-03 20:40:19 [INFO]: Logging in as: standard_user
2026-08-03 20:40:19 [DEBUG]: Filling text 'standard_user' in element: locator('#user-name')
2026-08-03 20:40:19 [DEBUG]: Filling text 'secret_sauce' in element: locator('#password')
2026-08-03 20:40:19 [DEBUG]: Clicking element: locator('#login-button')
2026-08-03 20:40:19 [INFO]: Page loaded successfully
2026-08-03 20:40:21 [INFO]: Page loaded successfully
2026-08-03 20:40:21 [INFO]: Logging in as: Admin
2026-08-03 20:40:21 [DEBUG]: Filling text 'Admin' in element: locator('input[name="username"]')
2026-08-03 20:40:23 [DEBUG]: Filling text 'admin123' in element: locator('input[name="password"]')
2026-08-03 20:40:23 [DEBUG]: Clicking element: locator('button[type="submit"]')
2026-08-03 20:40:24 [INFO]: Page loaded successfully
2026-08-03 20:40:24 [INFO]: Logging in as: invalid
2026-08-03 20:40:24 [DEBUG]: Filling text 'invalid' in element: locator('input[name="username"]')
2026-08-03 20:40:25 [INFO]: Page loaded successfully
2026-08-03 20:40:25 [DEBUG]: Element visibility: false
2026-08-03 20:40:25 [DEBUG]: Filling text 'invalid' in element: locator('input[name="password"]')
2026-08-03 20:40:26 [DEBUG]: Clicking element: locator('button[type="submit"]')
2026-08-03 20:40:28 [INFO]: Page loaded successfully
2026-08-03 20:40:28 [INFO]: Navigating to https://opensource-demo.orangehrmlive.com
2026-08-03 20:40:31 [INFO]: Page loaded successfully
2026-08-03 20:40:32 [INFO]: Page loaded successfully
2026-08-03 20:40:32 [INFO]: Logging in as: Admin
2026-08-03 20:40:32 [DEBUG]: Filling text 'Admin' in element: locator('input[name="username"]')
2026-08-03 20:40:32 [DEBUG]: Element visibility: true
2026-08-03 20:40:33 [DEBUG]: Filling text 'admin123' in element: locator('input[name="password"]')
2026-08-03 20:40:34 [DEBUG]: Clicking element: locator('button[type="submit"]')
2026-08-03 20:40:34 [INFO]: Page loaded successfully
2026-08-03 20:40:34 [INFO]: Logging out
2026-08-03 20:40:34 [DEBUG]: Clicking element: locator('.oxd-userdropdown-tab')
2026-08-03 20:40:36 [INFO]: Navigating to https://www.saucedemo.com
2026-08-03 20:40:38 [INFO]: Navigating to https://opensource-demo.orangehrmlive.com
2026-08-03 20:40:41 [DEBUG]: Clicking element: locator('a[href="/web/index.php/auth/logout"]')
2026-08-03 20:40:42 [HTTP]: [REQUEST] GET /users?page=1
2026-08-03 20:40:43 [INFO]: Page loaded successfully
2026-08-03 20:40:44 [ERROR]: [RESPONSE ERROR] 401 - Unauthorized
2026-08-03 20:40:48 [HTTP]: [REQUEST] GET /users?page=1
2026-08-03 20:40:49 [HTTP]: [REQUEST] GET /users/2
2026-08-03 20:40:49 [INFO]: Page loaded successfully
2026-08-03 20:40:49 [INFO]: Logging in as: Admin
2026-08-03 20:40:49 [DEBUG]: Filling text 'Admin' in element: locator('input[name="username"]')
2026-08-03 20:40:49 [DEBUG]: Filling text 'admin123' in element: locator('input[name="password"]')
2026-08-03 20:40:49 [DEBUG]: Clicking element: locator('button[type="submit"]')
2026-08-03 20:40:50 [ERROR]: [RESPONSE ERROR] 401 - Unauthorized
2026-08-03 20:40:50 [INFO]: Page loaded successfully
2026-08-03 20:40:50 [INFO]: Logging in as: standard_user
2026-08-03 20:40:50 [DEBUG]: Filling text 'standard_user' in element: locator('#user-name')
2026-08-03 20:40:51 [DEBUG]: Filling text 'secret_sauce' in element: locator('#password')
2026-08-03 20:40:51 [DEBUG]: Clicking element: locator('#login-button')
2026-08-03 20:40:51 [ERROR]: [RESPONSE ERROR] 401 - Unauthorized
2026-08-03 20:40:52 [INFO]: Page loaded successfully
2026-08-03 20:40:52 [HTTP]: [REQUEST] GET /users?page=1
2026-08-03 20:40:53 [HTTP]: [REQUEST] GET /users/2
2026-08-03 20:40:54 [ERROR]: [RESPONSE ERROR] 401 - Unauthorized
2026-08-03 20:40:55 [ERROR]: [RESPONSE ERROR] 401 - Unauthorized
2026-08-03 20:40:57 [HTTP]: [REQUEST] POST /users
2026-08-03 20:40:57 [DEBUG]: [REQUEST BODY] {"name":"John Doe","job":"QA Engineer"}
2026-08-03 20:40:58 [HTTP]: [REQUEST] GET /users/2
2026-08-03 20:40:59 [ERROR]: [RESPONSE ERROR] 401 - Unauthorized
2026-08-03 20:41:00 [INFO]: Navigating to https://www.saucedemo.com
2026-08-03 20:41:00 [ERROR]: [RESPONSE ERROR] 401 - Unauthorized
2026-08-03 20:41:00 [INFO]: Page loaded successfully
2026-08-03 20:41:01 [DEBUG]: Element visibility: true
2026-08-03 20:41:01 [DEBUG]: Text content: Dashboard
2026-08-03 20:41:02 [HTTP]: [REQUEST] POST /users
2026-08-03 20:41:02 [DEBUG]: [REQUEST BODY] {"name":"John Doe","job":"QA Engineer"}
2026-08-03 20:41:03 [HTTP]: [REQUEST] PUT /users/2
2026-08-03 20:41:03 [DEBUG]: [REQUEST BODY] {"name":"Jane Doe","job":"Senior QA Engineer"}
2026-08-03 20:41:05 [ERROR]: [RESPONSE ERROR] 401 - Unauthorized
2026-08-03 20:41:05 [ERROR]: [RESPONSE ERROR] 401 - Unauthorized
2026-08-03 20:41:07 [HTTP]: [REQUEST] POST /users
2026-08-03 20:41:07 [DEBUG]: [REQUEST BODY] {"name":"John Doe","job":"QA Engineer"}
2026-08-03 20:41:07 [HTTP]: [REQUEST] DELETE /users/2
2026-08-03 20:41:08 [HTTP]: [REQUEST] PUT /users/2
2026-08-03 20:41:08 [DEBUG]: [REQUEST BODY] {"name":"Jane Doe","job":"Senior QA Engineer"}
2026-08-03 20:41:10 [ERROR]: [RESPONSE ERROR] 401 - Unauthorized
2026-08-03 20:41:10 [ERROR]: [RESPONSE ERROR] 401 - Unauthorized
2026-08-03 20:41:10 [ERROR]: [RESPONSE ERROR] 401 - Unauthorized
2026-08-03 20:41:12 [HTTP]: [REQUEST] POST /login
2026-08-03 20:41:12 [DEBUG]: [REQUEST BODY] {"email":"eve.holt@reqres.in","password":"cityslicka"}
2026-08-03 20:41:13 [HTTP]: [REQUEST] DELETE /users/2
2026-08-03 20:41:13 [HTTP]: [REQUEST] PUT /users/2
2026-08-03 20:41:13 [DEBUG]: [REQUEST BODY] {"name":"Jane Doe","job":"Senior QA Engineer"}
2026-08-03 20:41:13 [INFO]: Page loaded successfully
2026-08-03 20:41:13 [INFO]: Logging in as: standard_user
2026-08-03 20:41:13 [DEBUG]: Filling text 'standard_user' in element: locator('#user-name')
2026-08-03 20:41:13 [DEBUG]: Filling text 'secret_sauce' in element: locator('#password')
2026-08-03 20:41:13 [DEBUG]: Clicking element: locator('#login-button')
2026-08-03 20:41:14 [INFO]: Page loaded successfully
2026-08-03 20:41:15 [ERROR]: [RESPONSE ERROR] 401 - Unauthorized
2026-08-03 20:41:15 [ERROR]: [RESPONSE ERROR] 401 - Unauthorized
2026-08-03 20:41:15 [ERROR]: [RESPONSE ERROR] 401 - Unauthorized
2026-08-03 20:41:17 [HTTP]: [REQUEST] POST /login
2026-08-03 20:41:17 [DEBUG]: [REQUEST BODY] {"email":"eve.holt@reqres.in","password":"cityslicka"}
2026-08-03 20:41:17 [HTTP]: [REQUEST] DELETE /users/2
2026-08-03 20:41:19 [ERROR]: [RESPONSE ERROR] 401 - Unauthorized
2026-08-03 20:41:20 [ERROR]: [RESPONSE ERROR] 401 - Unauthorized
2026-08-03 20:41:20 [INFO]: Navigating to https://opensource-demo.orangehrmlive.com
2026-08-03 20:41:21 [INFO]: Navigating to https://www.saucedemo.com
2026-08-03 20:41:22 [HTTP]: [REQUEST] POST /login
2026-08-03 20:41:22 [DEBUG]: [REQUEST BODY] {"email":"eve.holt@reqres.in","password":"cityslicka"}
2026-08-03 20:41:23 [INFO]: Navigating to https://opensource-demo.orangehrmlive.com
2026-08-03 20:41:24 [ERROR]: [RESPONSE ERROR] 401 - Unauthorized
2026-08-03 20:41:27 [INFO]: Navigating to https://opensource-demo.orangehrmlive.com
2026-08-03 20:41:28 [INFO]: Page loaded successfully
2026-08-03 20:41:28 [INFO]: Logging in as: Admin
2026-08-03 20:41:28 [DEBUG]: Filling text 'Admin' in element: locator('input[name="username"]')
2026-08-03 20:41:28 [DEBUG]: Filling text 'admin123' in element: locator('input[name="password"]')
2026-08-03 20:41:28 [DEBUG]: Clicking element: locator('button[type="submit"]')
2026-08-03 20:41:31 [INFO]: Page loaded successfully
2026-08-03 20:41:31 [INFO]: Logging in as: invalid
2026-08-03 20:41:31 [DEBUG]: Filling text 'invalid' in element: locator('input[name="username"]')
2026-08-03 20:41:31 [DEBUG]: Filling text 'invalid' in element: locator('input[name="password"]')
2026-08-03 20:41:32 [DEBUG]: Clicking element: locator('button[type="submit"]')
2026-08-03 20:41:33 [INFO]: Page loaded successfully
2026-08-03 20:41:33 [INFO]: Logging in as: standard_user
2026-08-03 20:41:33 [DEBUG]: Filling text 'standard_user' in element: locator('#user-name')
2026-08-03 20:41:34 [DEBUG]: Filling text 'secret_sauce' in element: locator('#password')
2026-08-03 20:41:34 [INFO]: Page loaded successfully
2026-08-03 20:41:35 [DEBUG]: Element visibility: true
2026-08-03 20:41:36 [DEBUG]: Clicking element: locator('#login-button')
2026-08-03 20:41:37 [INFO]: Page loaded successfully
2026-08-03 20:41:37 [INFO]: Navigating to https://opensource-demo.orangehrmlive.com
2026-08-03 20:41:40 [INFO]: Page loaded successfully
2026-08-03 20:41:40 [INFO]: Logging in as: Admin
2026-08-03 20:41:40 [DEBUG]: Filling text 'Admin' in element: locator('input[name="username"]')
2026-08-03 20:41:40 [DEBUG]: Filling text 'admin123' in element: locator('input[name="password"]')
2026-08-03 20:41:40 [DEBUG]: Clicking element: locator('button[type="submit"]')
2026-08-03 20:41:40 [INFO]: Page loaded successfully
2026-08-03 20:41:40 [DEBUG]: Element visibility: true
2026-08-03 20:41:40 [INFO]: Page loaded successfully
2026-08-03 20:41:40 [DEBUG]: Text content: Dashboard
2026-08-03 20:41:44 [INFO]: Navigating to https://www.saucedemo.com
2026-08-03 20:41:50 [HTTP]: [REQUEST] GET /users?page=1
2026-08-03 20:41:52 [INFO]: Page loaded successfully
2026-08-03 20:41:52 [INFO]: Logging out
2026-08-03 20:41:52 [DEBUG]: Clicking element: locator('.oxd-userdropdown-tab')
2026-08-03 20:41:52 [DEBUG]: Clicking element: locator('a[href="/web/index.php/auth/logout"]')
2026-08-03 20:41:53 [HTTP]: [REQUEST] GET /users/2
2026-08-03 20:41:53 [ERROR]: [RESPONSE ERROR] 401 - Unauthorized
2026-08-03 20:41:54 [INFO]: Page loaded successfully
2026-08-03 20:41:54 [INFO]: Logging in as: standard_user
2026-08-03 20:41:54 [DEBUG]: Filling text 'standard_user' in element: locator('#user-name')
2026-08-03 20:41:54 [DEBUG]: Filling text 'secret_sauce' in element: locator('#password')
2026-08-03 20:41:54 [DEBUG]: Clicking element: locator('#login-button')
2026-08-03 20:41:54 [INFO]: Page loaded successfully
2026-08-03 20:41:55 [INFO]: Page loaded successfully
2026-08-03 20:41:55 [ERROR]: [RESPONSE ERROR] 401 - Unauthorized
2026-08-03 20:41:55 [HTTP]: [REQUEST] GET /users?page=1
2026-08-03 20:41:57 [ERROR]: [RESPONSE ERROR] 401 - Unauthorized
2026-08-03 20:41:57 [HTTP]: [REQUEST] GET /users/2
2026-08-03 20:41:58 [HTTP]: [REQUEST] POST /users
2026-08-03 20:41:58 [DEBUG]: [REQUEST BODY] {"name":"John Doe","job":"QA Engineer"}
2026-08-03 20:42:00 [ERROR]: [RESPONSE ERROR] 401 - Unauthorized
2026-08-03 20:42:00 [HTTP]: [REQUEST] GET /users?page=1
2026-08-03 20:42:00 [INFO]: Navigating to https://www.saucedemo.com
2026-08-03 20:42:01 [ERROR]: [RESPONSE ERROR] 401 - Unauthorized
2026-08-03 20:42:02 [HTTP]: [REQUEST] GET /users/2
2026-08-03 20:42:03 [HTTP]: [REQUEST] POST /users
2026-08-03 20:42:03 [DEBUG]: [REQUEST BODY] {"name":"John Doe","job":"QA Engineer"}
2026-08-03 20:42:03 [ERROR]: [RESPONSE ERROR] 401 - Unauthorized
2026-08-03 20:42:04 [ERROR]: [RESPONSE ERROR] 401 - Unauthorized
2026-08-03 20:42:05 [HTTP]: [REQUEST] PUT /users/2
2026-08-03 20:42:05 [DEBUG]: [REQUEST BODY] {"name":"Jane Doe","job":"Senior QA Engineer"}
2026-08-03 20:42:05 [ERROR]: [RESPONSE ERROR] 401 - Unauthorized
2026-08-03 20:42:06 [HTTP]: [REQUEST] DELETE /users/2
2026-08-03 20:42:07 [ERROR]: [RESPONSE ERROR] 401 - Unauthorized
2026-08-03 20:42:08 [HTTP]: [REQUEST] POST /users
2026-08-03 20:42:08 [DEBUG]: [REQUEST BODY] {"name":"John Doe","job":"QA Engineer"}
2026-08-03 20:42:09 [ERROR]: [RESPONSE ERROR] 401 - Unauthorized
2026-08-03 20:42:09 [INFO]: Page loaded successfully
2026-08-03 20:42:09 [INFO]: Logging in as: standard_user
2026-08-03 20:42:09 [DEBUG]: Filling text 'standard_user' in element: locator('#user-name')
2026-08-03 20:42:09 [DEBUG]: Filling text 'secret_sauce' in element: locator('#password')
2026-08-03 20:42:09 [DEBUG]: Clicking element: locator('#login-button')
2026-08-03 20:42:09 [INFO]: Page loaded successfully
2026-08-03 20:42:09 [HTTP]: [REQUEST] PUT /users/2
2026-08-03 20:42:09 [DEBUG]: [REQUEST BODY] {"name":"Jane Doe","job":"Senior QA Engineer"}
2026-08-03 20:42:10 [ERROR]: [RESPONSE ERROR] 401 - Unauthorized
2026-08-03 20:42:11 [HTTP]: [REQUEST] DELETE /users/2
2026-08-03 20:42:11 [ERROR]: [RESPONSE ERROR] 401 - Unauthorized
2026-08-03 20:42:12 [HTTP]: [REQUEST] POST /login
2026-08-03 20:42:12 [DEBUG]: [REQUEST BODY] {"email":"eve.holt@reqres.in","password":"cityslicka"}
2026-08-03 20:42:13 [ERROR]: [RESPONSE ERROR] 401 - Unauthorized
2026-08-03 20:42:13 [HTTP]: [REQUEST] PUT /users/2
2026-08-03 20:42:13 [DEBUG]: [REQUEST BODY] {"name":"Jane Doe","job":"Senior QA Engineer"}
2026-08-03 20:42:14 [ERROR]: [RESPONSE ERROR] 401 - Unauthorized
2026-08-03 20:42:16 [ERROR]: [RESPONSE ERROR] 401 - Unauthorized
2026-08-03 20:42:16 [HTTP]: [REQUEST] DELETE /users/2
2026-08-03 20:42:16 [INFO]: Navigating to https://www.saucedemo.com
2026-08-03 20:42:17 [HTTP]: [REQUEST] POST /login
2026-08-03 20:42:17 [DEBUG]: [REQUEST BODY] {"email":"eve.holt@reqres.in","password":"cityslicka"}
2026-08-03 20:42:18 [ERROR]: [RESPONSE ERROR] 401 - Unauthorized
2026-08-03 20:42:19 [INFO]: Navigating to https://opensource-demo.orangehrmlive.com
2026-08-03 20:42:20 [ERROR]: [RESPONSE ERROR] 401 - Unauthorized
2026-08-03 20:42:22 [INFO]: Navigating to https://opensource-demo.orangehrmlive.com
2026-08-03 20:42:22 [HTTP]: [REQUEST] POST /login
2026-08-03 20:42:22 [DEBUG]: [REQUEST BODY] {"email":"eve.holt@reqres.in","password":"cityslicka"}
2026-08-03 20:42:24 [INFO]: Page loaded successfully
2026-08-03 20:42:24 [INFO]: Logging in as: standard_user
2026-08-03 20:42:24 [DEBUG]: Filling text 'standard_user' in element: locator('#user-name')
2026-08-03 20:42:24 [ERROR]: [RESPONSE ERROR] 401 - Unauthorized
2026-08-03 20:42:25 [DEBUG]: Filling text 'secret_sauce' in element: locator('#password')
2026-08-03 20:42:25 [DEBUG]: Clicking element: locator('#login-button')
2026-08-03 20:42:25 [INFO]: Page loaded successfully
2026-08-03 20:42:29 [INFO]: Navigating to https://opensource-demo.orangehrmlive.com
2026-08-03 20:42:30 [INFO]: Page loaded successfully
2026-08-03 20:42:30 [INFO]: Logging in as: Admin
2026-08-03 20:42:30 [DEBUG]: Filling text 'Admin' in element: locator('input[name="username"]')
2026-08-03 20:42:31 [DEBUG]: Filling text 'admin123' in element: locator('input[name="password"]')
2026-08-03 20:42:32 [DEBUG]: Clicking element: locator('button[type="submit"]')
2026-08-03 20:42:34 [INFO]: Page loaded successfully
2026-08-03 20:42:34 [INFO]: Logging in as: invalid
2026-08-03 20:42:34 [DEBUG]: Filling text 'invalid' in element: locator('input[name="username"]')
2026-08-03 20:42:35 [DEBUG]: Filling text 'invalid' in element: locator('input[name="password"]')
2026-08-03 20:42:36 [DEBUG]: Clicking element: locator('button[type="submit"]')
2026-08-03 20:42:40 [INFO]: Page loaded successfully
2026-08-03 20:42:40 [INFO]: Navigating to https://opensource-demo.orangehrmlive.com
2026-08-03 20:42:40 [INFO]: Page loaded successfully
2026-08-03 20:42:40 [DEBUG]: Element visibility: true
2026-08-03 20:42:42 [INFO]: Page loaded successfully
2026-08-03 20:42:42 [INFO]: Page loaded successfully
2026-08-03 20:42:42 [INFO]: Logging in as: Admin
2026-08-03 20:42:42 [DEBUG]: Filling text 'Admin' in element: locator('input[name="username"]')
2026-08-03 20:42:43 [DEBUG]: Filling text 'admin123' in element: locator('input[name="password"]')
2026-08-03 20:42:43 [INFO]: Navigating to https://www.saucedemo.com
2026-08-03 20:42:44 [DEBUG]: Clicking element: locator('button[type="submit"]')
2026-08-03 20:42:44 [DEBUG]: Element visibility: true
2026-08-03 20:42:44 [DEBUG]: Text content: Dashboard
2026-08-03 20:42:44 [INFO]: Page loaded successfully
2026-08-03 20:42:44 [INFO]: Logging out
2026-08-03 20:42:44 [DEBUG]: Clicking element: locator('.oxd-userdropdown-tab')
2026-08-03 20:42:45 [HTTP]: [REQUEST] GET /users?page=1
2026-08-03 20:42:47 [ERROR]: [RESPONSE ERROR] 401 - Unauthorized
2026-08-03 20:42:48 [DEBUG]: Clicking element: locator('a[href="/web/index.php/auth/logout"]')
2026-08-03 20:42:49 [HTTP]: [REQUEST] GET /users/2
2026-08-03 20:42:50 [HTTP]: [REQUEST] GET /users?page=1
2026-08-03 20:42:51 [INFO]: Page loaded successfully
2026-08-03 20:42:52 [ERROR]: [RESPONSE ERROR] 401 - Unauthorized
2026-08-03 20:42:52 [ERROR]: [RESPONSE ERROR] 401 - Unauthorized
2026-08-03 20:42:54 [HTTP]: [REQUEST] POST /users
2026-08-03 20:42:54 [DEBUG]: [REQUEST BODY] {"name":"John Doe","job":"QA Engineer"}
2026-08-03 20:42:54 [HTTP]: [REQUEST] GET /users/2
2026-08-03 20:42:54 [HTTP]: [REQUEST] GET /users?page=1
2026-08-03 20:42:56 [INFO]: Page loaded successfully
2026-08-03 20:42:56 [INFO]: Logging in as: standard_user
2026-08-03 20:42:56 [DEBUG]: Filling text 'standard_user' in element: locator('#user-name')
2026-08-03 20:42:56 [DEBUG]: Filling text 'secret_sauce' in element: locator('#password')
2026-08-03 20:42:56 [DEBUG]: Clicking element: locator('#login-button')
2026-08-03 20:42:57 [INFO]: Page loaded successfully
2026-08-03 20:42:57 [ERROR]: [RESPONSE ERROR] 401 - Unauthorized
2026-08-03 20:42:57 [ERROR]: [RESPONSE ERROR] 401 - Unauthorized
2026-08-03 20:42:57 [ERROR]: [RESPONSE ERROR] 401 - Unauthorized
2026-08-03 20:43:00 [HTTP]: [REQUEST] GET /users/2
2026-08-03 20:43:00 [HTTP]: [REQUEST] POST /users
2026-08-03 20:43:00 [DEBUG]: [REQUEST BODY] {"name":"John Doe","job":"QA Engineer"}
2026-08-03 20:43:00 [HTTP]: [REQUEST] PUT /users/2
2026-08-03 20:43:00 [DEBUG]: [REQUEST BODY] {"name":"Jane Doe","job":"Senior QA Engineer"}
2026-08-03 20:43:02 [INFO]: Navigating to https://www.saucedemo.com
2026-08-03 20:43:02 [ERROR]: [RESPONSE ERROR] 401 - Unauthorized
2026-08-03 20:43:02 [ERROR]: [RESPONSE ERROR] 401 - Unauthorized
2026-08-03 20:43:03 [ERROR]: [RESPONSE ERROR] 401 - Unauthorized
2026-08-03 20:43:05 [HTTP]: [REQUEST] DELETE /users/2
2026-08-03 20:43:05 [HTTP]: [REQUEST] POST /users
2026-08-03 20:43:05 [DEBUG]: [REQUEST BODY] {"name":"John Doe","job":"QA Engineer"}
2026-08-03 20:43:05 [HTTP]: [REQUEST] PUT /users/2
2026-08-03 20:43:05 [DEBUG]: [REQUEST BODY] {"name":"Jane Doe","job":"Senior QA Engineer"}
2026-08-03 20:43:07 [ERROR]: [RESPONSE ERROR] 401 - Unauthorized
2026-08-03 20:43:07 [ERROR]: [RESPONSE ERROR] 401 - Unauthorized
2026-08-03 20:43:07 [ERROR]: [RESPONSE ERROR] 401 - Unauthorized
2026-08-03 20:43:09 [HTTP]: [REQUEST] DELETE /users/2
2026-08-03 20:43:10 [HTTP]: [REQUEST] POST /login
2026-08-03 20:43:10 [DEBUG]: [REQUEST BODY] {"email":"eve.holt@reqres.in","password":"cityslicka"}
2026-08-03 20:43:10 [HTTP]: [REQUEST] PUT /users/2
2026-08-03 20:43:10 [DEBUG]: [REQUEST BODY] {"name":"Jane Doe","job":"Senior QA Engineer"}
2026-08-03 20:43:12 [ERROR]: [RESPONSE ERROR] 401 - Unauthorized
2026-08-03 20:43:12 [ERROR]: [RESPONSE ERROR] 401 - Unauthorized
2026-08-03 20:43:13 [ERROR]: [RESPONSE ERROR] 401 - Unauthorized
2026-08-03 20:43:14 [HTTP]: [REQUEST] POST /login
2026-08-03 20:43:14 [DEBUG]: [REQUEST BODY] {"email":"eve.holt@reqres.in","password":"cityslicka"}
2026-08-03 20:43:15 [INFO]: Page loaded successfully
2026-08-03 20:43:15 [INFO]: Logging in as: standard_user
2026-08-03 20:43:15 [DEBUG]: Filling text 'standard_user' in element: locator('#user-name')
2026-08-03 20:43:15 [HTTP]: [REQUEST] DELETE /users/2
2026-08-03 20:43:15 [DEBUG]: Filling text 'secret_sauce' in element: locator('#password')
2026-08-03 20:43:16 [DEBUG]: Clicking element: locator('#login-button')
2026-08-03 20:43:16 [INFO]: Navigating to https://opensource-demo.orangehrmlive.com
2026-08-03 20:43:17 [INFO]: Page loaded successfully
2026-08-03 20:43:17 [ERROR]: [RESPONSE ERROR] 401 - Unauthorized
2026-08-03 20:43:19 [ERROR]: [RESPONSE ERROR] 401 - Unauthorized
2026-08-03 20:43:19 [HTTP]: [REQUEST] POST /login
2026-08-03 20:43:19 [DEBUG]: [REQUEST BODY] {"email":"eve.holt@reqres.in","password":"cityslicka"}
2026-08-03 20:43:22 [ERROR]: [RESPONSE ERROR] 401 - Unauthorized
2026-08-03 20:43:23 [INFO]: Navigating to https://www.saucedemo.com
2026-08-03 20:43:23 [INFO]: Navigating to https://opensource-demo.orangehrmlive.com
2026-08-03 20:43:25 [INFO]: Page loaded successfully
2026-08-03 20:43:25 [INFO]: Logging in as: Admin
2026-08-03 20:43:25 [DEBUG]: Filling text 'Admin' in element: locator('input[name="username"]')
2026-08-03 20:43:25 [DEBUG]: Filling text 'admin123' in element: locator('input[name="password"]')
2026-08-03 20:43:25 [DEBUG]: Clicking element: locator('button[type="submit"]')
2026-08-03 20:43:27 [INFO]: Navigating to https://opensource-demo.orangehrmlive.com
2026-08-03 20:43:32 [INFO]: Page loaded successfully
2026-08-03 20:43:32 [INFO]: Logging in as: invalid
2026-08-03 20:43:32 [DEBUG]: Filling text 'invalid' in element: locator('input[name="username"]')
2026-08-03 20:43:32 [DEBUG]: Filling text 'invalid' in element: locator('input[name="password"]')
2026-08-03 20:43:32 [DEBUG]: Clicking element: locator('button[type="submit"]')
2026-08-03 20:43:34 [INFO]: Page loaded successfully
2026-08-03 20:43:34 [DEBUG]: Element visibility: true
2026-08-03 20:43:36 [INFO]: Page loaded successfully
2026-08-03 20:43:36 [INFO]: Logging in as: standard_user
2026-08-03 20:43:36 [DEBUG]: Filling text 'standard_user' in element: locator('#user-name')
2026-08-03 20:43:36 [INFO]: Page loaded successfully
2026-08-03 20:43:36 [INFO]: Navigating to https://opensource-demo.orangehrmlive.com
2026-08-03 20:43:36 [INFO]: Page loaded successfully
2026-08-03 20:43:36 [DEBUG]: Element visibility: true
2026-08-03 20:43:37 [DEBUG]: Text content: Dashboard
2026-08-03 20:43:37 [DEBUG]: Filling text 'secret_sauce' in element: locator('#password')
2026-08-03 20:43:37 [INFO]: Page loaded successfully
2026-08-03 20:43:37 [INFO]: Logging in as: Admin
2026-08-03 20:43:37 [DEBUG]: Filling text 'Admin' in element: locator('input[name="username"]')
2026-08-03 20:43:37 [DEBUG]: Filling text 'admin123' in element: locator('input[name="password"]')
2026-08-03 20:43:37 [DEBUG]: Clicking element: locator('button[type="submit"]')
2026-08-03 20:43:38 [INFO]: Page loaded successfully
2026-08-03 20:43:38 [INFO]: Logging out
2026-08-03 20:43:38 [DEBUG]: Clicking element: locator('.oxd-userdropdown-tab')
2026-08-03 20:43:38 [DEBUG]: Clicking element: locator('#login-button')
2026-08-03 20:43:39 [INFO]: Page loaded successfully
2026-08-03 20:43:39 [INFO]: Navigating to https://www.saucedemo.com
2026-08-03 20:43:39 [DEBUG]: Clicking element: locator('a[href="/web/index.php/auth/logout"]')
2026-08-03 20:43:42 [INFO]: Page loaded successfully
2026-08-03 20:43:46 [HTTP]: [REQUEST] GET /users?page=1
2026-08-03 20:43:47 [HTTP]: [REQUEST] GET /users/2
2026-08-03 20:43:49 [ERROR]: [RESPONSE ERROR] 401 - Unauthorized
2026-08-03 20:43:49 [INFO]: Page loaded successfully
2026-08-03 20:43:49 [INFO]: Logging in as: standard_user
2026-08-03 20:43:49 [DEBUG]: Filling text 'standard_user' in element: locator('#user-name')
2026-08-03 20:43:49 [DEBUG]: Filling text 'secret_sauce' in element: locator('#password')
2026-08-03 20:43:49 [ERROR]: [RESPONSE ERROR] 401 - Unauthorized
2026-08-03 20:43:49 [DEBUG]: Clicking element: locator('#login-button')
2026-08-03 20:43:50 [INFO]: Page loaded successfully
2026-08-03 20:43:52 [HTTP]: [REQUEST] GET /users?page=1
2026-08-03 20:43:53 [HTTP]: [REQUEST] GET /users/2
2026-08-03 20:43:55 [ERROR]: [RESPONSE ERROR] 401 - Unauthorized
2026-08-03 20:43:55 [HTTP]: [REQUEST] POST /users
2026-08-03 20:43:55 [DEBUG]: [REQUEST BODY] {"name":"John Doe","job":"QA Engineer"}
2026-08-03 20:43:55 [ERROR]: [RESPONSE ERROR] 401 - Unauthorized
2026-08-03 20:43:57 [INFO]: Navigating to https://www.saucedemo.com
2026-08-03 20:43:57 [HTTP]: [REQUEST] GET /users?page=1
2026-08-03 20:43:57 [ERROR]: [RESPONSE ERROR] 401 - Unauthorized
2026-08-03 20:43:58 [HTTP]: [REQUEST] GET /users/2
2026-08-03 20:44:00 [HTTP]: [REQUEST] POST /users
2026-08-03 20:44:00 [DEBUG]: [REQUEST BODY] {"name":"John Doe","job":"QA Engineer"}
2026-08-03 20:44:00 [ERROR]: [RESPONSE ERROR] 401 - Unauthorized
2026-08-03 20:44:00 [ERROR]: [RESPONSE ERROR] 401 - Unauthorized
2026-08-03 20:44:02 [HTTP]: [REQUEST] PUT /users/2
2026-08-03 20:44:02 [DEBUG]: [REQUEST BODY] {"name":"Jane Doe","job":"Senior QA Engineer"}
2026-08-03 20:44:02 [ERROR]: [RESPONSE ERROR] 401 - Unauthorized
2026-08-03 20:44:02 [HTTP]: [REQUEST] DELETE /users/2
2026-08-03 20:44:04 [HTTP]: [REQUEST] POST /users
2026-08-03 20:44:04 [DEBUG]: [REQUEST BODY] {"name":"John Doe","job":"QA Engineer"}
2026-08-03 20:44:04 [ERROR]: [RESPONSE ERROR] 401 - Unauthorized
2026-08-03 20:44:05 [INFO]: Page loaded successfully
2026-08-03 20:44:05 [INFO]: Logging in as: standard_user
2026-08-03 20:44:05 [DEBUG]: Filling text 'standard_user' in element: locator('#user-name')
2026-08-03 20:44:05 [ERROR]: [RESPONSE ERROR] 401 - Unauthorized
2026-08-03 20:44:05 [DEBUG]: Filling text 'secret_sauce' in element: locator('#password')
2026-08-03 20:44:05 [DEBUG]: Clicking element: locator('#login-button')
2026-08-03 20:44:05 [INFO]: Page loaded successfully
2026-08-03 20:44:06 [ERROR]: [RESPONSE ERROR] 401 - Unauthorized
2026-08-03 20:44:07 [HTTP]: [REQUEST] PUT /users/2
2026-08-03 20:44:07 [DEBUG]: [REQUEST BODY] {"name":"Jane Doe","job":"Senior QA Engineer"}
2026-08-03 20:44:08 [HTTP]: [REQUEST] DELETE /users/2
2026-08-03 20:44:08 [HTTP]: [REQUEST] POST /login
2026-08-03 20:44:08 [DEBUG]: [REQUEST BODY] {"email":"eve.holt@reqres.in","password":"cityslicka"}
2026-08-03 20:44:09 [ERROR]: [RESPONSE ERROR] 401 - Unauthorized
2026-08-03 20:44:10 [ERROR]: [RESPONSE ERROR] 401 - Unauthorized
2026-08-03 20:44:10 [INFO]: Navigating to https://www.saucedemo.com
2026-08-03 20:44:11 [ERROR]: [RESPONSE ERROR] 401 - Unauthorized
2026-08-03 20:44:12 [HTTP]: [REQUEST] PUT /users/2
2026-08-03 20:44:12 [DEBUG]: [REQUEST BODY] {"name":"Jane Doe","job":"Senior QA Engineer"}
2026-08-03 20:44:12 [HTTP]: [REQUEST] DELETE /users/2
2026-08-03 20:44:13 [HTTP]: [REQUEST] POST /login
2026-08-03 20:44:13 [DEBUG]: [REQUEST BODY] {"email":"eve.holt@reqres.in","password":"cityslicka"}
2026-08-03 20:44:14 [ERROR]: [RESPONSE ERROR] 401 - Unauthorized
2026-08-03 20:44:15 [ERROR]: [RESPONSE ERROR] 401 - Unauthorized
2026-08-03 20:44:15 [ERROR]: [RESPONSE ERROR] 401 - Unauthorized
2026-08-03 20:44:17 [HTTP]: [REQUEST] POST /login
2026-08-03 20:44:17 [DEBUG]: [REQUEST BODY] {"email":"eve.holt@reqres.in","password":"cityslicka"}
2026-08-03 20:44:19 [INFO]: Page loaded successfully
2026-08-03 20:44:19 [INFO]: Logging in as: standard_user
2026-08-03 20:44:19 [DEBUG]: Filling text 'standard_user' in element: locator('#user-name')
2026-08-03 20:44:19 [DEBUG]: Filling text 'secret_sauce' in element: locator('#password')
2026-08-03 20:44:19 [DEBUG]: Clicking element: locator('#login-button')
2026-08-03 20:44:19 [INFO]: Page loaded successfully
2026-08-03 20:44:19 [ERROR]: [RESPONSE ERROR] 401 - Unauthorized
2026-08-03 20:47:14 [INFO]: Navigating to https://opensource-demo.orangehrmlive.com
2026-08-03 20:47:15 [INFO]: Navigating to https://www.saucedemo.com
2026-08-03 20:47:16 [INFO]: Navigating to https://opensource-demo.orangehrmlive.com
2026-08-03 20:47:16 [INFO]: Navigating to https://opensource-demo.orangehrmlive.com
2026-08-03 20:47:23 [INFO]: Page loaded successfully
2026-08-03 20:47:23 [INFO]: Logging in as: standard_user
2026-08-03 20:47:23 [DEBUG]: Filling text 'standard_user' in element: locator('#user-name')
2026-08-03 20:47:23 [DEBUG]: Filling text 'secret_sauce' in element: locator('#password')
2026-08-03 20:47:23 [DEBUG]: Clicking element: locator('#login-button')
2026-08-03 20:47:24 [INFO]: Page loaded successfully
2026-08-03 20:47:24 [DEBUG]: Element visibility: true
2026-08-03 20:47:24 [INFO]: Adding product to cart: Sauce Labs Backpack
2026-08-03 20:47:24 [DEBUG]: Clicking element: locator('#add-to-cart-sauce-labs-backpack')
2026-08-03 20:47:24 [INFO]: Adding product to cart: Sauce Labs Bike Light
2026-08-03 20:47:24 [DEBUG]: Clicking element: locator('#add-to-cart-sauce-labs-bike-light')
2026-08-03 20:47:25 [DEBUG]: Element visibility: true
2026-08-03 20:47:25 [DEBUG]: Text content: 2
2026-08-03 20:47:25 [DEBUG]: Clicking element: locator('.shopping_cart_link')
2026-08-03 20:47:25 [DEBUG]: Element count: 2
2026-08-03 20:47:25 [INFO]: Removing item from cart: Sauce Labs Bike Light
2026-08-03 20:47:25 [DEBUG]: Clicking element: locator('#remove-sauce-labs-bike-light')
2026-08-03 20:47:25 [DEBUG]: Element count: 1
2026-08-03 20:47:25 [DEBUG]: Clicking element: locator('#checkout')
2026-08-03 20:47:25 [INFO]: Filling checkout information
2026-08-03 20:47:25 [DEBUG]: Filling text 'John' in element: locator('#first-name')
2026-08-03 20:47:25 [DEBUG]: Filling text 'Doe' in element: locator('#last-name')
2026-08-03 20:47:26 [DEBUG]: Filling text '12345' in element: locator('#postal-code')
2026-08-03 20:47:27 [DEBUG]: Clicking element: locator('#continue')
2026-08-03 20:47:27 [INFO]: Page loaded successfully
2026-08-03 20:47:27 [DEBUG]: Clicking element: locator('#finish')
2026-08-03 20:47:28 [INFO]: Page loaded successfully
2026-08-03 20:47:28 [DEBUG]: Current URL: https://www.saucedemo.com/checkout-complete.html
2026-08-03 20:47:30 [INFO]: Page loaded successfully
2026-08-03 20:47:30 [INFO]: Logging in as: Admin
2026-08-03 20:47:30 [DEBUG]: Filling text 'Admin' in element: locator('input[name="username"]')
2026-08-03 20:47:31 [INFO]: Page loaded successfully
2026-08-03 20:47:31 [INFO]: Navigating to https://opensource-demo.orangehrmlive.com
2026-08-03 20:47:31 [INFO]: Page loaded successfully
2026-08-03 20:47:31 [INFO]: Logging in as: invalid
2026-08-03 20:47:31 [DEBUG]: Filling text 'invalid' in element: locator('input[name="username"]')
2026-08-03 20:47:34 [DEBUG]: Filling text 'admin123' in element: locator('input[name="password"]')
2026-08-03 20:47:34 [DEBUG]: Filling text 'invalid' in element: locator('input[name="password"]')
2026-08-03 20:47:34 [INFO]: Page loaded successfully
2026-08-03 20:47:34 [INFO]: Logging in as: Admin
2026-08-03 20:47:34 [DEBUG]: Filling text 'Admin' in element: locator('input[name="username"]')
2026-08-03 20:47:35 [DEBUG]: Filling text 'admin123' in element: locator('input[name="password"]')
2026-08-03 20:47:34 [DEBUG]: Clicking element: locator('button[type="submit"]')
2026-08-03 20:47:35 [DEBUG]: Clicking element: locator('button[type="submit"]')
2026-08-03 20:47:35 [DEBUG]: Clicking element: locator('button[type="submit"]')
2026-08-03 20:47:35 [INFO]: Navigating to https://www.saucedemo.com
2026-08-03 20:47:37 [INFO]: Page loaded successfully
2026-08-03 20:47:38 [DEBUG]: Element visibility: true
2026-08-03 20:47:39 [INFO]: Page loaded successfully
2026-08-03 20:47:40 [DEBUG]: Element visibility: true
2026-08-03 20:47:41 [DEBUG]: Text content: Dashboard
2026-08-03 20:47:45 [INFO]: Page loaded successfully
2026-08-03 20:47:45 [INFO]: Logging in as: standard_user
2026-08-03 20:47:45 [DEBUG]: Filling text 'standard_user' in element: locator('#user-name')
2026-08-03 20:47:46 [DEBUG]: Filling text 'secret_sauce' in element: locator('#password')
2026-08-03 20:47:46 [DEBUG]: Clicking element: locator('#login-button')
2026-08-03 20:47:46 [INFO]: Page loaded successfully
2026-08-03 20:47:46 [INFO]: Adding product to cart: Sauce Labs Backpack
2026-08-03 20:47:46 [DEBUG]: Clicking element: locator('#add-to-cart-sauce-labs-backpack')
2026-08-03 20:47:46 [DEBUG]: Element visibility: true
2026-08-03 20:47:46 [DEBUG]: Text content: 1
2026-08-03 20:47:46 [INFO]: Removing product from cart: Sauce Labs Backpack
2026-08-03 20:47:46 [DEBUG]: Clicking element: locator('#remove-sauce-labs-backpack')
2026-08-03 20:47:47 [DEBUG]: Element visibility: false
2026-08-03 20:47:48 [INFO]: Page loaded successfully
2026-08-03 20:47:48 [INFO]: Logging out
2026-08-03 20:47:48 [DEBUG]: Clicking element: locator('.oxd-userdropdown-tab')
2026-08-03 20:47:49 [DEBUG]: Clicking element: locator('a[href="/web/index.php/auth/logout"]')
2026-08-03 20:47:51 [INFO]: Page loaded successfully
2026-08-03 20:48:14 [INFO]: Navigating to https://opensource-demo.orangehrmlive.com
2026-08-03 20:48:14 [INFO]: Navigating to https://www.saucedemo.com
2026-08-03 20:48:14 [INFO]: Navigating to https://opensource-demo.orangehrmlive.com
2026-08-03 20:48:16 [INFO]: Navigating to https://opensource-demo.orangehrmlive.com
2026-08-03 20:48:23 [INFO]: Page loaded successfully
2026-08-03 20:48:23 [INFO]: Logging in as: standard_user
2026-08-03 20:48:23 [DEBUG]: Filling text 'standard_user' in element: locator('#user-name')
2026-08-03 20:48:23 [INFO]: Page loaded successfully
2026-08-03 20:48:23 [INFO]: Page loaded successfully
2026-08-03 20:48:23 [INFO]: Logging in as: Admin
2026-08-03 20:48:23 [DEBUG]: Filling text 'Admin' in element: locator('input[name="username"]')
2026-08-03 20:48:23 [INFO]: Navigating to https://opensource-demo.orangehrmlive.com
2026-08-03 20:48:23 [DEBUG]: Filling text 'secret_sauce' in element: locator('#password')
2026-08-03 20:48:24 [DEBUG]: Clicking element: locator('#login-button')
2026-08-03 20:48:25 [DEBUG]: Filling text 'admin123' in element: locator('input[name="password"]')
2026-08-03 20:48:26 [DEBUG]: Clicking element: locator('button[type="submit"]')
2026-08-03 20:48:26 [INFO]: Page loaded successfully
2026-08-03 20:48:26 [INFO]: Logging in as: Admin
2026-08-03 20:48:26 [DEBUG]: Filling text 'Admin' in element: locator('input[name="username"]')
2026-08-03 20:48:26 [INFO]: Page loaded successfully
2026-08-03 20:48:26 [DEBUG]: Element visibility: true
2026-08-03 20:48:26 [INFO]: Adding product to cart: Sauce Labs Backpack
2026-08-03 20:48:26 [DEBUG]: Clicking element: locator('#add-to-cart-sauce-labs-backpack')
2026-08-03 20:48:27 [INFO]: Adding product to cart: Sauce Labs Bike Light
2026-08-03 20:48:27 [DEBUG]: Clicking element: locator('#add-to-cart-sauce-labs-bike-light')
2026-08-03 20:48:27 [DEBUG]: Element visibility: true
2026-08-03 20:48:27 [DEBUG]: Text content: 2
2026-08-03 20:48:27 [DEBUG]: Clicking element: locator('.shopping_cart_link')
2026-08-03 20:48:27 [DEBUG]: Filling text 'admin123' in element: locator('input[name="password"]')
2026-08-03 20:48:27 [DEBUG]: Clicking element: locator('button[type="submit"]')
2026-08-03 20:48:29 [INFO]: Page loaded successfully
2026-08-03 20:48:29 [INFO]: Logging in as: invalid
2026-08-03 20:48:29 [DEBUG]: Filling text 'invalid' in element: locator('input[name="username"]')
2026-08-03 20:48:31 [DEBUG]: Filling text 'invalid' in element: locator('input[name="password"]')
2026-08-03 20:48:31 [DEBUG]: Clicking element: locator('button[type="submit"]')
2026-08-03 20:48:31 [DEBUG]: Element count: 2
2026-08-03 20:48:31 [INFO]: Removing item from cart: Sauce Labs Bike Light
2026-08-03 20:48:31 [DEBUG]: Clicking element: locator('#remove-sauce-labs-bike-light')
2026-08-03 20:48:33 [DEBUG]: Element count: 1
2026-08-03 20:48:33 [DEBUG]: Clicking element: locator('#checkout')
2026-08-03 20:48:33 [INFO]: Filling checkout information
2026-08-03 20:48:33 [DEBUG]: Filling text 'John' in element: locator('#first-name')
2026-08-03 20:48:33 [DEBUG]: Filling text 'Doe' in element: locator('#last-name')
2026-08-03 20:48:34 [DEBUG]: Filling text '12345' in element: locator('#postal-code')
2026-08-03 20:48:34 [DEBUG]: Clicking element: locator('#continue')
2026-08-03 20:48:34 [INFO]: Page loaded successfully
2026-08-03 20:48:34 [DEBUG]: Clicking element: locator('#finish')
2026-08-03 20:48:34 [INFO]: Page loaded successfully
2026-08-03 20:48:34 [DEBUG]: Current URL: https://www.saucedemo.com/checkout-complete.html
2026-08-03 20:48:34 [INFO]: Page loaded successfully
2026-08-03 20:48:35 [DEBUG]: Element visibility: true
2026-08-03 20:48:39 [INFO]: Navigating to https://www.saucedemo.com
2026-08-03 20:48:40 [INFO]: Page loaded successfully
2026-08-03 20:48:40 [INFO]: Logging out
2026-08-03 20:48:40 [DEBUG]: Clicking element: locator('.oxd-userdropdown-tab')
2026-08-03 20:48:41 [INFO]: Page loaded successfully
2026-08-03 20:48:41 [DEBUG]: Clicking element: locator('a[href="/web/index.php/auth/logout"]')
2026-08-03 20:48:41 [DEBUG]: Element visibility: true
2026-08-03 20:48:42 [DEBUG]: Text content: Dashboard
2026-08-03 20:48:46 [INFO]: Page loaded successfully
2026-08-03 20:48:51 [INFO]: Page loaded successfully
2026-08-03 20:48:51 [INFO]: Logging in as: standard_user
2026-08-03 20:48:51 [DEBUG]: Filling text 'standard_user' in element: locator('#user-name')
2026-08-03 20:48:52 [DEBUG]: Filling text 'secret_sauce' in element: locator('#password')
2026-08-03 20:48:52 [DEBUG]: Clicking element: locator('#login-button')
2026-08-03 20:48:52 [INFO]: Page loaded successfully
2026-08-03 20:48:52 [INFO]: Adding product to cart: Sauce Labs Backpack
2026-08-03 20:48:52 [DEBUG]: Clicking element: locator('#add-to-cart-sauce-labs-backpack')
2026-08-03 20:48:52 [DEBUG]: Element visibility: true
2026-08-03 20:48:52 [DEBUG]: Text content: 1
2026-08-03 20:48:52 [INFO]: Removing product from cart: Sauce Labs Backpack
2026-08-03 20:48:52 [DEBUG]: Clicking element: locator('#remove-sauce-labs-backpack')
2026-08-03 20:48:52 [DEBUG]: Element visibility: false
2026-08-03 20:48:59 [INFO]: Navigating to https://opensource-demo.orangehrmlive.com
2026-08-03 20:49:02 [INFO]: Navigating to https://opensource-demo.orangehrmlive.com
2026-08-03 20:49:06 [INFO]: Navigating to https://www.saucedemo.com
2026-08-03 20:49:07 [INFO]: Navigating to https://opensource-demo.orangehrmlive.com
2026-08-03 20:49:15 [INFO]: Page loaded successfully
2026-08-03 20:49:15 [INFO]: Logging in as: standard_user
2026-08-03 20:49:15 [DEBUG]: Filling text 'standard_user' in element: locator('#user-name')
2026-08-03 20:49:15 [DEBUG]: Filling text 'secret_sauce' in element: locator('#password')
2026-08-03 20:49:15 [DEBUG]: Clicking element: locator('#login-button')
2026-08-03 20:49:15 [INFO]: Page loaded successfully
2026-08-03 20:49:15 [DEBUG]: Element visibility: true
2026-08-03 20:49:15 [INFO]: Adding product to cart: Sauce Labs Backpack
2026-08-03 20:49:15 [DEBUG]: Clicking element: locator('#add-to-cart-sauce-labs-backpack')
2026-08-03 20:49:15 [INFO]: Adding product to cart: Sauce Labs Bike Light
2026-08-03 20:49:15 [INFO]: Page loaded successfully
2026-08-03 20:49:15 [DEBUG]: Clicking element: locator('#add-to-cart-sauce-labs-bike-light')
2026-08-03 20:49:15 [INFO]: Logging in as: invalid
2026-08-03 20:49:15 [DEBUG]: Filling text 'invalid' in element: locator('input[name="username"]')
2026-08-03 20:49:16 [DEBUG]: Element visibility: true
2026-08-03 20:49:16 [DEBUG]: Text content: 2
2026-08-03 20:49:16 [INFO]: Page loaded successfully
2026-08-03 20:49:16 [DEBUG]: Clicking element: locator('.shopping_cart_link')
2026-08-03 20:49:16 [DEBUG]: Filling text 'invalid' in element: locator('input[name="password"]')
2026-08-03 20:49:16 [INFO]: Logging in as: Admin
2026-08-03 20:49:16 [DEBUG]: Filling text 'Admin' in element: locator('input[name="username"]')
2026-08-03 20:49:16 [DEBUG]: Clicking element: locator('button[type="submit"]')
2026-08-03 20:49:16 [DEBUG]: Element count: 2
2026-08-03 20:49:16 [INFO]: Removing item from cart: Sauce Labs Bike Light
2026-08-03 20:49:16 [DEBUG]: Clicking element: locator('#remove-sauce-labs-bike-light')
2026-08-03 20:49:16 [DEBUG]: Filling text 'admin123' in element: locator('input[name="password"]')
2026-08-03 20:49:16 [DEBUG]: Clicking element: locator('button[type="submit"]')
2026-08-03 20:49:16 [DEBUG]: Element count: 1
2026-08-03 20:49:16 [DEBUG]: Clicking element: locator('#checkout')
2026-08-03 20:49:16 [INFO]: Filling checkout information
2026-08-03 20:49:16 [DEBUG]: Filling text 'John' in element: locator('#first-name')
2026-08-03 20:49:16 [DEBUG]: Filling text 'Doe' in element: locator('#last-name')
2026-08-03 20:49:16 [DEBUG]: Filling text '12345' in element: locator('#postal-code')
2026-08-03 20:49:16 [DEBUG]: Clicking element: locator('#continue')
2026-08-03 20:49:16 [INFO]: Page loaded successfully
2026-08-03 20:49:16 [DEBUG]: Clicking element: locator('#finish')
2026-08-03 20:49:17 [INFO]: Page loaded successfully
2026-08-03 20:49:17 [DEBUG]: Current URL: https://www.saucedemo.com/checkout-complete.html
2026-08-03 20:49:17 [INFO]: Page loaded successfully
2026-08-03 20:49:17 [DEBUG]: Element visibility: false
2026-08-03 20:49:18 [INFO]: Page loaded successfully
2026-08-03 20:49:18 [DEBUG]: Element visibility: false
2026-08-03 20:49:19 [INFO]: Navigating to https://www.saucedemo.com
2026-08-03 20:49:22 [INFO]: Page loaded successfully
2026-08-03 20:49:22 [INFO]: Navigating to https://opensource-demo.orangehrmlive.com
2026-08-03 20:49:24 [INFO]: Page loaded successfully
2026-08-03 20:49:24 [INFO]: Logging in as: Admin
2026-08-03 20:49:24 [DEBUG]: Filling text 'Admin' in element: locator('input[name="username"]')
2026-08-03 20:49:24 [DEBUG]: Filling text 'admin123' in element: locator('input[name="password"]')
2026-08-03 20:49:25 [DEBUG]: Clicking element: locator('button[type="submit"]')
2026-08-03 20:49:26 [INFO]: Page loaded successfully
2026-08-03 20:49:26 [INFO]: Logging in as: standard_user
2026-08-03 20:49:26 [DEBUG]: Filling text 'standard_user' in element: locator('#user-name')
2026-08-03 20:49:26 [DEBUG]: Filling text 'secret_sauce' in element: locator('#password')
2026-08-03 20:49:26 [DEBUG]: Clicking element: locator('#login-button')
2026-08-03 20:49:26 [INFO]: Page loaded successfully
2026-08-03 20:49:26 [INFO]: Logging out
2026-08-03 20:49:26 [DEBUG]: Clicking element: locator('.oxd-userdropdown-tab')
2026-08-03 20:49:27 [INFO]: Page loaded successfully
2026-08-03 20:49:27 [INFO]: Adding product to cart: Sauce Labs Backpack
2026-08-03 20:49:27 [DEBUG]: Clicking element: locator('#add-to-cart-sauce-labs-backpack')
2026-08-03 20:49:27 [DEBUG]: Element visibility: true
2026-08-03 20:49:27 [DEBUG]: Text content: 1
2026-08-03 20:49:27 [INFO]: Removing product from cart: Sauce Labs Backpack
2026-08-03 20:49:27 [DEBUG]: Clicking element: locator('#remove-sauce-labs-backpack')
2026-08-03 20:49:28 [DEBUG]: Element visibility: false
2026-08-03 20:49:28 [DEBUG]: Clicking element: locator('a[href="/web/index.php/auth/logout"]')
2026-08-03 20:49:32 [INFO]: Page loaded successfully
2026-08-03 20:49:44 [INFO]: Navigating to https://opensource-demo.orangehrmlive.com
2026-08-03 20:49:52 [INFO]: Navigating to https://opensource-demo.orangehrmlive.com
2026-08-03 20:49:58 [INFO]: Page loaded successfully
2026-08-03 20:49:58 [INFO]: Logging in as: Admin
2026-08-03 20:49:58 [DEBUG]: Filling text 'Admin' in element: locator('input[name="username"]')
2026-08-03 20:49:59 [INFO]: Navigating to https://opensource-demo.orangehrmlive.com
2026-08-03 20:50:00 [DEBUG]: Filling text 'admin123' in element: locator('input[name="password"]')
2026-08-03 20:50:01 [DEBUG]: Clicking element: locator('button[type="submit"]')
2026-08-03 20:50:02 [INFO]: Page loaded successfully
2026-08-03 20:50:03 [DEBUG]: Element visibility: false
2026-08-03 20:50:11 [INFO]: Navigating to https://opensource-demo.orangehrmlive.com
2026-08-03 20:50:12 [INFO]: Navigating to https://opensource-demo.orangehrmlive.com
2026-08-03 20:50:12 [INFO]: Page loaded successfully
2026-08-03 20:50:12 [INFO]: Logging in as: invalid
2026-08-03 20:50:12 [DEBUG]: Filling text 'invalid' in element: locator('input[name="username"]')
2026-08-03 20:50:14 [DEBUG]: Filling text 'invalid' in element: locator('input[name="password"]')
2026-08-03 20:50:15 [DEBUG]: Clicking element: locator('button[type="submit"]')
2026-08-03 20:50:17 [INFO]: Page loaded successfully
2026-08-03 20:50:17 [DEBUG]: Element visibility: false
2026-08-03 20:50:24 [INFO]: Page loaded successfully
2026-08-03 20:50:24 [INFO]: Logging in as: Admin
2026-08-03 20:50:24 [DEBUG]: Filling text 'Admin' in element: locator('input[name="username"]')
2026-08-03 20:50:24 [DEBUG]: Filling text 'admin123' in element: locator('input[name="password"]')
2026-08-03 20:50:25 [DEBUG]: Clicking element: locator('button[type="submit"]')
2026-08-03 20:50:25 [INFO]: Page loaded successfully
2026-08-03 20:50:25 [DEBUG]: Element visibility: false
2026-08-03 20:50:26 [INFO]: Page loaded successfully
2026-08-03 20:50:26 [INFO]: Logging in as: invalid
2026-08-03 20:50:26 [DEBUG]: Filling text 'invalid' in element: locator('input[name="username"]')
2026-08-03 20:50:30 [INFO]: Navigating to https://opensource-demo.orangehrmlive.com
2026-08-03 20:50:30 [DEBUG]: Filling text 'invalid' in element: locator('input[name="password"]')
2026-08-03 20:50:30 [DEBUG]: Clicking element: locator('button[type="submit"]')
2026-08-03 20:50:32 [INFO]: Page loaded successfully
2026-08-03 20:50:32 [INFO]: Logging in as: Admin
2026-08-03 20:50:32 [DEBUG]: Filling text 'Admin' in element: locator('input[name="username"]')
2026-08-03 20:50:32 [DEBUG]: Filling text 'admin123' in element: locator('input[name="password"]')
2026-08-03 20:50:32 [DEBUG]: Clicking element: locator('button[type="submit"]')
2026-08-03 20:50:34 [INFO]: Page loaded successfully
2026-08-03 20:50:34 [INFO]: Navigating to https://opensource-demo.orangehrmlive.com
2026-08-03 20:50:34 [DEBUG]: Element visibility: false
2026-08-03 20:50:34 [INFO]: Page loaded successfully
2026-08-03 20:50:35 [DEBUG]: Element visibility: false
2026-08-03 20:50:41 [INFO]: Page loaded successfully
2026-08-03 20:50:41 [INFO]: Logging in as: invalid
2026-08-03 20:50:41 [DEBUG]: Filling text 'invalid' in element: locator('input[name="username"]')
2026-08-03 20:50:41 [DEBUG]: Filling text 'invalid' in element: locator('input[name="password"]')
2026-08-03 20:50:41 [DEBUG]: Clicking element: locator('button[type="submit"]')
2026-08-03 20:50:42 [INFO]: Page loaded successfully
2026-08-03 20:50:42 [DEBUG]: Element visibility: false
2026-08-03 20:50:45 [INFO]: Page loaded successfully
2026-08-03 20:50:45 [INFO]: Logging in as: Admin
2026-08-03 20:50:45 [DEBUG]: Filling text 'Admin' in element: locator('input[name="username"]')
2026-08-03 20:50:45 [DEBUG]: Filling text 'admin123' in element: locator('input[name="password"]')
2026-08-03 20:50:46 [DEBUG]: Clicking element: locator('button[type="submit"]')
2026-08-03 20:50:46 [INFO]: Page loaded successfully
2026-08-03 20:50:46 [DEBUG]: Element visibility: false
2026-08-03 20:50:50 [INFO]: Navigating to https://opensource-demo.orangehrmlive.com
2026-08-03 20:50:50 [INFO]: Navigating to https://opensource-demo.orangehrmlive.com
2026-08-03 20:50:52 [INFO]: Navigating to https://opensource-demo.orangehrmlive.com
2026-08-03 20:50:55 [INFO]: Navigating to https://opensource-demo.orangehrmlive.com
2026-08-03 20:51:03 [INFO]: Page loaded successfully
2026-08-03 20:51:03 [INFO]: Logging in as: invalid
2026-08-03 20:51:03 [DEBUG]: Filling text 'invalid' in element: locator('input[name="username"]')
2026-08-03 20:51:03 [DEBUG]: Filling text 'invalid' in element: locator('input[name="password"]')
2026-08-03 20:51:03 [DEBUG]: Clicking element: locator('button[type="submit"]')
2026-08-03 20:51:06 [INFO]: Page loaded successfully
2026-08-03 20:51:06 [DEBUG]: Element visibility: true
2026-08-03 20:51:08 [INFO]: Navigating to https://www.saucedemo.com
2026-08-03 20:51:10 [INFO]: Page loaded successfully
2026-08-03 20:51:10 [INFO]: Logging in as: Admin
2026-08-03 20:51:10 [DEBUG]: Filling text 'Admin' in element: locator('input[name="username"]')
2026-08-03 20:51:10 [DEBUG]: Filling text 'admin123' in element: locator('input[name="password"]')
2026-08-03 20:51:10 [DEBUG]: Clicking element: locator('button[type="submit"]')
2026-08-03 20:51:11 [INFO]: Page loaded successfully
2026-08-03 20:51:11 [INFO]: Navigating to https://opensource-demo.orangehrmlive.com
2026-08-03 20:51:12 [INFO]: Page loaded successfully
2026-08-03 20:51:12 [DEBUG]: Element visibility: false
2026-08-03 20:51:12 [INFO]: Page loaded successfully
2026-08-03 20:51:12 [INFO]: Logging in as: invalid
2026-08-03 20:51:12 [DEBUG]: Filling text 'invalid' in element: locator('input[name="username"]')
2026-08-03 20:51:12 [DEBUG]: Filling text 'invalid' in element: locator('input[name="password"]')
2026-08-03 20:51:12 [DEBUG]: Clicking element: locator('button[type="submit"]')
2026-08-03 20:51:13 [INFO]: Page loaded successfully
2026-08-03 20:51:13 [INFO]: Logging in as: Admin
2026-08-03 20:51:13 [DEBUG]: Filling text 'Admin' in element: locator('input[name="username"]')
2026-08-03 20:51:14 [DEBUG]: Filling text 'admin123' in element: locator('input[name="password"]')
2026-08-03 20:51:14 [DEBUG]: Clicking element: locator('button[type="submit"]')
2026-08-03 20:51:14 [INFO]: Page loaded successfully
2026-08-03 20:51:14 [INFO]: Logging out
2026-08-03 20:51:14 [DEBUG]: Clicking element: locator('.oxd-userdropdown-tab')
2026-08-03 20:51:15 [INFO]: Page loaded successfully
2026-08-03 20:51:15 [DEBUG]: Element visibility: true
2026-08-03 20:51:17 [DEBUG]: Clicking element: locator('a[href="/web/index.php/auth/logout"]')
2026-08-03 20:51:20 [INFO]: Navigating to https://opensource-demo.orangehrmlive.com
2026-08-03 20:51:21 [INFO]: Page loaded successfully
2026-08-03 20:51:21 [INFO]: Navigating to https://www.saucedemo.com
2026-08-03 20:51:21 [INFO]: Page loaded successfully
2026-08-03 20:51:21 [INFO]: Logging in as: standard_user
2026-08-03 20:51:21 [DEBUG]: Filling text 'standard_user' in element: locator('#user-name')
2026-08-03 20:51:22 [DEBUG]: Filling text 'secret_sauce' in element: locator('#password')
2026-08-03 20:51:22 [DEBUG]: Clicking element: locator('#login-button')
2026-08-03 20:51:22 [INFO]: Page loaded successfully
2026-08-03 20:51:22 [DEBUG]: Element visibility: true
2026-08-03 20:51:22 [INFO]: Adding product to cart: Sauce Labs Backpack
2026-08-03 20:51:22 [DEBUG]: Clicking element: locator('#add-to-cart-sauce-labs-backpack')
2026-08-03 20:51:23 [INFO]: Adding product to cart: Sauce Labs Bike Light
2026-08-03 20:51:23 [DEBUG]: Clicking element: locator('#add-to-cart-sauce-labs-bike-light')
2026-08-03 20:51:23 [DEBUG]: Element visibility: true
2026-08-03 20:51:23 [DEBUG]: Text content: 2
2026-08-03 20:51:23 [DEBUG]: Clicking element: locator('.shopping_cart_link')
2026-08-03 20:51:24 [DEBUG]: Element count: 2
2026-08-03 20:51:24 [INFO]: Removing item from cart: Sauce Labs Bike Light
2026-08-03 20:51:24 [DEBUG]: Clicking element: locator('#remove-sauce-labs-bike-light')
2026-08-03 20:51:24 [DEBUG]: Element count: 1
2026-08-03 20:51:24 [DEBUG]: Clicking element: locator('#checkout')
2026-08-03 20:51:24 [INFO]: Filling checkout information
2026-08-03 20:51:24 [DEBUG]: Filling text 'John' in element: locator('#first-name')
2026-08-03 20:51:25 [DEBUG]: Filling text 'Doe' in element: locator('#last-name')
2026-08-03 20:51:25 [DEBUG]: Filling text '12345' in element: locator('#postal-code')
2026-08-03 20:51:26 [DEBUG]: Clicking element: locator('#continue')
2026-08-03 20:51:26 [INFO]: Navigating to https://opensource-demo.orangehrmlive.com
2026-08-03 20:51:26 [INFO]: Page loaded successfully
2026-08-03 20:51:26 [DEBUG]: Clicking element: locator('#finish')
2026-08-03 20:51:27 [INFO]: Page loaded successfully
2026-08-03 20:51:27 [DEBUG]: Current URL: https://www.saucedemo.com/checkout-complete.html
2026-08-03 20:51:30 [INFO]: Page loaded successfully
2026-08-03 20:51:30 [INFO]: Logging in as: Admin
2026-08-03 20:51:30 [DEBUG]: Filling text 'Admin' in element: locator('input[name="username"]')
2026-08-03 20:51:30 [DEBUG]: Filling text 'admin123' in element: locator('input[name="password"]')
2026-08-03 20:51:30 [DEBUG]: Clicking element: locator('button[type="submit"]')
2026-08-03 20:51:31 [INFO]: Navigating to https://opensource-demo.orangehrmlive.com
2026-08-03 20:51:34 [INFO]: Page loaded successfully
2026-08-03 20:51:34 [INFO]: Logging in as: standard_user
2026-08-03 20:51:34 [DEBUG]: Filling text 'standard_user' in element: locator('#user-name')
2026-08-03 20:51:34 [DEBUG]: Filling text 'secret_sauce' in element: locator('#password')
2026-08-03 20:51:34 [INFO]: Page loaded successfully
2026-08-03 20:51:34 [INFO]: Logging in as: invalid
2026-08-03 20:51:34 [DEBUG]: Filling text 'invalid' in element: locator('input[name="username"]')
2026-08-03 20:51:34 [DEBUG]: Clicking element: locator('#login-button')
2026-08-03 20:51:34 [DEBUG]: Filling text 'invalid' in element: locator('input[name="password"]')
2026-08-03 20:51:34 [DEBUG]: Clicking element: locator('button[type="submit"]')
2026-08-03 20:51:34 [INFO]: Page loaded successfully
2026-08-03 20:51:35 [INFO]: Page loaded successfully
2026-08-03 20:51:35 [INFO]: Adding product to cart: Sauce Labs Backpack
2026-08-03 20:51:35 [DEBUG]: Clicking element: locator('#add-to-cart-sauce-labs-backpack')
2026-08-03 20:51:35 [DEBUG]: Element visibility: false
2026-08-03 20:51:35 [DEBUG]: Element visibility: true
2026-08-03 20:51:36 [DEBUG]: Text content: 1
2026-08-03 20:51:36 [INFO]: Removing product from cart: Sauce Labs Backpack
2026-08-03 20:51:36 [DEBUG]: Clicking element: locator('#remove-sauce-labs-backpack')
2026-08-03 20:51:37 [DEBUG]: Element visibility: false
2026-08-03 20:51:39 [INFO]: Page loaded successfully
2026-08-03 20:51:39 [INFO]: Navigating to https://opensource-demo.orangehrmlive.com
2026-08-03 20:51:40 [INFO]: Page loaded successfully
2026-08-03 20:51:40 [DEBUG]: Element visibility: true
2026-08-03 20:51:40 [DEBUG]: Text content: Dashboard
2026-08-03 20:51:41 [INFO]: Page loaded successfully
2026-08-03 20:51:41 [INFO]: Logging in as: Admin
2026-08-03 20:51:41 [DEBUG]: Filling text 'Admin' in element: locator('input[name="username"]')
2026-08-03 20:51:41 [DEBUG]: Filling text 'admin123' in element: locator('input[name="password"]')
2026-08-03 20:51:41 [DEBUG]: Clicking element: locator('button[type="submit"]')
2026-08-03 20:51:41 [INFO]: Page loaded successfully
2026-08-03 20:51:41 [INFO]: Logging out
2026-08-03 20:51:41 [DEBUG]: Clicking element: locator('.oxd-userdropdown-tab')
2026-08-03 20:51:41 [INFO]: Navigating to https://www.saucedemo.com
2026-08-03 20:51:41 [INFO]: Navigating to https://opensource-demo.orangehrmlive.com
2026-08-03 20:51:42 [INFO]: Navigating to https://www.saucedemo.com
2026-08-03 20:51:43 [DEBUG]: Clicking element: locator('a[href="/web/index.php/auth/logout"]')
2026-08-03 20:51:46 [INFO]: Page loaded successfully
2026-08-03 20:51:50 [INFO]: Page loaded successfully
2026-08-03 20:51:50 [INFO]: Logging in as: standard_user
2026-08-03 20:51:50 [DEBUG]: Filling text 'standard_user' in element: locator('#user-name')
2026-08-03 20:51:50 [DEBUG]: Filling text 'secret_sauce' in element: locator('#password')
2026-08-03 20:51:50 [DEBUG]: Clicking element: locator('#login-button')
2026-08-03 20:51:50 [INFO]: Page loaded successfully
2026-08-03 20:51:50 [INFO]: Adding product to cart: Sauce Labs Backpack
2026-08-03 20:51:50 [DEBUG]: Clicking element: locator('#add-to-cart-sauce-labs-backpack')
2026-08-03 20:51:50 [DEBUG]: Element visibility: true
2026-08-03 20:51:51 [DEBUG]: Text content: 1
2026-08-03 20:51:51 [INFO]: Removing product from cart: Sauce Labs Backpack
2026-08-03 20:51:51 [DEBUG]: Clicking element: locator('#remove-sauce-labs-backpack')
2026-08-03 20:51:51 [INFO]: Page loaded successfully
2026-08-03 20:51:51 [DEBUG]: Element visibility: false
2026-08-03 20:51:51 [INFO]: Logging in as: invalid
2026-08-03 20:51:51 [DEBUG]: Filling text 'invalid' in element: locator('input[name="username"]')
2026-08-03 20:51:51 [INFO]: Page loaded successfully
2026-08-03 20:51:51 [DEBUG]: Filling text 'invalid' in element: locator('input[name="password"]')
2026-08-03 20:51:51 [INFO]: Logging in as: standard_user
2026-08-03 20:51:51 [DEBUG]: Filling text 'standard_user' in element: locator('#user-name')
2026-08-03 20:51:51 [DEBUG]: Clicking element: locator('button[type="submit"]')
2026-08-03 20:51:51 [DEBUG]: Filling text 'secret_sauce' in element: locator('#password')
2026-08-03 20:51:51 [INFO]: Navigating to https://opensource-demo.orangehrmlive.com
2026-08-03 20:51:51 [DEBUG]: Clicking element: locator('#login-button')
2026-08-03 20:51:51 [INFO]: Page loaded successfully
2026-08-03 20:51:51 [DEBUG]: Element visibility: true
2026-08-03 20:51:51 [INFO]: Adding product to cart: Sauce Labs Backpack
2026-08-03 20:51:51 [DEBUG]: Clicking element: locator('#add-to-cart-sauce-labs-backpack')
2026-08-03 20:51:51 [INFO]: Adding product to cart: Sauce Labs Bike Light
2026-08-03 20:51:51 [DEBUG]: Clicking element: locator('#add-to-cart-sauce-labs-bike-light')
2026-08-03 20:51:52 [DEBUG]: Element visibility: true
2026-08-03 20:51:52 [DEBUG]: Text content: 2
2026-08-03 20:51:52 [DEBUG]: Clicking element: locator('.shopping_cart_link')
2026-08-03 20:51:52 [DEBUG]: Element count: 2
2026-08-03 20:51:52 [INFO]: Removing item from cart: Sauce Labs Bike Light
2026-08-03 20:51:52 [DEBUG]: Clicking element: locator('#remove-sauce-labs-bike-light')
2026-08-03 20:51:52 [DEBUG]: Element count: 1
2026-08-03 20:51:52 [DEBUG]: Clicking element: locator('#checkout')
2026-08-03 20:51:52 [INFO]: Filling checkout information
2026-08-03 20:51:52 [DEBUG]: Filling text 'John' in element: locator('#first-name')
2026-08-03 20:51:52 [DEBUG]: Filling text 'Doe' in element: locator('#last-name')
2026-08-03 20:51:52 [DEBUG]: Filling text '12345' in element: locator('#postal-code')
2026-08-03 20:51:52 [DEBUG]: Clicking element: locator('#continue')
2026-08-03 20:51:52 [INFO]: Page loaded successfully
2026-08-03 20:51:52 [DEBUG]: Clicking element: locator('#finish')
2026-08-03 20:51:52 [INFO]: Page loaded successfully
2026-08-03 20:51:52 [DEBUG]: Current URL: https://www.saucedemo.com/checkout-complete.html
2026-08-03 20:51:53 [INFO]: Page loaded successfully
2026-08-03 20:51:53 [DEBUG]: Element visibility: true
2026-08-03 20:51:56 [INFO]: Navigating to https://opensource-demo.orangehrmlive.com
2026-08-03 20:51:57 [INFO]: Navigating to https://opensource-demo.orangehrmlive.com
2026-08-03 20:51:58 [INFO]: Navigating to https://www.saucedemo.com
2026-08-03 20:52:10 [INFO]: Page loaded successfully
2026-08-03 20:52:10 [INFO]: Logging in as: invalid
2026-08-03 20:52:10 [DEBUG]: Filling text 'invalid' in element: locator('input[name="username"]')
2026-08-03 20:52:10 [DEBUG]: Filling text 'invalid' in element: locator('input[name="password"]')
2026-08-03 20:52:10 [DEBUG]: Clicking element: locator('button[type="submit"]')
2026-08-03 20:52:10 [INFO]: Page loaded successfully
2026-08-03 20:52:10 [DEBUG]: Element visibility: false
2026-08-03 20:52:11 [INFO]: Page loaded successfully
2026-08-03 20:52:11 [INFO]: Logging in as: Admin
2026-08-03 20:52:11 [DEBUG]: Filling text 'Admin' in element: locator('input[name="username"]')
2026-08-03 20:52:12 [DEBUG]: Filling text 'admin123' in element: locator('input[name="password"]')
2026-08-03 20:52:12 [DEBUG]: Clicking element: locator('button[type="submit"]')
2026-08-03 20:52:12 [INFO]: Page loaded successfully
2026-08-03 20:52:12 [INFO]: Navigating to https://opensource-demo.orangehrmlive.com
2026-08-03 20:52:14 [INFO]: Page loaded successfully
2026-08-03 20:52:14 [INFO]: Logging in as: Admin
2026-08-03 20:52:14 [DEBUG]: Filling text 'Admin' in element: locator('input[name="username"]')
2026-08-03 20:52:14 [DEBUG]: Filling text 'admin123' in element: locator('input[name="password"]')
2026-08-03 20:52:14 [INFO]: Page loaded successfully
2026-08-03 20:52:14 [INFO]: Logging in as: standard_user
2026-08-03 20:52:14 [DEBUG]: Filling text 'standard_user' in element: locator('#user-name')
2026-08-03 20:52:14 [DEBUG]: Clicking element: locator('button[type="submit"]')
2026-08-03 20:52:15 [DEBUG]: Filling text 'secret_sauce' in element: locator('#password')
2026-08-03 20:52:15 [INFO]: Page loaded successfully
2026-08-03 20:52:15 [INFO]: Logging out
2026-08-03 20:52:15 [DEBUG]: Clicking element: locator('.oxd-userdropdown-tab')
2026-08-03 20:52:15 [DEBUG]: Clicking element: locator('#login-button')
2026-08-03 20:52:16 [INFO]: Navigating to https://opensource-demo.orangehrmlive.com
2026-08-03 20:52:16 [INFO]: Page loaded successfully
2026-08-03 20:52:16 [DEBUG]: Element visibility: true
2026-08-03 20:52:16 [INFO]: Adding product to cart: Sauce Labs Backpack
2026-08-03 20:52:16 [DEBUG]: Clicking element: locator('#add-to-cart-sauce-labs-backpack')
2026-08-03 20:52:16 [INFO]: Adding product to cart: Sauce Labs Bike Light
2026-08-03 20:52:16 [DEBUG]: Clicking element: locator('#add-to-cart-sauce-labs-bike-light')
2026-08-03 20:52:17 [DEBUG]: Element visibility: true
2026-08-03 20:52:17 [DEBUG]: Text content: 2
2026-08-03 20:52:17 [DEBUG]: Clicking element: locator('.shopping_cart_link')
2026-08-03 20:52:17 [DEBUG]: Element count: 2
2026-08-03 20:52:17 [INFO]: Removing item from cart: Sauce Labs Bike Light
2026-08-03 20:52:17 [DEBUG]: Clicking element: locator('#remove-sauce-labs-bike-light')
2026-08-03 20:52:17 [DEBUG]: Element count: 1
2026-08-03 20:52:17 [DEBUG]: Clicking element: locator('#checkout')
2026-08-03 20:52:18 [INFO]: Filling checkout information
2026-08-03 20:52:18 [DEBUG]: Filling text 'John' in element: locator('#first-name')
2026-08-03 20:52:18 [DEBUG]: Filling text 'Doe' in element: locator('#last-name')
2026-08-03 20:52:18 [DEBUG]: Clicking element: locator('a[href="/web/index.php/auth/logout"]')
2026-08-03 20:52:18 [DEBUG]: Filling text '12345' in element: locator('#postal-code')
2026-08-03 20:52:18 [DEBUG]: Clicking element: locator('#continue')
2026-08-03 20:52:19 [INFO]: Page loaded successfully
2026-08-03 20:52:19 [DEBUG]: Clicking element: locator('#finish')
2026-08-03 20:52:19 [INFO]: Page loaded successfully
2026-08-03 20:52:19 [DEBUG]: Current URL: https://www.saucedemo.com/checkout-complete.html
2026-08-03 20:52:21 [INFO]: Navigating to https://www.saucedemo.com
2026-08-03 20:52:21 [INFO]: Page loaded successfully
2026-08-03 20:52:23 [INFO]: Page loaded successfully
2026-08-03 20:52:23 [DEBUG]: Element visibility: true
2026-08-03 20:52:23 [DEBUG]: Text content: Dashboard
2026-08-03 20:52:26 [INFO]: Navigating to https://opensource-demo.orangehrmlive.com
2026-08-03 20:52:26 [INFO]: Page loaded successfully
2026-08-03 20:52:26 [INFO]: Logging in as: invalid
2026-08-03 20:52:26 [DEBUG]: Filling text 'invalid' in element: locator('input[name="username"]')
2026-08-03 20:52:27 [DEBUG]: Filling text 'invalid' in element: locator('input[name="password"]')
2026-08-03 20:52:27 [DEBUG]: Clicking element: locator('button[type="submit"]')
2026-08-03 20:52:27 [INFO]: Page loaded successfully
2026-08-03 20:52:27 [DEBUG]: Element visibility: false
2026-08-03 20:52:29 [INFO]: Navigating to https://opensource-demo.orangehrmlive.com
2026-08-03 20:52:31 [INFO]: Page loaded successfully
2026-08-03 20:52:31 [INFO]: Logging in as: standard_user
2026-08-03 20:52:31 [DEBUG]: Filling text 'standard_user' in element: locator('#user-name')
2026-08-03 20:52:31 [DEBUG]: Filling text 'secret_sauce' in element: locator('#password')
2026-08-03 20:52:31 [DEBUG]: Clicking element: locator('#login-button')
2026-08-03 20:52:31 [INFO]: Page loaded successfully
2026-08-03 20:52:31 [INFO]: Adding product to cart: Sauce Labs Backpack
2026-08-03 20:52:31 [DEBUG]: Clicking element: locator('#add-to-cart-sauce-labs-backpack')
2026-08-03 20:52:32 [DEBUG]: Element visibility: true
2026-08-03 20:52:32 [DEBUG]: Text content: 1
2026-08-03 20:52:32 [INFO]: Removing product from cart: Sauce Labs Backpack
2026-08-03 20:52:32 [DEBUG]: Clicking element: locator('#remove-sauce-labs-backpack')
2026-08-03 20:52:32 [DEBUG]: Element visibility: false
2026-08-03 20:52:33 [INFO]: Navigating to https://opensource-demo.orangehrmlive.com
2026-08-03 20:52:36 [INFO]: Page loaded successfully
2026-08-03 20:52:36 [INFO]: Logging in as: Admin
2026-08-03 20:52:36 [DEBUG]: Filling text 'Admin' in element: locator('input[name="username"]')
2026-08-03 20:52:36 [DEBUG]: Filling text 'admin123' in element: locator('input[name="password"]')
2026-08-03 20:52:36 [DEBUG]: Clicking element: locator('button[type="submit"]')
2026-08-03 20:52:37 [INFO]: Navigating to https://opensource-demo.orangehrmlive.com
2026-08-03 20:52:39 [INFO]: Page loaded successfully
2026-08-03 20:52:39 [INFO]: Logging in as: invalid
2026-08-03 20:52:39 [DEBUG]: Filling text 'invalid' in element: locator('input[name="username"]')
2026-08-03 20:52:39 [DEBUG]: Filling text 'invalid' in element: locator('input[name="password"]')
2026-08-03 20:52:39 [DEBUG]: Clicking element: locator('button[type="submit"]')
2026-08-03 20:52:42 [INFO]: Page loaded successfully
2026-08-03 20:52:42 [DEBUG]: Element visibility: true
2026-08-03 20:52:42 [INFO]: Navigating to https://www.saucedemo.com
2026-08-03 20:52:51 [INFO]: Page loaded successfully
2026-08-03 20:52:51 [INFO]: Logging in as: standard_user
2026-08-03 20:52:51 [DEBUG]: Filling text 'standard_user' in element: locator('#user-name')
2026-08-03 20:52:51 [DEBUG]: Filling text 'secret_sauce' in element: locator('#password')
2026-08-03 20:52:51 [DEBUG]: Clicking element: locator('#login-button')
2026-08-03 20:52:52 [INFO]: Page loaded successfully
2026-08-03 20:52:52 [DEBUG]: Element visibility: true
2026-08-03 20:52:52 [INFO]: Adding product to cart: Sauce Labs Backpack
2026-08-03 20:52:52 [DEBUG]: Clicking element: locator('#add-to-cart-sauce-labs-backpack')
2026-08-03 20:52:52 [INFO]: Adding product to cart: Sauce Labs Bike Light
2026-08-03 20:52:52 [DEBUG]: Clicking element: locator('#add-to-cart-sauce-labs-bike-light')
2026-08-03 20:52:52 [DEBUG]: Element visibility: true
2026-08-03 20:52:52 [DEBUG]: Text content: 2
2026-08-03 20:52:52 [DEBUG]: Clicking element: locator('.shopping_cart_link')
2026-08-03 20:52:52 [DEBUG]: Element count: 2
2026-08-03 20:52:52 [INFO]: Removing item from cart: Sauce Labs Bike Light
2026-08-03 20:52:52 [DEBUG]: Clicking element: locator('#remove-sauce-labs-bike-light')
2026-08-03 20:52:52 [INFO]: Page loaded successfully
2026-08-03 20:52:52 [DEBUG]: Element count: 1
2026-08-03 20:52:52 [DEBUG]: Clicking element: locator('#checkout')
2026-08-03 20:52:52 [DEBUG]: Element visibility: true
2026-08-03 20:52:52 [INFO]: Filling checkout information
2026-08-03 20:52:52 [DEBUG]: Filling text 'John' in element: locator('#first-name')
2026-08-03 20:52:52 [DEBUG]: Text content: Dashboard
2026-08-03 20:52:52 [DEBUG]: Filling text 'Doe' in element: locator('#last-name')
2026-08-03 20:52:52 [DEBUG]: Filling text '12345' in element: locator('#postal-code')
2026-08-03 20:52:53 [DEBUG]: Clicking element: locator('#continue')
2026-08-03 20:52:53 [INFO]: Page loaded successfully
2026-08-03 20:52:53 [DEBUG]: Clicking element: locator('#finish')
2026-08-03 20:52:53 [INFO]: Page loaded successfully
2026-08-03 20:52:53 [DEBUG]: Current URL: https://www.saucedemo.com/checkout-complete.html
2026-08-03 20:52:53 [INFO]: Page loaded successfully
2026-08-03 20:52:53 [INFO]: Navigating to https://opensource-demo.orangehrmlive.com
2026-08-03 20:52:54 [INFO]: Navigating to https://www.saucedemo.com
2026-08-03 20:52:55 [INFO]: Page loaded successfully
2026-08-03 20:52:55 [INFO]: Logging in as: invalid
2026-08-03 20:52:55 [DEBUG]: Filling text 'invalid' in element: locator('input[name="username"]')
2026-08-03 20:52:55 [INFO]: Page loaded successfully
2026-08-03 20:52:55 [INFO]: Logging in as: Admin
2026-08-03 20:52:55 [DEBUG]: Filling text 'Admin' in element: locator('input[name="username"]')
2026-08-03 20:52:55 [DEBUG]: Filling text 'invalid' in element: locator('input[name="password"]')
2026-08-03 20:52:55 [DEBUG]: Filling text 'admin123' in element: locator('input[name="password"]')
2026-08-03 20:52:55 [DEBUG]: Clicking element: locator('button[type="submit"]')
2026-08-03 20:52:55 [DEBUG]: Clicking element: locator('button[type="submit"]')
2026-08-03 20:52:55 [INFO]: Page loaded successfully
2026-08-03 20:52:55 [INFO]: Logging out
2026-08-03 20:52:55 [DEBUG]: Clicking element: locator('.oxd-userdropdown-tab')
2026-08-03 20:52:57 [DEBUG]: Clicking element: locator('a[href="/web/index.php/auth/logout"]')
2026-08-03 20:52:57 [INFO]: Page loaded successfully
2026-08-03 20:52:58 [DEBUG]: Element visibility: true
2026-08-03 20:53:00 [INFO]: Page loaded successfully
2026-08-03 20:53:02 [INFO]: Page loaded successfully
2026-08-03 20:53:02 [INFO]: Logging in as: standard_user
2026-08-03 20:53:02 [DEBUG]: Filling text 'standard_user' in element: locator('#user-name')
2026-08-03 20:53:02 [DEBUG]: Filling text 'secret_sauce' in element: locator('#password')
2026-08-03 20:53:02 [DEBUG]: Clicking element: locator('#login-button')
2026-08-03 20:53:02 [INFO]: Page loaded successfully
2026-08-03 20:53:02 [INFO]: Adding product to cart: Sauce Labs Backpack
2026-08-03 20:53:02 [DEBUG]: Clicking element: locator('#add-to-cart-sauce-labs-backpack')
2026-08-03 20:53:02 [DEBUG]: Element visibility: true
2026-08-03 20:53:02 [DEBUG]: Text content: 1
2026-08-03 20:53:02 [INFO]: Removing product from cart: Sauce Labs Backpack
2026-08-03 20:53:02 [DEBUG]: Clicking element: locator('#remove-sauce-labs-backpack')
2026-08-03 20:53:03 [DEBUG]: Element visibility: false
2026-08-03 20:54:01 [INFO]: Navigating to https://opensource-demo.orangehrmlive.com
2026-08-03 20:54:02 [INFO]: Navigating to https://opensource-demo.orangehrmlive.com
2026-08-03 20:54:02 [INFO]: Navigating to https://opensource-demo.orangehrmlive.com
2026-08-03 20:54:03 [INFO]: Navigating to https://www.saucedemo.com
2026-08-03 20:54:11 [INFO]: Page loaded successfully
2026-08-03 20:54:11 [INFO]: Logging in as: Admin
2026-08-03 20:54:11 [DEBUG]: Filling text 'Admin' in element: locator('input[name="username"]')
2026-08-03 20:54:12 [DEBUG]: Filling text 'admin123' in element: locator('input[name="password"]')
2026-08-03 20:54:12 [DEBUG]: Clicking element: locator('button[type="submit"]')
2026-08-03 20:54:12 [INFO]: Page loaded successfully
2026-08-03 20:54:12 [INFO]: Logging in as: standard_user
2026-08-03 20:54:12 [DEBUG]: Filling text 'standard_user' in element: locator('#user-name')
2026-08-03 20:54:13 [DEBUG]: Filling text 'secret_sauce' in element: locator('#password')
2026-08-03 20:54:14 [DEBUG]: Clicking element: locator('#login-button')
2026-08-03 20:54:14 [INFO]: Page loaded successfully
2026-08-03 20:54:14 [INFO]: Page loaded successfully
2026-08-03 20:54:14 [INFO]: Navigating to https://opensource-demo.orangehrmlive.com
2026-08-03 20:54:14 [INFO]: Logging in as: invalid
2026-08-03 20:54:14 [DEBUG]: Filling text 'invalid' in element: locator('input[name="username"]')
2026-08-03 20:54:14 [INFO]: Page loaded successfully
2026-08-03 20:54:15 [DEBUG]: Element visibility: true
2026-08-03 20:54:15 [INFO]: Adding product to cart: Sauce Labs Backpack
2026-08-03 20:54:15 [DEBUG]: Clicking element: locator('#add-to-cart-sauce-labs-backpack')
2026-08-03 20:54:16 [DEBUG]: Filling text 'invalid' in element: locator('input[name="password"]')
2026-08-03 20:54:17 [INFO]: Adding product to cart: Sauce Labs Bike Light
2026-08-03 20:54:17 [DEBUG]: Clicking element: locator('#add-to-cart-sauce-labs-bike-light')
2026-08-03 20:54:17 [DEBUG]: Element visibility: true
2026-08-03 20:54:17 [DEBUG]: Text content: 2
2026-08-03 20:54:17 [DEBUG]: Clicking element: locator('.shopping_cart_link')
2026-08-03 20:54:17 [DEBUG]: Element count: 2
2026-08-03 20:54:17 [INFO]: Removing item from cart: Sauce Labs Bike Light
2026-08-03 20:54:17 [DEBUG]: Clicking element: locator('#remove-sauce-labs-bike-light')
2026-08-03 20:54:17 [DEBUG]: Element count: 1
2026-08-03 20:54:17 [DEBUG]: Clicking element: locator('#checkout')
2026-08-03 20:54:17 [INFO]: Filling checkout information
2026-08-03 20:54:17 [DEBUG]: Filling text 'John' in element: locator('#first-name')
2026-08-03 20:54:17 [DEBUG]: Filling text 'Doe' in element: locator('#last-name')
2026-08-03 20:54:17 [DEBUG]: Filling text '12345' in element: locator('#postal-code')
2026-08-03 20:54:18 [DEBUG]: Clicking element: locator('#continue')
2026-08-03 20:54:18 [DEBUG]: Clicking element: locator('button[type="submit"]')
2026-08-03 20:54:18 [INFO]: Page loaded successfully
2026-08-03 20:54:18 [DEBUG]: Clicking element: locator('#finish')
2026-08-03 20:54:18 [INFO]: Page loaded successfully
2026-08-03 20:54:18 [DEBUG]: Current URL: https://www.saucedemo.com/checkout-complete.html
2026-08-03 20:54:18 [INFO]: Page loaded successfully
2026-08-03 20:54:18 [INFO]: Logging in as: Admin
2026-08-03 20:54:18 [DEBUG]: Filling text 'Admin' in element: locator('input[name="username"]')
2026-08-03 20:54:20 [DEBUG]: Filling text 'admin123' in element: locator('input[name="password"]')
2026-08-03 20:54:20 [DEBUG]: Clicking element: locator('button[type="submit"]')
2026-08-03 20:54:21 [INFO]: Page loaded successfully
2026-08-03 20:54:21 [DEBUG]: Element visibility: true
2026-08-03 20:54:25 [INFO]: Navigating to https://www.saucedemo.com
2026-08-03 20:54:25 [INFO]: Page loaded successfully
2026-08-03 20:54:25 [DEBUG]: Element visibility: true
2026-08-03 20:54:25 [DEBUG]: Text content: Dashboard
2026-08-03 20:54:32 [INFO]: Page loaded successfully
2026-08-03 20:54:32 [INFO]: Logging out
2026-08-03 20:54:32 [DEBUG]: Clicking element: locator('.oxd-userdropdown-tab')
2026-08-03 20:54:32 [DEBUG]: Clicking element: locator('a[href="/web/index.php/auth/logout"]')
2026-08-03 20:54:33 [INFO]: Page loaded successfully
2026-08-03 20:54:33 [INFO]: Logging in as: standard_user
2026-08-03 20:54:33 [DEBUG]: Filling text 'standard_user' in element: locator('#user-name')
2026-08-03 20:54:33 [DEBUG]: Filling text 'secret_sauce' in element: locator('#password')
2026-08-03 20:54:33 [DEBUG]: Clicking element: locator('#login-button')
2026-08-03 20:54:34 [INFO]: Page loaded successfully
2026-08-03 20:54:34 [INFO]: Adding product to cart: Sauce Labs Backpack
2026-08-03 20:54:34 [DEBUG]: Clicking element: locator('#add-to-cart-sauce-labs-backpack')
2026-08-03 20:54:34 [DEBUG]: Element visibility: true
2026-08-03 20:54:34 [DEBUG]: Text content: 1
2026-08-03 20:54:34 [INFO]: Removing product from cart: Sauce Labs Backpack
2026-08-03 20:54:34 [DEBUG]: Clicking element: locator('#remove-sauce-labs-backpack')
2026-08-03 20:54:34 [DEBUG]: Element visibility: false
2026-08-03 20:54:34 [INFO]: Page loaded successfully
2026-08-03 20:54:40 [INFO]: Navigating to https://opensource-demo.orangehrmlive.com
2026-08-03 20:54:42 [INFO]: Navigating to https://opensource-demo.orangehrmlive.com
2026-08-03 20:54:47 [INFO]: Navigating to https://opensource-demo.orangehrmlive.com
2026-08-03 20:54:49 [INFO]: Navigating to https://www.saucedemo.com
2026-08-03 20:54:56 [INFO]: Page loaded successfully
2026-08-03 20:54:56 [INFO]: Logging in as: standard_user
2026-08-03 20:54:56 [DEBUG]: Filling text 'standard_user' in element: locator('#user-name')
2026-08-03 20:54:56 [DEBUG]: Filling text 'secret_sauce' in element: locator('#password')
2026-08-03 20:54:56 [DEBUG]: Clicking element: locator('#login-button')
2026-08-03 20:54:57 [INFO]: Page loaded successfully
2026-08-03 20:54:57 [DEBUG]: Element visibility: true
2026-08-03 20:54:57 [INFO]: Adding product to cart: Sauce Labs Backpack
2026-08-03 20:54:57 [DEBUG]: Clicking element: locator('#add-to-cart-sauce-labs-backpack')
2026-08-03 20:54:57 [INFO]: Adding product to cart: Sauce Labs Bike Light
2026-08-03 20:54:57 [DEBUG]: Clicking element: locator('#add-to-cart-sauce-labs-bike-light')
2026-08-03 20:54:57 [DEBUG]: Element visibility: true
2026-08-03 20:54:57 [DEBUG]: Text content: 2
2026-08-03 20:54:57 [DEBUG]: Clicking element: locator('.shopping_cart_link')
2026-08-03 20:54:57 [DEBUG]: Element count: 2
2026-08-03 20:54:57 [INFO]: Removing item from cart: Sauce Labs Bike Light
2026-08-03 20:54:57 [DEBUG]: Clicking element: locator('#remove-sauce-labs-bike-light')
2026-08-03 20:54:58 [DEBUG]: Element count: 1
2026-08-03 20:54:58 [DEBUG]: Clicking element: locator('#checkout')
2026-08-03 20:54:58 [INFO]: Filling checkout information
2026-08-03 20:54:58 [DEBUG]: Filling text 'John' in element: locator('#first-name')
2026-08-03 20:54:58 [DEBUG]: Filling text 'Doe' in element: locator('#last-name')
2026-08-03 20:54:58 [DEBUG]: Filling text '12345' in element: locator('#postal-code')
2026-08-03 20:54:58 [INFO]: Page loaded successfully
2026-08-03 20:54:58 [DEBUG]: Clicking element: locator('#continue')
2026-08-03 20:54:58 [INFO]: Logging in as: Admin
2026-08-03 20:54:58 [DEBUG]: Filling text 'Admin' in element: locator('input[name="username"]')
2026-08-03 20:54:58 [INFO]: Page loaded successfully
2026-08-03 20:54:58 [DEBUG]: Clicking element: locator('#finish')
2026-08-03 20:54:58 [DEBUG]: Filling text 'admin123' in element: locator('input[name="password"]')
2026-08-03 20:54:58 [INFO]: Page loaded successfully
2026-08-03 20:54:58 [DEBUG]: Current URL: https://www.saucedemo.com/checkout-complete.html
2026-08-03 20:54:58 [DEBUG]: Clicking element: locator('button[type="submit"]')
2026-08-03 20:55:00 [INFO]: Navigating to https://www.saucedemo.com
2026-08-03 20:55:00 [INFO]: Page loaded successfully
2026-08-03 20:55:00 [DEBUG]: Element visibility: false
2026-08-03 20:55:01 [INFO]: Page loaded successfully
2026-08-03 20:55:01 [INFO]: Navigating to https://opensource-demo.orangehrmlive.com
2026-08-03 20:55:03 [INFO]: Page loaded successfully
2026-08-03 20:55:03 [INFO]: Logging in as: Admin
2026-08-03 20:55:03 [DEBUG]: Filling text 'Admin' in element: locator('input[name="username"]')
2026-08-03 20:55:03 [DEBUG]: Filling text 'admin123' in element: locator('input[name="password"]')
2026-08-03 20:55:03 [INFO]: Page loaded successfully
2026-08-03 20:55:03 [INFO]: Logging in as: invalid
2026-08-03 20:55:03 [DEBUG]: Filling text 'invalid' in element: locator('input[name="username"]')
2026-08-03 20:55:03 [DEBUG]: Clicking element: locator('button[type="submit"]')
2026-08-03 20:55:03 [DEBUG]: Filling text 'invalid' in element: locator('input[name="password"]')
2026-08-03 20:55:03 [DEBUG]: Clicking element: locator('button[type="submit"]')
2026-08-03 20:55:06 [INFO]: Page loaded successfully
2026-08-03 20:55:06 [INFO]: Page loaded successfully
2026-08-03 20:55:06 [DEBUG]: Element visibility: false
2026-08-03 20:55:06 [INFO]: Logging out
2026-08-03 20:55:06 [DEBUG]: Clicking element: locator('.oxd-userdropdown-tab')
2026-08-03 20:55:07 [DEBUG]: Clicking element: locator('a[href="/web/index.php/auth/logout"]')
2026-08-03 20:55:08 [INFO]: Page loaded successfully
2026-08-03 20:55:08 [INFO]: Logging in as: standard_user
2026-08-03 20:55:08 [DEBUG]: Filling text 'standard_user' in element: locator('#user-name')
2026-08-03 20:55:08 [DEBUG]: Filling text 'secret_sauce' in element: locator('#password')
2026-08-03 20:55:08 [DEBUG]: Clicking element: locator('#login-button')
2026-08-03 20:55:08 [INFO]: Page loaded successfully
2026-08-03 20:55:08 [INFO]: Adding product to cart: Sauce Labs Backpack
2026-08-03 20:55:08 [DEBUG]: Clicking element: locator('#add-to-cart-sauce-labs-backpack')
2026-08-03 20:55:08 [DEBUG]: Element visibility: true
2026-08-03 20:55:08 [DEBUG]: Text content: 1
2026-08-03 20:55:08 [INFO]: Removing product from cart: Sauce Labs Backpack
2026-08-03 20:55:08 [DEBUG]: Clicking element: locator('#remove-sauce-labs-backpack')
2026-08-03 20:55:08 [DEBUG]: Element visibility: false
2026-08-03 20:55:11 [INFO]: Page loaded successfully
2026-08-03 20:55:17 [INFO]: Navigating to https://opensource-demo.orangehrmlive.com
2026-08-03 20:55:17 [INFO]: Navigating to https://opensource-demo.orangehrmlive.com
2026-08-03 20:55:19 [INFO]: Navigating to https://opensource-demo.orangehrmlive.com
2026-08-03 20:55:23 [INFO]: Navigating to https://opensource-demo.orangehrmlive.com
2026-08-03 20:55:31 [INFO]: Page loaded successfully
2026-08-03 20:55:31 [INFO]: Logging in as: Admin
2026-08-03 20:55:31 [DEBUG]: Filling text 'Admin' in element: locator('input[name="username"]')
2026-08-03 20:55:31 [DEBUG]: Filling text 'admin123' in element: locator('input[name="password"]')
2026-08-03 20:55:31 [INFO]: Page loaded successfully
2026-08-03 20:55:31 [INFO]: Logging in as: Admin
2026-08-03 20:55:31 [DEBUG]: Filling text 'Admin' in element: locator('input[name="username"]')
2026-08-03 20:55:31 [DEBUG]: Clicking element: locator('button[type="submit"]')
2026-08-03 20:55:31 [INFO]: Page loaded successfully
2026-08-03 20:55:31 [INFO]: Logging in as: invalid
2026-08-03 20:55:31 [DEBUG]: Filling text 'invalid' in element: locator('input[name="username"]')
2026-08-03 20:55:32 [DEBUG]: Filling text 'admin123' in element: locator('input[name="password"]')
2026-08-03 20:55:32 [DEBUG]: Clicking element: locator('button[type="submit"]')
2026-08-03 20:55:32 [DEBUG]: Filling text 'invalid' in element: locator('input[name="password"]')
2026-08-03 20:55:33 [DEBUG]: Clicking element: locator('button[type="submit"]')
2026-08-03 20:55:34 [INFO]: Page loaded successfully
2026-08-03 20:55:34 [DEBUG]: Element visibility: false
2026-08-03 20:55:35 [INFO]: Page loaded successfully
2026-08-03 20:55:35 [INFO]: Logging in as: invalid
2026-08-03 20:55:35 [DEBUG]: Filling text 'invalid' in element: locator('input[name="username"]')
2026-08-03 20:55:35 [DEBUG]: Filling text 'invalid' in element: locator('input[name="password"]')
2026-08-03 20:55:35 [DEBUG]: Clicking element: locator('button[type="submit"]')
2026-08-03 20:55:36 [INFO]: Page loaded successfully
2026-08-03 20:55:37 [DEBUG]: Element visibility: true
2026-08-03 20:55:37 [INFO]: Page loaded successfully
2026-08-03 20:55:37 [DEBUG]: Element visibility: false
2026-08-03 20:55:41 [INFO]: Navigating to https://opensource-demo.orangehrmlive.com
2026-08-03 20:55:44 [INFO]: Page loaded successfully
2026-08-03 20:55:44 [DEBUG]: Element visibility: true
2026-08-03 20:55:44 [DEBUG]: Text content: Dashboard
2026-08-03 20:55:49 [INFO]: Navigating to https://www.saucedemo.com
2026-08-03 20:55:49 [INFO]: Page loaded successfully
2026-08-03 20:55:49 [INFO]: Navigating to https://opensource-demo.orangehrmlive.com
2026-08-03 20:55:51 [INFO]: Page loaded successfully
2026-08-03 20:55:51 [INFO]: Logging in as: Admin
2026-08-03 20:55:51 [DEBUG]: Filling text 'Admin' in element: locator('input[name="username"]')
2026-08-03 20:55:52 [DEBUG]: Filling text 'admin123' in element: locator('input[name="password"]')
2026-08-03 20:55:53 [DEBUG]: Clicking element: locator('button[type="submit"]')
2026-08-03 20:55:53 [INFO]: Navigating to https://opensource-demo.orangehrmlive.com
2026-08-03 20:55:55 [INFO]: Navigating to https://opensource-demo.orangehrmlive.com
2026-08-03 20:56:03 [INFO]: Page loaded successfully
2026-08-03 20:56:03 [INFO]: Logging in as: standard_user
2026-08-03 20:56:03 [DEBUG]: Filling text 'standard_user' in element: locator('#user-name')
2026-08-03 20:56:03 [DEBUG]: Filling text 'secret_sauce' in element: locator('#password')
2026-08-03 20:56:04 [DEBUG]: Clicking element: locator('#login-button')
2026-08-03 20:56:04 [INFO]: Page loaded successfully
2026-08-03 20:56:04 [INFO]: Logging out
2026-08-03 20:56:04 [DEBUG]: Clicking element: locator('.oxd-userdropdown-tab')
2026-08-03 20:56:04 [INFO]: Page loaded successfully
2026-08-03 20:56:04 [DEBUG]: Element visibility: true
2026-08-03 20:56:04 [INFO]: Adding product to cart: Sauce Labs Backpack
2026-08-03 20:56:04 [DEBUG]: Clicking element: locator('#add-to-cart-sauce-labs-backpack')
2026-08-03 20:56:05 [DEBUG]: Clicking element: locator('a[href="/web/index.php/auth/logout"]')
2026-08-03 20:56:05 [INFO]: Adding product to cart: Sauce Labs Bike Light
2026-08-03 20:56:05 [DEBUG]: Clicking element: locator('#add-to-cart-sauce-labs-bike-light')
2026-08-03 20:56:06 [DEBUG]: Element visibility: true
2026-08-03 20:56:06 [DEBUG]: Text content: 2
2026-08-03 20:56:06 [DEBUG]: Clicking element: locator('.shopping_cart_link')
2026-08-03 20:56:06 [DEBUG]: Element count: 2
2026-08-03 20:56:06 [INFO]: Removing item from cart: Sauce Labs Bike Light
2026-08-03 20:56:06 [DEBUG]: Clicking element: locator('#remove-sauce-labs-bike-light')
2026-08-03 20:56:07 [DEBUG]: Element count: 1
2026-08-03 20:56:07 [DEBUG]: Clicking element: locator('#checkout')
2026-08-03 20:56:08 [INFO]: Filling checkout information
2026-08-03 20:56:08 [DEBUG]: Filling text 'John' in element: locator('#first-name')
2026-08-03 20:56:08 [DEBUG]: Filling text 'Doe' in element: locator('#last-name')
2026-08-03 20:56:09 [DEBUG]: Filling text '12345' in element: locator('#postal-code')
2026-08-03 20:56:09 [DEBUG]: Clicking element: locator('#continue')
2026-08-03 20:56:10 [INFO]: Page loaded successfully
2026-08-03 20:56:10 [DEBUG]: Clicking element: locator('#finish')
2026-08-03 20:56:10 [INFO]: Page loaded successfully
2026-08-03 20:56:10 [INFO]: Logging in as: invalid
2026-08-03 20:56:10 [DEBUG]: Filling text 'invalid' in element: locator('input[name="username"]')
2026-08-03 20:56:10 [DEBUG]: Filling text 'invalid' in element: locator('input[name="password"]')
2026-08-03 20:56:10 [DEBUG]: Clicking element: locator('button[type="submit"]')
2026-08-03 20:56:11 [INFO]: Page loaded successfully
2026-08-03 20:56:11 [DEBUG]: Current URL: https://www.saucedemo.com/checkout-complete.html
2026-08-03 20:56:11 [INFO]: Page loaded successfully
2026-08-03 20:56:11 [INFO]: Logging in as: Admin
2026-08-03 20:56:11 [DEBUG]: Filling text 'Admin' in element: locator('input[name="username"]')
2026-08-03 20:56:11 [DEBUG]: Filling text 'admin123' in element: locator('input[name="password"]')
2026-08-03 20:56:11 [DEBUG]: Clicking element: locator('button[type="submit"]')
2026-08-03 20:56:12 [INFO]: Page loaded successfully
2026-08-03 20:56:12 [INFO]: Page loaded successfully
2026-08-03 20:56:12 [DEBUG]: Element visibility: false
2026-08-03 20:56:14 [INFO]: Navigating to https://www.saucedemo.com
2026-08-03 20:56:26 [INFO]: Page loaded successfully
2026-08-03 20:56:26 [INFO]: Logging in as: standard_user
2026-08-03 20:56:26 [DEBUG]: Filling text 'standard_user' in element: locator('#user-name')
2026-08-03 20:56:26 [DEBUG]: Filling text 'secret_sauce' in element: locator('#password')
2026-08-03 20:56:26 [DEBUG]: Clicking element: locator('#login-button')
2026-08-03 20:56:27 [INFO]: Page loaded successfully
2026-08-03 20:56:27 [INFO]: Adding product to cart: Sauce Labs Backpack
2026-08-03 20:56:27 [DEBUG]: Clicking element: locator('#add-to-cart-sauce-labs-backpack')
2026-08-03 20:56:29 [DEBUG]: Element visibility: true
2026-08-03 20:56:29 [DEBUG]: Text content: 1
2026-08-03 20:56:29 [INFO]: Removing product from cart: Sauce Labs Backpack
2026-08-03 20:56:29 [DEBUG]: Clicking element: locator('#remove-sauce-labs-backpack')
2026-08-03 20:56:29 [DEBUG]: Element visibility: false
2026-08-03 20:56:42 [WARN]: Network idle timeout, checking if page is loaded...
2026-08-03 20:56:43 [INFO]: Page loaded (without network idle)
2026-08-03 20:56:53 [ERROR]: Dashboard visibility check failed: TimeoutError: page.waitForLoadState: Timeout 10000ms exceeded.
2026-08-03 20:58:01 [INFO]: Navigating to https://opensource-demo.orangehrmlive.com
2026-08-03 20:58:10 [INFO]: Page loaded successfully
2026-08-03 20:58:10 [INFO]: Logging in as: Admin
2026-08-03 20:58:10 [DEBUG]: Filling text 'Admin' in element: locator('input[name="username"]')
2026-08-03 20:58:10 [DEBUG]: Filling text 'admin123' in element: locator('input[name="password"]')
2026-08-03 20:58:10 [DEBUG]: Clicking element: locator('button[type="submit"]')
2026-08-03 20:58:23 [INFO]: Page loaded successfully
2026-08-03 20:58:23 [DEBUG]: Element visibility: true
2026-08-03 20:58:23 [INFO]: Dashboard displayed successfully
2026-08-03 20:58:24 [DEBUG]: Text content: Dashboard
2026-08-03 20:58:25 [INFO]: Navigating to https://opensource-demo.orangehrmlive.com
2026-08-03 20:58:39 [INFO]: Page loaded successfully
2026-08-03 20:58:39 [INFO]: Logging in as: invalid
2026-08-03 20:58:39 [DEBUG]: Filling text 'invalid' in element: locator('input[name="username"]')
2026-08-03 20:58:40 [DEBUG]: Filling text 'invalid' in element: locator('input[name="password"]')
2026-08-03 20:58:40 [DEBUG]: Clicking element: locator('button[type="submit"]')
2026-08-03 20:58:42 [INFO]: Page loaded successfully
2026-08-03 20:58:43 [DEBUG]: Element visibility: true
2026-08-03 20:58:43 [DEBUG]: Text content: Invalid credentials
2026-08-03 20:58:43 [INFO]: Error message displayed: Invalid credentials
2026-08-03 20:58:44 [INFO]: Navigating to https://opensource-demo.orangehrmlive.com
2026-08-03 20:58:56 [INFO]: Page loaded successfully
2026-08-03 20:58:56 [INFO]: Navigating to https://opensource-demo.orangehrmlive.com
2026-08-03 20:59:01 [INFO]: Page loaded successfully
2026-08-03 20:59:01 [INFO]: Logging in as: Admin
2026-08-03 20:59:01 [DEBUG]: Filling text 'Admin' in element: locator('input[name="username"]')
2026-08-03 20:59:01 [DEBUG]: Filling text 'admin123' in element: locator('input[name="password"]')
2026-08-03 20:59:01 [DEBUG]: Clicking element: locator('button[type="submit"]')
2026-08-03 20:59:18 [INFO]: Page loaded successfully
2026-08-03 20:59:18 [INFO]: Logging out
2026-08-03 20:59:18 [DEBUG]: Clicking element: locator('.oxd-userdropdown-tab')
2026-08-03 20:59:18 [DEBUG]: Clicking element: locator('a[href="/web/index.php/auth/logout"]')
2026-08-03 20:59:21 [INFO]: Page loaded successfully
2026-08-03 20:59:40 [INFO]: Navigating to https://opensource-demo.orangehrmlive.com
2026-08-03 20:59:41 [INFO]: Navigating to https://opensource-demo.orangehrmlive.com
2026-08-03 20:59:49 [INFO]: Page loaded successfully
2026-08-03 20:59:49 [INFO]: Logging in as: invalid
2026-08-03 20:59:49 [DEBUG]: Filling text 'invalid' in element: locator('input[name="username"]')
2026-08-03 20:59:50 [DEBUG]: Filling text 'invalid' in element: locator('input[name="password"]')
2026-08-03 20:59:50 [DEBUG]: Clicking element: locator('button[type="submit"]')
2026-08-03 20:59:50 [INFO]: Page loaded successfully
2026-08-03 20:59:50 [INFO]: Logging in as: Admin
2026-08-03 20:59:50 [DEBUG]: Filling text 'Admin' in element: locator('input[name="username"]')
2026-08-03 20:59:50 [DEBUG]: Filling text 'admin123' in element: locator('input[name="password"]')
2026-08-03 20:59:50 [DEBUG]: Clicking element: locator('button[type="submit"]')
2026-08-03 20:59:50 [INFO]: Page loaded successfully
2026-08-03 20:59:52 [INFO]: Page loaded successfully
2026-08-03 20:59:53 [DEBUG]: Element visibility: true
2026-08-03 20:59:53 [DEBUG]: Text content: Invalid credentials
2026-08-03 20:59:53 [INFO]: Error message displayed: Invalid credentials
2026-08-03 20:59:54 [INFO]: Navigating to https://opensource-demo.orangehrmlive.com
2026-08-03 20:59:59 [DEBUG]: Element visibility: true
2026-08-03 20:59:59 [INFO]: Dashboard displayed successfully
2026-08-03 20:59:59 [DEBUG]: Text content: Dashboard
2026-08-03 21:00:01 [INFO]: Navigating to https://www.saucedemo.com
2026-08-03 21:00:03 [INFO]: Page loaded successfully
2026-08-03 21:00:03 [INFO]: Navigating to https://opensource-demo.orangehrmlive.com
2026-08-03 21:00:05 [INFO]: Page loaded successfully
2026-08-03 21:00:05 [INFO]: Logging in as: Admin
2026-08-03 21:00:05 [DEBUG]: Filling text 'Admin' in element: locator('input[name="username"]')
2026-08-03 21:00:05 [DEBUG]: Filling text 'admin123' in element: locator('input[name="password"]')
2026-08-03 21:00:05 [DEBUG]: Clicking element: locator('button[type="submit"]')
2026-08-03 21:00:10 [INFO]: Page loaded successfully
2026-08-03 21:00:10 [INFO]: Logging in as: standard_user
2026-08-03 21:00:10 [DEBUG]: Filling text 'standard_user' in element: locator('#user-name')
2026-08-03 21:00:10 [DEBUG]: Filling text 'secret_sauce' in element: locator('#password')
2026-08-03 21:00:10 [DEBUG]: Clicking element: locator('#login-button')
2026-08-03 21:00:11 [INFO]: Page loaded successfully
2026-08-03 21:00:11 [DEBUG]: Element visibility: true
2026-08-03 21:00:11 [INFO]: Adding product to cart: Sauce Labs Backpack
2026-08-03 21:00:11 [DEBUG]: Clicking element: locator('#add-to-cart-sauce-labs-backpack')
2026-08-03 21:00:11 [INFO]: Adding product to cart: Sauce Labs Bike Light
2026-08-03 21:00:11 [DEBUG]: Clicking element: locator('#add-to-cart-sauce-labs-bike-light')
2026-08-03 21:00:11 [DEBUG]: Element visibility: true
2026-08-03 21:00:11 [DEBUG]: Text content: 2
2026-08-03 21:00:11 [DEBUG]: Clicking element: locator('.shopping_cart_link')
2026-08-03 21:00:11 [DEBUG]: Element count: 2
2026-08-03 21:00:11 [INFO]: Removing item from cart: Sauce Labs Bike Light
2026-08-03 21:00:11 [DEBUG]: Clicking element: locator('#remove-sauce-labs-bike-light')
2026-08-03 21:00:11 [DEBUG]: Element count: 1
2026-08-03 21:00:11 [DEBUG]: Clicking element: locator('#checkout')
2026-08-03 21:00:12 [INFO]: Filling checkout information
2026-08-03 21:00:12 [DEBUG]: Filling text 'John' in element: locator('#first-name')
2026-08-03 21:00:12 [DEBUG]: Filling text 'Doe' in element: locator('#last-name')
2026-08-03 21:00:12 [DEBUG]: Filling text '12345' in element: locator('#postal-code')
2026-08-03 21:00:12 [DEBUG]: Clicking element: locator('#continue')
2026-08-03 21:00:12 [INFO]: Page loaded successfully
2026-08-03 21:00:12 [DEBUG]: Clicking element: locator('#finish')
2026-08-03 21:00:12 [INFO]: Page loaded successfully
2026-08-03 21:00:12 [DEBUG]: Current URL: https://www.saucedemo.com/checkout-complete.html
2026-08-03 21:00:13 [INFO]: Navigating to https://www.saucedemo.com
2026-08-03 21:00:16 [INFO]: Page loaded successfully
2026-08-03 21:00:16 [INFO]: Logging out
2026-08-03 21:00:16 [DEBUG]: Clicking element: locator('.oxd-userdropdown-tab')
2026-08-03 21:00:16 [DEBUG]: Clicking element: locator('a[href="/web/index.php/auth/logout"]')
2026-08-03 21:00:18 [INFO]: Page loaded successfully
2026-08-03 21:00:22 [INFO]: Page loaded successfully
2026-08-03 21:00:22 [INFO]: Logging in as: standard_user
2026-08-03 21:00:22 [DEBUG]: Filling text 'standard_user' in element: locator('#user-name')
2026-08-03 21:00:22 [DEBUG]: Filling text 'secret_sauce' in element: locator('#password')
2026-08-03 21:00:22 [DEBUG]: Clicking element: locator('#login-button')
2026-08-03 21:00:22 [INFO]: Page loaded successfully
2026-08-03 21:00:22 [INFO]: Adding product to cart: Sauce Labs Backpack
2026-08-03 21:00:22 [DEBUG]: Clicking element: locator('#add-to-cart-sauce-labs-backpack')
2026-08-03 21:00:22 [DEBUG]: Element visibility: true
2026-08-03 21:00:22 [DEBUG]: Text content: 1
2026-08-03 21:00:22 [INFO]: Removing product from cart: Sauce Labs Backpack
2026-08-03 21:00:22 [DEBUG]: Clicking element: locator('#remove-sauce-labs-backpack')
2026-08-03 21:00:22 [DEBUG]: Element visibility: false
2026-08-03 21:00:25 [INFO]: Navigating to https://opensource-demo.orangehrmlive.com
2026-08-03 21:00:30 [INFO]: Navigating to https://opensource-demo.orangehrmlive.com
2026-08-03 21:00:36 [INFO]: Page loaded successfully
2026-08-03 21:00:36 [INFO]: Logging in as: Admin
2026-08-03 21:00:36 [DEBUG]: Filling text 'Admin' in element: locator('input[name="username"]')
2026-08-03 21:00:36 [DEBUG]: Filling text 'admin123' in element: locator('input[name="password"]')
2026-08-03 21:00:36 [DEBUG]: Clicking element: locator('button[type="submit"]')
2026-08-03 21:00:41 [INFO]: Page loaded successfully
2026-08-03 21:00:41 [INFO]: Logging in as: invalid
2026-08-03 21:00:41 [DEBUG]: Filling text 'invalid' in element: locator('input[name="username"]')
2026-08-03 21:00:41 [DEBUG]: Filling text 'invalid' in element: locator('input[name="password"]')
2026-08-03 21:00:41 [DEBUG]: Clicking element: locator('button[type="submit"]')
2026-08-03 21:00:43 [INFO]: Page loaded successfully
2026-08-03 21:00:44 [DEBUG]: Element visibility: true
2026-08-03 21:00:44 [DEBUG]: Text content: Invalid credentials
2026-08-03 21:00:44 [INFO]: Error message displayed: Invalid credentials
2026-08-03 21:00:45 [INFO]: Navigating to https://opensource-demo.orangehrmlive.com
2026-08-03 21:00:48 [INFO]: Page loaded successfully
2026-08-03 21:00:48 [DEBUG]: Element visibility: true
2026-08-03 21:00:48 [INFO]: Dashboard displayed successfully
2026-08-03 21:00:48 [DEBUG]: Text content: Dashboard
2026-08-03 21:00:49 [INFO]: Navigating to https://www.saucedemo.com
2026-08-03 21:00:54 [INFO]: Page loaded successfully
2026-08-03 21:00:54 [INFO]: Navigating to https://opensource-demo.orangehrmlive.com
2026-08-03 21:00:56 [INFO]: Page loaded successfully
2026-08-03 21:00:56 [INFO]: Logging in as: standard_user
2026-08-03 21:00:56 [DEBUG]: Filling text 'standard_user' in element: locator('#user-name')
2026-08-03 21:00:56 [DEBUG]: Filling text 'secret_sauce' in element: locator('#password')
2026-08-03 21:00:56 [DEBUG]: Clicking element: locator('#login-button')
2026-08-03 21:00:56 [INFO]: Page loaded successfully
2026-08-03 21:00:56 [DEBUG]: Element visibility: true
2026-08-03 21:00:56 [INFO]: Adding product to cart: Sauce Labs Backpack
2026-08-03 21:00:56 [DEBUG]: Clicking element: locator('#add-to-cart-sauce-labs-backpack')
2026-08-03 21:00:56 [INFO]: Page loaded successfully
2026-08-03 21:00:56 [INFO]: Adding product to cart: Sauce Labs Bike Light
2026-08-03 21:00:56 [INFO]: Logging in as: Admin
2026-08-03 21:00:56 [DEBUG]: Filling text 'Admin' in element: locator('input[name="username"]')
2026-08-03 21:00:56 [DEBUG]: Clicking element: locator('#add-to-cart-sauce-labs-bike-light')
2026-08-03 21:00:56 [DEBUG]: Filling text 'admin123' in element: locator('input[name="password"]')
2026-08-03 21:00:56 [DEBUG]: Element visibility: true
2026-08-03 21:00:56 [DEBUG]: Text content: 2
2026-08-03 21:00:56 [DEBUG]: Clicking element: locator('.shopping_cart_link')
2026-08-03 21:00:56 [DEBUG]: Clicking element: locator('button[type="submit"]')
2026-08-03 21:00:56 [DEBUG]: Element count: 2
2026-08-03 21:00:56 [INFO]: Removing item from cart: Sauce Labs Bike Light
2026-08-03 21:00:56 [DEBUG]: Clicking element: locator('#remove-sauce-labs-bike-light')
2026-08-03 21:00:56 [DEBUG]: Element count: 1
2026-08-03 21:00:56 [DEBUG]: Clicking element: locator('#checkout')
2026-08-03 21:00:57 [INFO]: Filling checkout information
2026-08-03 21:00:57 [DEBUG]: Filling text 'John' in element: locator('#first-name')
2026-08-03 21:00:57 [DEBUG]: Filling text 'Doe' in element: locator('#last-name')
2026-08-03 21:00:57 [DEBUG]: Filling text '12345' in element: locator('#postal-code')
2026-08-03 21:00:57 [DEBUG]: Clicking element: locator('#continue')
2026-08-03 21:00:57 [INFO]: Page loaded successfully
2026-08-03 21:00:57 [DEBUG]: Clicking element: locator('#finish')
2026-08-03 21:00:57 [INFO]: Page loaded successfully
2026-08-03 21:00:57 [DEBUG]: Current URL: https://www.saucedemo.com/checkout-complete.html
2026-08-03 21:00:58 [INFO]: Navigating to https://www.saucedemo.com
2026-08-03 21:01:04 [INFO]: Page loaded successfully
2026-08-03 21:01:04 [INFO]: Logging out
2026-08-03 21:01:04 [DEBUG]: Clicking element: locator('.oxd-userdropdown-tab')
2026-08-03 21:01:04 [INFO]: Page loaded successfully
2026-08-03 21:01:04 [INFO]: Logging in as: standard_user
2026-08-03 21:01:04 [DEBUG]: Filling text 'standard_user' in element: locator('#user-name')
2026-08-03 21:01:05 [DEBUG]: Clicking element: locator('a[href="/web/index.php/auth/logout"]')
2026-08-03 21:01:05 [DEBUG]: Filling text 'secret_sauce' in element: locator('#password')
2026-08-03 21:01:05 [DEBUG]: Clicking element: locator('#login-button')
2026-08-03 21:01:05 [INFO]: Page loaded successfully
2026-08-03 21:01:05 [INFO]: Adding product to cart: Sauce Labs Backpack
2026-08-03 21:01:05 [DEBUG]: Clicking element: locator('#add-to-cart-sauce-labs-backpack')
2026-08-03 21:01:05 [DEBUG]: Element visibility: true
2026-08-03 21:01:05 [DEBUG]: Text content: 1
2026-08-03 21:01:05 [INFO]: Removing product from cart: Sauce Labs Backpack
2026-08-03 21:01:05 [DEBUG]: Clicking element: locator('#remove-sauce-labs-backpack')
2026-08-03 21:01:05 [DEBUG]: Element visibility: false
2026-08-03 21:01:08 [INFO]: Page loaded successfully
2026-08-03 21:01:11 [INFO]: Navigating to https://opensource-demo.orangehrmlive.com
2026-08-03 21:01:13 [INFO]: Navigating to https://opensource-demo.orangehrmlive.com
2026-08-03 21:01:23 [INFO]: Page loaded successfully
2026-08-03 21:01:23 [INFO]: Logging in as: Admin
2026-08-03 21:01:23 [DEBUG]: Filling text 'Admin' in element: locator('input[name="username"]')
2026-08-03 21:01:24 [DEBUG]: Filling text 'admin123' in element: locator('input[name="password"]')
2026-08-03 21:01:24 [DEBUG]: Clicking element: locator('button[type="submit"]')
2026-08-03 21:01:26 [INFO]: Page loaded successfully
2026-08-03 21:01:26 [INFO]: Logging in as: invalid
2026-08-03 21:01:26 [DEBUG]: Filling text 'invalid' in element: locator('input[name="username"]')
2026-08-03 21:01:27 [DEBUG]: Filling text 'invalid' in element: locator('input[name="password"]')
2026-08-03 21:01:28 [DEBUG]: Clicking element: locator('button[type="submit"]')
2026-08-03 21:01:30 [INFO]: Page loaded successfully
2026-08-03 21:01:33 [DEBUG]: Element visibility: true
2026-08-03 21:01:34 [DEBUG]: Text content: Invalid credentials
2026-08-03 21:01:34 [INFO]: Error message displayed: Invalid credentials
2026-08-03 21:01:37 [INFO]: Navigating to https://opensource-demo.orangehrmlive.com
2026-08-03 21:01:52 [INFO]: Page loaded successfully
2026-08-03 21:01:52 [INFO]: Navigating to https://opensource-demo.orangehrmlive.com
2026-08-03 21:01:55 [INFO]: Page loaded successfully
2026-08-03 21:01:55 [INFO]: Logging in as: Admin
2026-08-03 21:01:55 [DEBUG]: Filling text 'Admin' in element: locator('input[name="username"]')
2026-08-03 21:01:56 [WARN]: Network idle timeout, checking if page is loaded...
2026-08-03 21:01:56 [INFO]: Page loaded (without network idle)
2026-08-03 21:01:57 [DEBUG]: Filling text 'admin123' in element: locator('input[name="password"]')
2026-08-03 21:01:58 [DEBUG]: Clicking element: locator('button[type="submit"]')
2026-08-03 21:02:06 [WARN]: Network idle timeout, continuing with dashboard check
2026-08-03 21:02:06 [DEBUG]: Element visibility: true
2026-08-03 21:02:06 [INFO]: Dashboard displayed successfully
2026-08-03 21:02:07 [DEBUG]: Text content: Dashboard
2026-08-03 21:02:20 [INFO]: Navigating to https://www.saucedemo.com
2026-08-03 21:02:31 [WARN]: Network idle timeout, checking if page is loaded...
2026-08-03 21:02:31 [INFO]: Page loaded (without network idle)
2026-08-03 21:02:31 [INFO]: Logging out
2026-08-03 21:02:31 [DEBUG]: Clicking element: locator('.oxd-userdropdown-tab')
2026-08-03 21:02:34 [DEBUG]: Clicking element: locator('a[href="/web/index.php/auth/logout"]')
2026-08-03 21:02:37 [INFO]: Page loaded successfully
2026-08-03 21:02:37 [INFO]: Logging in as: standard_user
2026-08-03 21:02:37 [DEBUG]: Filling text 'standard_user' in element: locator('#user-name')
2026-08-03 21:02:38 [DEBUG]: Filling text 'secret_sauce' in element: locator('#password')
2026-08-03 21:02:40 [DEBUG]: Clicking element: locator('#login-button')
2026-08-03 21:02:42 [INFO]: Page loaded successfully
2026-08-03 21:02:43 [DEBUG]: Element visibility: true
2026-08-03 21:02:43 [INFO]: Adding product to cart: Sauce Labs Backpack
2026-08-03 21:02:43 [DEBUG]: Clicking element: locator('#add-to-cart-sauce-labs-backpack')
2026-08-03 21:02:45 [INFO]: Adding product to cart: Sauce Labs Bike Light
2026-08-03 21:02:45 [DEBUG]: Clicking element: locator('#add-to-cart-sauce-labs-bike-light')
2026-08-03 21:02:46 [DEBUG]: Element visibility: true
2026-08-03 21:02:47 [DEBUG]: Text content: 2
2026-08-03 21:02:47 [DEBUG]: Clicking element: locator('.shopping_cart_link')
2026-08-03 21:02:48 [WARN]: Network idle timeout, checking if page is loaded...
2026-08-03 21:02:48 [DEBUG]: Element count: 2
2026-08-03 21:02:48 [INFO]: Removing item from cart: Sauce Labs Bike Light
2026-08-03 21:02:48 [DEBUG]: Clicking element: locator('#remove-sauce-labs-bike-light')
2026-08-03 21:02:49 [DEBUG]: Element count: 1
2026-08-03 21:02:49 [DEBUG]: Clicking element: locator('#checkout')
2026-08-03 21:02:49 [INFO]: Filling checkout information
2026-08-03 21:02:49 [DEBUG]: Filling text 'John' in element: locator('#first-name')
2026-08-03 21:02:49 [DEBUG]: Filling text 'Doe' in element: locator('#last-name')
2026-08-03 21:02:49 [DEBUG]: Filling text '12345' in element: locator('#postal-code')
2026-08-03 21:02:50 [DEBUG]: Clicking element: locator('#continue')
2026-08-03 21:02:50 [INFO]: Page loaded successfully
2026-08-03 21:02:50 [DEBUG]: Clicking element: locator('#finish')
2026-08-03 21:02:50 [INFO]: Page loaded successfully
2026-08-03 21:02:50 [DEBUG]: Current URL: https://www.saucedemo.com/checkout-complete.html
2026-08-03 21:02:52 [INFO]: Navigating to https://www.saucedemo.com
2026-08-03 21:02:53 [INFO]: Navigating to https://opensource-demo.orangehrmlive.com
2026-08-03 21:03:04 [INFO]: Page loaded successfully
2026-08-03 21:03:04 [INFO]: Navigating to https://opensource-demo.orangehrmlive.com
2026-08-03 21:03:05 [INFO]: Page loaded successfully
2026-08-03 21:03:05 [INFO]: Logging in as: standard_user
2026-08-03 21:03:05 [DEBUG]: Filling text 'standard_user' in element: locator('#user-name')
2026-08-03 21:03:06 [DEBUG]: Filling text 'secret_sauce' in element: locator('#password')
2026-08-03 21:03:07 [DEBUG]: Clicking element: locator('#login-button')
2026-08-03 21:03:08 [INFO]: Page loaded successfully
2026-08-03 21:03:08 [INFO]: Logging in as: Admin
2026-08-03 21:03:08 [DEBUG]: Filling text 'Admin' in element: locator('input[name="username"]')
2026-08-03 21:03:08 [INFO]: Page loaded successfully
2026-08-03 21:03:08 [INFO]: Adding product to cart: Sauce Labs Backpack
2026-08-03 21:03:08 [DEBUG]: Clicking element: locator('#add-to-cart-sauce-labs-backpack')
2026-08-03 21:03:09 [DEBUG]: Filling text 'admin123' in element: locator('input[name="password"]')
2026-08-03 21:03:10 [DEBUG]: Element visibility: true
2026-08-03 21:03:10 [DEBUG]: Clicking element: locator('button[type="submit"]')
2026-08-03 21:03:10 [DEBUG]: Text content: 1
2026-08-03 21:03:10 [INFO]: Removing product from cart: Sauce Labs Backpack
2026-08-03 21:03:10 [DEBUG]: Clicking element: locator('#remove-sauce-labs-backpack')
2026-08-03 21:03:11 [INFO]: Page loaded successfully
2026-08-03 21:03:11 [INFO]: Logging out
2026-08-03 21:03:11 [DEBUG]: Clicking element: locator('.oxd-userdropdown-tab')
2026-08-03 21:03:11 [DEBUG]: Element visibility: false
2026-08-03 21:03:15 [DEBUG]: Clicking element: locator('a[href="/web/index.php/auth/logout"]')
2026-08-03 21:03:23 [INFO]: Page loaded successfully
2026-08-03 21:05:13 [INFO]: Navigating to https://www.saucedemo.com
2026-08-03 21:05:14 [INFO]: Navigating to https://www.saucedemo.com
2026-08-03 21:05:22 [INFO]: Page loaded successfully
2026-08-03 21:05:22 [INFO]: Page loaded successfully
2026-08-03 21:05:22 [INFO]: Logging in as: standard_user
2026-08-03 21:05:22 [DEBUG]: Filling text 'standard_user' in element: locator('#user-name')
2026-08-03 21:05:22 [INFO]: Logging in as: standard_user
2026-08-03 21:05:22 [DEBUG]: Filling text 'standard_user' in element: locator('#user-name')
2026-08-03 21:05:23 [DEBUG]: Filling text 'secret_sauce' in element: locator('#password')
2026-08-03 21:05:23 [DEBUG]: Clicking element: locator('#login-button')
2026-08-03 21:05:23 [DEBUG]: Filling text 'secret_sauce' in element: locator('#password')
2026-08-03 21:05:24 [DEBUG]: Clicking element: locator('#login-button')
2026-08-03 21:05:24 [INFO]: Page loaded successfully
2026-08-03 21:05:24 [DEBUG]: Element visibility: true
2026-08-03 21:05:24 [INFO]: Adding product to cart: Sauce Labs Backpack
2026-08-03 21:05:24 [DEBUG]: Clicking element: locator('#add-to-cart-sauce-labs-backpack')
2026-08-03 21:05:25 [INFO]: Adding product to cart: Sauce Labs Bike Light
2026-08-03 21:05:25 [DEBUG]: Clicking element: locator('#add-to-cart-sauce-labs-bike-light')
2026-08-03 21:05:25 [DEBUG]: Element visibility: true
2026-08-03 21:05:25 [DEBUG]: Text content: 2
2026-08-03 21:05:25 [DEBUG]: Clicking element: locator('.shopping_cart_link')
2026-08-03 21:05:26 [INFO]: Page loaded successfully
2026-08-03 21:05:26 [INFO]: Adding product to cart: Sauce Labs Backpack
2026-08-03 21:05:26 [DEBUG]: Clicking element: locator('#add-to-cart-sauce-labs-backpack')
2026-08-03 21:05:26 [DEBUG]: Element count: 2
2026-08-03 21:05:26 [INFO]: Removing item from cart: Sauce Labs Bike Light
2026-08-03 21:05:26 [DEBUG]: Clicking element: locator('#remove-sauce-labs-bike-light')
2026-08-03 21:05:26 [DEBUG]: Element count: 1
2026-08-03 21:05:26 [DEBUG]: Clicking element: locator('#checkout')
2026-08-03 21:05:26 [INFO]: Filling checkout information
2026-08-03 21:05:26 [DEBUG]: Filling text 'John' in element: locator('#first-name')
2026-08-03 21:05:26 [DEBUG]: Filling text 'Doe' in element: locator('#last-name')
2026-08-03 21:05:26 [DEBUG]: Filling text '12345' in element: locator('#postal-code')
2026-08-03 21:05:27 [DEBUG]: Clicking element: locator('#continue')
2026-08-03 21:05:27 [DEBUG]: Element visibility: true
2026-08-03 21:05:27 [DEBUG]: Text content: 1
2026-08-03 21:05:27 [INFO]: Removing product from cart: Sauce Labs Backpack
2026-08-03 21:05:27 [DEBUG]: Clicking element: locator('#remove-sauce-labs-backpack')
2026-08-03 21:05:27 [INFO]: Page loaded successfully
2026-08-03 21:05:27 [DEBUG]: Clicking element: locator('#finish')
2026-08-03 21:05:27 [DEBUG]: Element visibility: false
2026-08-03 21:05:27 [INFO]: Page loaded successfully
2026-08-03 21:05:27 [DEBUG]: Current URL: https://www.saucedemo.com/checkout-complete.html
2026-08-03 21:07:40 [HTTP]: [REQUEST] POST /users
2026-08-03 21:07:40 [DEBUG]: [REQUEST BODY] {"name":"John Doe","job":"QA Engineer"}
2026-08-03 21:07:40 [HTTP]: [REQUEST] GET /users?page=1
2026-08-03 21:07:40 [HTTP]: [REQUEST] PUT /users/2
2026-08-03 21:07:40 [HTTP]: [REQUEST] GET /users/2
2026-08-03 21:07:40 [DEBUG]: [REQUEST BODY] {"name":"Jane Doe","job":"Senior QA Engineer"}
2026-08-03 21:07:43 [ERROR]: [RESPONSE ERROR] 401 - Unauthorized
2026-08-03 21:07:43 [ERROR]: [RESPONSE ERROR] 401 - Unauthorized
2026-08-03 21:07:43 [ERROR]: [RESPONSE ERROR] 401 - Unauthorized
2026-08-03 21:07:43 [ERROR]: [RESPONSE ERROR] 401 - Unauthorized
2026-08-03 21:07:45 [HTTP]: [REQUEST] GET /users/2
2026-08-03 21:07:45 [HTTP]: [REQUEST] GET /users?page=1
2026-08-03 21:07:45 [HTTP]: [REQUEST] PUT /users/2
2026-08-03 21:07:45 [DEBUG]: [REQUEST BODY] {"name":"Jane Doe","job":"Senior QA Engineer"}
2026-08-03 21:07:45 [HTTP]: [REQUEST] POST /users
2026-08-03 21:07:45 [DEBUG]: [REQUEST BODY] {"name":"John Doe","job":"QA Engineer"}
2026-08-03 21:07:47 [ERROR]: [RESPONSE ERROR] 401 - Unauthorized
2026-08-03 21:07:47 [ERROR]: [RESPONSE ERROR] 401 - Unauthorized
2026-08-03 21:07:47 [ERROR]: [RESPONSE ERROR] 401 - Unauthorized
2026-08-03 21:07:48 [ERROR]: [RESPONSE ERROR] 401 - Unauthorized
2026-08-03 21:07:50 [HTTP]: [REQUEST] GET /users?page=1
2026-08-03 21:07:50 [HTTP]: [REQUEST] GET /users/2
2026-08-03 21:07:50 [HTTP]: [REQUEST] PUT /users/2
2026-08-03 21:07:50 [DEBUG]: [REQUEST BODY] {"name":"Jane Doe","job":"Senior QA Engineer"}
2026-08-03 21:07:50 [HTTP]: [REQUEST] POST /users
2026-08-03 21:07:50 [DEBUG]: [REQUEST BODY] {"name":"John Doe","job":"QA Engineer"}
2026-08-03 21:07:52 [ERROR]: [RESPONSE ERROR] 401 - Unauthorized
2026-08-03 21:07:52 [ERROR]: [RESPONSE ERROR] 401 - Unauthorized
2026-08-03 21:07:52 [ERROR]: [RESPONSE ERROR] 401 - Unauthorized
2026-08-03 21:07:52 [ERROR]: [RESPONSE ERROR] 401 - Unauthorized
2026-08-03 21:07:54 [HTTP]: [REQUEST] DELETE /users/2
2026-08-03 21:07:54 [HTTP]: [REQUEST] POST /login
2026-08-03 21:07:54 [DEBUG]: [REQUEST BODY] {"email":"eve.holt@reqres.in","password":"cityslicka"}
2026-08-03 21:07:57 [ERROR]: [RESPONSE ERROR] 401 - Unauthorized
2026-08-03 21:07:57 [ERROR]: [RESPONSE ERROR] 401 - Unauthorized
2026-08-03 21:07:58 [INFO]: Navigating to https://opensource-demo.orangehrmlive.com
2026-08-03 21:07:59 [INFO]: Navigating to https://opensource-demo.orangehrmlive.com
2026-08-03 21:08:01 [HTTP]: [REQUEST] DELETE /users/2
2026-08-03 21:08:01 [HTTP]: [REQUEST] POST /login
2026-08-03 21:08:01 [DEBUG]: [REQUEST BODY] {"email":"eve.holt@reqres.in","password":"cityslicka"}
2026-08-03 21:08:03 [ERROR]: [RESPONSE ERROR] 401 - Unauthorized
2026-08-03 21:08:03 [ERROR]: [RESPONSE ERROR] 401 - Unauthorized
2026-08-03 21:08:05 [HTTP]: [REQUEST] DELETE /users/2
2026-08-03 21:08:06 [HTTP]: [REQUEST] POST /login
2026-08-03 21:08:06 [DEBUG]: [REQUEST BODY] {"email":"eve.holt@reqres.in","password":"cityslicka"}
2026-08-03 21:08:07 [INFO]: Page loaded successfully
2026-08-03 21:08:07 [INFO]: Logging in as: invalid
2026-08-03 21:08:07 [DEBUG]: Filling text 'invalid' in element: locator('input[name="username"]')
2026-08-03 21:08:07 [DEBUG]: Filling text 'invalid' in element: locator('input[name="password"]')
2026-08-03 21:08:07 [DEBUG]: Clicking element: locator('button[type="submit"]')
2026-08-03 21:08:08 [INFO]: Page loaded successfully
2026-08-03 21:08:08 [ERROR]: [RESPONSE ERROR] 401 - Unauthorized
2026-08-03 21:08:08 [ERROR]: [RESPONSE ERROR] 401 - Unauthorized
2026-08-03 21:08:09 [DEBUG]: Element visibility: false
2026-08-03 21:08:09 [INFO]: Page loaded successfully
2026-08-03 21:08:09 [INFO]: Logging in as: Admin
2026-08-03 21:08:09 [DEBUG]: Filling text 'Admin' in element: locator('input[name="username"]')
2026-08-03 21:08:09 [DEBUG]: Filling text 'admin123' in element: locator('input[name="password"]')
2026-08-03 21:08:09 [DEBUG]: Clicking element: locator('button[type="submit"]')
2026-08-03 21:08:16 [INFO]: Navigating to https://opensource-demo.orangehrmlive.com
2026-08-03 21:08:17 [INFO]: Navigating to https://www.saucedemo.com
2026-08-03 21:08:19 [INFO]: Page loaded successfully
2026-08-03 21:08:19 [DEBUG]: Element visibility: true
2026-08-03 21:08:19 [INFO]: Dashboard displayed successfully
2026-08-03 21:08:19 [DEBUG]: Text content: Dashboard
2026-08-03 21:08:21 [INFO]: Navigating to https://opensource-demo.orangehrmlive.com
2026-08-03 21:08:22 [INFO]: Navigating to https://www.saucedemo.com
2026-08-03 21:08:26 [INFO]: Page loaded successfully
2026-08-03 21:08:26 [INFO]: Navigating to https://opensource-demo.orangehrmlive.com
2026-08-03 21:08:26 [INFO]: Page loaded successfully
2026-08-03 21:08:26 [INFO]: Logging in as: standard_user
2026-08-03 21:08:26 [DEBUG]: Filling text 'standard_user' in element: locator('#user-name')
2026-08-03 21:08:26 [DEBUG]: Filling text 'secret_sauce' in element: locator('#password')
2026-08-03 21:08:27 [DEBUG]: Clicking element: locator('#login-button')
2026-08-03 21:08:27 [INFO]: Page loaded successfully
2026-08-03 21:08:27 [DEBUG]: Element visibility: true
2026-08-03 21:08:27 [INFO]: Adding product to cart: Sauce Labs Backpack
2026-08-03 21:08:27 [DEBUG]: Clicking element: locator('#add-to-cart-sauce-labs-backpack')
2026-08-03 21:08:27 [INFO]: Adding product to cart: Sauce Labs Bike Light
2026-08-03 21:08:27 [DEBUG]: Clicking element: locator('#add-to-cart-sauce-labs-bike-light')
2026-08-03 21:08:27 [DEBUG]: Element visibility: true
2026-08-03 21:08:27 [DEBUG]: Text content: 2
2026-08-03 21:08:27 [DEBUG]: Clicking element: locator('.shopping_cart_link')
2026-08-03 21:08:27 [DEBUG]: Element count: 2
2026-08-03 21:08:27 [INFO]: Removing item from cart: Sauce Labs Bike Light
2026-08-03 21:08:27 [DEBUG]: Clicking element: locator('#remove-sauce-labs-bike-light')
2026-08-03 21:08:27 [DEBUG]: Element count: 1
2026-08-03 21:08:27 [DEBUG]: Clicking element: locator('#checkout')
2026-08-03 21:08:28 [INFO]: Filling checkout information
2026-08-03 21:08:28 [DEBUG]: Filling text 'John' in element: locator('#first-name')
2026-08-03 21:08:28 [DEBUG]: Filling text 'Doe' in element: locator('#last-name')
2026-08-03 21:08:28 [DEBUG]: Filling text '12345' in element: locator('#postal-code')
2026-08-03 21:08:28 [DEBUG]: Clicking element: locator('#continue')
2026-08-03 21:08:28 [INFO]: Page loaded successfully
2026-08-03 21:08:28 [DEBUG]: Clicking element: locator('#finish')
2026-08-03 21:08:28 [INFO]: Page loaded successfully
2026-08-03 21:08:28 [DEBUG]: Current URL: https://www.saucedemo.com/checkout-complete.html
2026-08-03 21:08:28 [INFO]: Page loaded successfully
2026-08-03 21:08:28 [INFO]: Logging in as: Admin
2026-08-03 21:08:28 [DEBUG]: Filling text 'Admin' in element: locator('input[name="username"]')
2026-08-03 21:08:29 [DEBUG]: Filling text 'admin123' in element: locator('input[name="password"]')
2026-08-03 21:08:29 [DEBUG]: Clicking element: locator('button[type="submit"]')
2026-08-03 21:08:29 [INFO]: Page loaded successfully
2026-08-03 21:08:29 [INFO]: Logging in as: invalid
2026-08-03 21:08:29 [DEBUG]: Filling text 'invalid' in element: locator('input[name="username"]')
2026-08-03 21:08:29 [DEBUG]: Filling text 'invalid' in element: locator('input[name="password"]')
2026-08-03 21:08:29 [DEBUG]: Clicking element: locator('button[type="submit"]')
2026-08-03 21:08:30 [INFO]: Page loaded successfully
2026-08-03 21:08:30 [INFO]: Logging in as: standard_user
2026-08-03 21:08:30 [DEBUG]: Filling text 'standard_user' in element: locator('#user-name')
2026-08-03 21:08:30 [DEBUG]: Filling text 'secret_sauce' in element: locator('#password')
2026-08-03 21:08:30 [DEBUG]: Clicking element: locator('#login-button')
2026-08-03 21:08:31 [INFO]: Page loaded successfully
2026-08-03 21:08:31 [INFO]: Adding product to cart: Sauce Labs Backpack
2026-08-03 21:08:31 [DEBUG]: Clicking element: locator('#add-to-cart-sauce-labs-backpack')
2026-08-03 21:08:31 [DEBUG]: Element visibility: true
2026-08-03 21:08:31 [DEBUG]: Text content: 1
2026-08-03 21:08:31 [INFO]: Removing product from cart: Sauce Labs Backpack
2026-08-03 21:08:31 [DEBUG]: Clicking element: locator('#remove-sauce-labs-backpack')
2026-08-03 21:08:31 [DEBUG]: Element visibility: false
2026-08-03 21:08:32 [INFO]: Page loaded successfully
2026-08-03 21:08:33 [DEBUG]: Element visibility: true
2026-08-03 21:08:33 [DEBUG]: Text content: Invalid credentials
2026-08-03 21:08:33 [INFO]: Error message displayed: Invalid credentials
2026-08-03 21:08:39 [INFO]: Page loaded successfully
2026-08-03 21:08:39 [INFO]: Logging out
2026-08-03 21:08:39 [DEBUG]: Clicking element: locator('.oxd-userdropdown-tab')
2026-08-03 21:08:39 [DEBUG]: Clicking element: locator('a[href="/web/index.php/auth/logout"]')
2026-08-03 21:08:42 [INFO]: Logout successful - redirected to login page
2026-08-03 21:08:42 [HTTP]: [REQUEST] POST /users
2026-08-03 21:08:42 [DEBUG]: [REQUEST BODY] {"name":"John Doe","job":"QA Engineer"}
2026-08-03 21:08:43 [HTTP]: [REQUEST] GET /users/2
2026-08-03 21:08:44 [HTTP]: [REQUEST] GET /users?page=1
2026-08-03 21:08:45 [ERROR]: [RESPONSE ERROR] 401 - Unauthorized
2026-08-03 21:08:45 [ERROR]: [RESPONSE ERROR] 401 - Unauthorized
2026-08-03 21:08:46 [HTTP]: [REQUEST] PUT /users/2
2026-08-03 21:08:46 [DEBUG]: [REQUEST BODY] {"name":"Jane Doe","job":"Senior QA Engineer"}
2026-08-03 21:08:46 [ERROR]: [RESPONSE ERROR] 401 - Unauthorized
2026-08-03 21:08:47 [HTTP]: [REQUEST] POST /users
2026-08-03 21:08:47 [DEBUG]: [REQUEST BODY] {"name":"John Doe","job":"QA Engineer"}
2026-08-03 21:08:48 [HTTP]: [REQUEST] GET /users/2
2026-08-03 21:08:48 [ERROR]: [RESPONSE ERROR] 401 - Unauthorized
2026-08-03 21:08:49 [HTTP]: [REQUEST] GET /users?page=1
2026-08-03 21:08:49 [ERROR]: [RESPONSE ERROR] 401 - Unauthorized
2026-08-03 21:08:50 [ERROR]: [RESPONSE ERROR] 401 - Unauthorized
2026-08-03 21:08:50 [HTTP]: [REQUEST] PUT /users/2
2026-08-03 21:08:50 [DEBUG]: [REQUEST BODY] {"name":"Jane Doe","job":"Senior QA Engineer"}
2026-08-03 21:08:51 [ERROR]: [RESPONSE ERROR] 401 - Unauthorized
2026-08-03 21:08:52 [HTTP]: [REQUEST] POST /users
2026-08-03 21:08:52 [DEBUG]: [REQUEST BODY] {"name":"John Doe","job":"QA Engineer"}
2026-08-03 21:08:53 [HTTP]: [REQUEST] GET /users/2
2026-08-03 21:08:53 [ERROR]: [RESPONSE ERROR] 401 - Unauthorized
2026-08-03 21:08:53 [HTTP]: [REQUEST] GET /users?page=1
2026-08-03 21:08:54 [HTTP]: [REQUEST] PUT /users/2
2026-08-03 21:08:54 [DEBUG]: [REQUEST BODY] {"name":"Jane Doe","job":"Senior QA Engineer"}
2026-08-03 21:08:55 [ERROR]: [RESPONSE ERROR] 401 - Unauthorized
2026-08-03 21:08:55 [ERROR]: [RESPONSE ERROR] 401 - Unauthorized
2026-08-03 21:08:56 [ERROR]: [RESPONSE ERROR] 401 - Unauthorized
2026-08-03 21:08:57 [ERROR]: [RESPONSE ERROR] 401 - Unauthorized
2026-08-03 21:08:57 [HTTP]: [REQUEST] DELETE /users/2
2026-08-03 21:08:58 [HTTP]: [REQUEST] POST /login
2026-08-03 21:08:58 [DEBUG]: [REQUEST BODY] {"email":"eve.holt@reqres.in","password":"cityslicka"}
2026-08-03 21:08:59 [ERROR]: [RESPONSE ERROR] 401 - Unauthorized
2026-08-03 21:09:00 [ERROR]: [RESPONSE ERROR] 401 - Unauthorized
2026-08-03 21:09:03 [HTTP]: [REQUEST] DELETE /users/2
2026-08-03 21:09:03 [HTTP]: [REQUEST] POST /login
2026-08-03 21:09:03 [DEBUG]: [REQUEST BODY] {"email":"eve.holt@reqres.in","password":"cityslicka"}
2026-08-03 21:09:05 [INFO]: Navigating to https://opensource-demo.orangehrmlive.com
2026-08-03 21:09:05 [ERROR]: [RESPONSE ERROR] 401 - Unauthorized
2026-08-03 21:09:06 [ERROR]: [RESPONSE ERROR] 401 - Unauthorized
2026-08-03 21:09:07 [INFO]: Navigating to https://opensource-demo.orangehrmlive.com
2026-08-03 21:09:09 [HTTP]: [REQUEST] DELETE /users/2
2026-08-03 21:09:10 [HTTP]: [REQUEST] POST /login
2026-08-03 21:09:10 [DEBUG]: [REQUEST BODY] {"email":"eve.holt@reqres.in","password":"cityslicka"}
2026-08-03 21:09:11 [ERROR]: [RESPONSE ERROR] 401 - Unauthorized
2026-08-03 21:09:12 [ERROR]: [RESPONSE ERROR] 401 - Unauthorized
2026-08-03 21:09:21 [INFO]: Navigating to https://opensource-demo.orangehrmlive.com
2026-08-03 21:09:21 [INFO]: Page loaded successfully
2026-08-03 21:09:21 [INFO]: Logging in as: invalid
2026-08-03 21:09:21 [DEBUG]: Filling text 'invalid' in element: locator('input[name="username"]')
2026-08-03 21:09:21 [DEBUG]: Filling text 'invalid' in element: locator('input[name="password"]')
2026-08-03 21:09:21 [DEBUG]: Clicking element: locator('button[type="submit"]')
2026-08-03 21:09:23 [INFO]: Page loaded successfully
2026-08-03 21:09:23 [INFO]: Navigating to https://www.saucedemo.com
2026-08-03 21:09:24 [DEBUG]: Element visibility: true
2026-08-03 21:09:24 [DEBUG]: Text content: Invalid credentials
2026-08-03 21:09:24 [INFO]: Error message displayed: Invalid credentials
2026-08-03 21:09:25 [INFO]: Page loaded successfully
2026-08-03 21:09:25 [INFO]: Logging in as: Admin
2026-08-03 21:09:25 [DEBUG]: Filling text 'Admin' in element: locator('input[name="username"]')
2026-08-03 21:09:26 [DEBUG]: Filling text 'admin123' in element: locator('input[name="password"]')
2026-08-03 21:09:26 [DEBUG]: Clicking element: locator('button[type="submit"]')
2026-08-03 21:09:26 [INFO]: Navigating to https://www.saucedemo.com
2026-08-03 21:09:33 [INFO]: Page loaded successfully
2026-08-03 21:09:33 [INFO]: Logging in as: standard_user
2026-08-03 21:09:33 [DEBUG]: Filling text 'standard_user' in element: locator('#user-name')
2026-08-03 21:09:33 [DEBUG]: Filling text 'secret_sauce' in element: locator('#password')
2026-08-03 21:09:33 [DEBUG]: Clicking element: locator('#login-button')
2026-08-03 21:09:34 [INFO]: Page loaded successfully
2026-08-03 21:09:34 [INFO]: Adding product to cart: Sauce Labs Backpack
2026-08-03 21:09:34 [DEBUG]: Clicking element: locator('#add-to-cart-sauce-labs-backpack')
2026-08-03 21:09:34 [DEBUG]: Element visibility: true
2026-08-03 21:09:34 [DEBUG]: Text content: 1
2026-08-03 21:09:34 [INFO]: Removing product from cart: Sauce Labs Backpack
2026-08-03 21:09:34 [DEBUG]: Clicking element: locator('#remove-sauce-labs-backpack')
2026-08-03 21:09:34 [DEBUG]: Element visibility: false
2026-08-03 21:09:35 [INFO]: Page loaded successfully
2026-08-03 21:09:35 [INFO]: Logging in as: standard_user
2026-08-03 21:09:35 [DEBUG]: Filling text 'standard_user' in element: locator('#user-name')
2026-08-03 21:09:35 [DEBUG]: Filling text 'secret_sauce' in element: locator('#password')
2026-08-03 21:09:36 [DEBUG]: Clicking element: locator('#login-button')
2026-08-03 21:09:36 [INFO]: Page loaded successfully
2026-08-03 21:09:36 [DEBUG]: Element visibility: true
2026-08-03 21:09:36 [INFO]: Adding product to cart: Sauce Labs Backpack
2026-08-03 21:09:36 [DEBUG]: Clicking element: locator('#add-to-cart-sauce-labs-backpack')
2026-08-03 21:09:36 [INFO]: Adding product to cart: Sauce Labs Bike Light
2026-08-03 21:09:36 [DEBUG]: Clicking element: locator('#add-to-cart-sauce-labs-bike-light')
2026-08-03 21:09:36 [DEBUG]: Element visibility: true
2026-08-03 21:09:36 [DEBUG]: Text content: 2
2026-08-03 21:09:36 [DEBUG]: Clicking element: locator('.shopping_cart_link')
2026-08-03 21:09:36 [DEBUG]: Element count: 2
2026-08-03 21:09:36 [INFO]: Removing item from cart: Sauce Labs Bike Light
2026-08-03 21:09:36 [DEBUG]: Clicking element: locator('#remove-sauce-labs-bike-light')
2026-08-03 21:09:37 [DEBUG]: Element count: 1
2026-08-03 21:09:37 [DEBUG]: Clicking element: locator('#checkout')
2026-08-03 21:09:37 [INFO]: Page loaded successfully
2026-08-03 21:09:37 [INFO]: Filling checkout information
2026-08-03 21:09:37 [INFO]: Navigating to https://opensource-demo.orangehrmlive.com
2026-08-03 21:09:37 [DEBUG]: Filling text 'John' in element: locator('#first-name')
2026-08-03 21:09:37 [DEBUG]: Filling text 'Doe' in element: locator('#last-name')
2026-08-03 21:09:37 [DEBUG]: Filling text '12345' in element: locator('#postal-code')
2026-08-03 21:09:37 [DEBUG]: Clicking element: locator('#continue')
2026-08-03 21:09:37 [INFO]: Page loaded successfully
2026-08-03 21:09:37 [DEBUG]: Clicking element: locator('#finish')
2026-08-03 21:09:37 [INFO]: Page loaded successfully
2026-08-03 21:09:37 [DEBUG]: Current URL: https://www.saucedemo.com/checkout-complete.html
2026-08-03 21:09:39 [INFO]: Page loaded successfully
2026-08-03 21:09:39 [INFO]: Logging in as: Admin
2026-08-03 21:09:39 [DEBUG]: Filling text 'Admin' in element: locator('input[name="username"]')
2026-08-03 21:09:39 [DEBUG]: Filling text 'admin123' in element: locator('input[name="password"]')
2026-08-03 21:09:39 [DEBUG]: Clicking element: locator('button[type="submit"]')
2026-08-03 21:09:39 [INFO]: Page loaded successfully
2026-08-03 21:09:40 [DEBUG]: Element visibility: true
2026-08-03 21:09:40 [INFO]: Dashboard displayed successfully
2026-08-03 21:09:40 [DEBUG]: Text content: Dashboard
2026-08-03 21:09:41 [HTTP]: [REQUEST] GET /users?page=1
2026-08-03 21:09:43 [HTTP]: [REQUEST] GET /users/2
2026-08-03 21:09:44 [ERROR]: [RESPONSE ERROR] 401 - Unauthorized
2026-08-03 21:09:45 [HTTP]: [REQUEST] POST /users
2026-08-03 21:09:45 [DEBUG]: [REQUEST BODY] {"name":"John Doe","job":"QA Engineer"}
2026-08-03 21:09:45 [INFO]: Page loaded successfully
2026-08-03 21:09:45 [INFO]: Logging out
2026-08-03 21:09:45 [DEBUG]: Clicking element: locator('.oxd-userdropdown-tab')
2026-08-03 21:09:45 [DEBUG]: Clicking element: locator('a[href="/web/index.php/auth/logout"]')
2026-08-03 21:09:45 [ERROR]: [RESPONSE ERROR] 401 - Unauthorized
2026-08-03 21:09:46 [HTTP]: [REQUEST] GET /users?page=1
2026-08-03 21:09:47 [ERROR]: [RESPONSE ERROR] 401 - Unauthorized
2026-08-03 21:09:47 [INFO]: Logout successful - redirected to login page
2026-08-03 21:09:48 [HTTP]: [REQUEST] GET /users/2
2026-08-03 21:09:49 [ERROR]: [RESPONSE ERROR] 401 - Unauthorized
2026-08-03 21:09:49 [HTTP]: [REQUEST] POST /users
2026-08-03 21:09:49 [DEBUG]: [REQUEST BODY] {"name":"John Doe","job":"QA Engineer"}
2026-08-03 21:09:50 [ERROR]: [RESPONSE ERROR] 401 - Unauthorized
2026-08-03 21:09:51 [HTTP]: [REQUEST] GET /users?page=1
2026-08-03 21:09:51 [ERROR]: [RESPONSE ERROR] 401 - Unauthorized
2026-08-03 21:09:51 [HTTP]: [REQUEST] PUT /users/2
2026-08-03 21:09:51 [DEBUG]: [REQUEST BODY] {"name":"Jane Doe","job":"Senior QA Engineer"}
2026-08-03 21:09:52 [ERROR]: [RESPONSE ERROR] 401 - Unauthorized
2026-08-03 21:09:53 [HTTP]: [REQUEST] GET /users/2
2026-08-03 21:09:53 [ERROR]: [RESPONSE ERROR] 401 - Unauthorized
2026-08-03 21:09:54 [HTTP]: [REQUEST] DELETE /users/2
2026-08-03 21:09:54 [HTTP]: [REQUEST] POST /users
2026-08-03 21:09:54 [DEBUG]: [REQUEST BODY] {"name":"John Doe","job":"QA Engineer"}
2026-08-03 21:09:55 [HTTP]: [REQUEST] PUT /users/2
2026-08-03 21:09:55 [DEBUG]: [REQUEST BODY] {"name":"Jane Doe","job":"Senior QA Engineer"}
2026-08-03 21:09:55 [ERROR]: [RESPONSE ERROR] 401 - Unauthorized
2026-08-03 21:09:56 [ERROR]: [RESPONSE ERROR] 401 - Unauthorized
2026-08-03 21:09:56 [ERROR]: [RESPONSE ERROR] 401 - Unauthorized
2026-08-03 21:09:57 [ERROR]: [RESPONSE ERROR] 401 - Unauthorized
2026-08-03 21:09:58 [HTTP]: [REQUEST] POST /login
2026-08-03 21:09:58 [DEBUG]: [REQUEST BODY] {"email":"eve.holt@reqres.in","password":"cityslicka"}
2026-08-03 21:09:59 [HTTP]: [REQUEST] DELETE /users/2
2026-08-03 21:10:00 [HTTP]: [REQUEST] PUT /users/2
2026-08-03 21:10:00 [DEBUG]: [REQUEST BODY] {"name":"Jane Doe","job":"Senior QA Engineer"}
2026-08-03 21:10:00 [ERROR]: [RESPONSE ERROR] 401 - Unauthorized
2026-08-03 21:10:01 [INFO]: Navigating to https://opensource-demo.orangehrmlive.com
2026-08-03 21:10:01 [ERROR]: [RESPONSE ERROR] 401 - Unauthorized
2026-08-03 21:10:02 [HTTP]: [REQUEST] POST /login
2026-08-03 21:10:02 [DEBUG]: [REQUEST BODY] {"email":"eve.holt@reqres.in","password":"cityslicka"}
2026-08-03 21:10:02 [ERROR]: [RESPONSE ERROR] 401 - Unauthorized
2026-08-03 21:10:03 [HTTP]: [REQUEST] DELETE /users/2
2026-08-03 21:10:04 [ERROR]: [RESPONSE ERROR] 401 - Unauthorized
2026-08-03 21:10:05 [ERROR]: [RESPONSE ERROR] 401 - Unauthorized
2026-08-03 21:10:06 [INFO]: Navigating to https://opensource-demo.orangehrmlive.com
2026-08-03 21:10:07 [HTTP]: [REQUEST] POST /login
2026-08-03 21:10:07 [DEBUG]: [REQUEST BODY] {"email":"eve.holt@reqres.in","password":"cityslicka"}
2026-08-03 21:10:08 [INFO]: Navigating to https://opensource-demo.orangehrmlive.com
2026-08-03 21:10:09 [ERROR]: [RESPONSE ERROR] 401 - Unauthorized
2026-08-03 21:10:11 [INFO]: Page loaded successfully
2026-08-03 21:10:11 [INFO]: Logging in as: Admin
2026-08-03 21:10:11 [DEBUG]: Filling text 'Admin' in element: locator('input[name="username"]')
2026-08-03 21:10:12 [DEBUG]: Filling text 'admin123' in element: locator('input[name="password"]')
2026-08-03 21:10:12 [DEBUG]: Clicking element: locator('button[type="submit"]')
2026-08-03 21:10:13 [INFO]: Navigating to https://www.saucedemo.com
2026-08-03 21:10:19 [INFO]: Page loaded successfully
2026-08-03 21:10:19 [DEBUG]: Element visibility: true
2026-08-03 21:10:19 [INFO]: Dashboard displayed successfully
2026-08-03 21:10:19 [DEBUG]: Text content: Dashboard
2026-08-03 21:10:21 [INFO]: Navigating to https://www.saucedemo.com
2026-08-03 21:10:23 [INFO]: Page loaded successfully
2026-08-03 21:10:23 [INFO]: Logging in as: invalid
2026-08-03 21:10:23 [DEBUG]: Filling text 'invalid' in element: locator('input[name="username"]')
2026-08-03 21:10:24 [DEBUG]: Filling text 'invalid' in element: locator('input[name="password"]')
2026-08-03 21:10:24 [DEBUG]: Clicking element: locator('button[type="submit"]')
2026-08-03 21:10:27 [INFO]: Page loaded successfully
2026-08-03 21:10:27 [INFO]: Navigating to https://opensource-demo.orangehrmlive.com
2026-08-03 21:10:27 [INFO]: Page loaded successfully
2026-08-03 21:10:28 [DEBUG]: Element visibility: true
2026-08-03 21:10:28 [DEBUG]: Text content: Invalid credentials
2026-08-03 21:10:28 [INFO]: Error message displayed: Invalid credentials
2026-08-03 21:10:28 [INFO]: Page loaded successfully
2026-08-03 21:10:28 [INFO]: Logging in as: Admin
2026-08-03 21:10:28 [DEBUG]: Filling text 'Admin' in element: locator('input[name="username"]')
2026-08-03 21:10:29 [DEBUG]: Filling text 'admin123' in element: locator('input[name="password"]')
2026-08-03 21:10:29 [DEBUG]: Clicking element: locator('button[type="submit"]')
2026-08-03 21:10:29 [INFO]: Page loaded successfully
2026-08-03 21:10:29 [INFO]: Logging out
2026-08-03 21:10:29 [DEBUG]: Clicking element: locator('.oxd-userdropdown-tab')
2026-08-03 21:10:29 [INFO]: Page loaded successfully
2026-08-03 21:10:29 [INFO]: Logging in as: standard_user
2026-08-03 21:10:29 [DEBUG]: Filling text 'standard_user' in element: locator('#user-name')
2026-08-03 21:10:30 [DEBUG]: Filling text 'secret_sauce' in element: locator('#password')
2026-08-03 21:10:30 [DEBUG]: Clicking element: locator('#login-button')
2026-08-03 21:10:31 [INFO]: Page loaded successfully
2026-08-03 21:10:31 [DEBUG]: Element visibility: true
2026-08-03 21:10:31 [INFO]: Adding product to cart: Sauce Labs Backpack
2026-08-03 21:10:31 [DEBUG]: Clicking element: locator('#add-to-cart-sauce-labs-backpack')
2026-08-03 21:10:31 [INFO]: Adding product to cart: Sauce Labs Bike Light
2026-08-03 21:10:31 [DEBUG]: Clicking element: locator('#add-to-cart-sauce-labs-bike-light')
2026-08-03 21:10:32 [DEBUG]: Element visibility: true
2026-08-03 21:10:32 [DEBUG]: Text content: 2
2026-08-03 21:10:32 [DEBUG]: Clicking element: locator('.shopping_cart_link')
2026-08-03 21:10:33 [DEBUG]: Element count: 2
2026-08-03 21:10:33 [INFO]: Removing item from cart: Sauce Labs Bike Light
2026-08-03 21:10:33 [DEBUG]: Clicking element: locator('#remove-sauce-labs-bike-light')
2026-08-03 21:10:33 [DEBUG]: Clicking element: locator('a[href="/web/index.php/auth/logout"]')
2026-08-03 21:10:33 [HTTP]: [REQUEST] GET /users?page=1
2026-08-03 21:10:33 [DEBUG]: Element count: 1
2026-08-03 21:10:33 [DEBUG]: Clicking element: locator('#checkout')
2026-08-03 21:10:33 [INFO]: Filling checkout information
2026-08-03 21:10:33 [DEBUG]: Filling text 'John' in element: locator('#first-name')
2026-08-03 21:10:34 [DEBUG]: Filling text 'Doe' in element: locator('#last-name')
2026-08-03 21:10:34 [DEBUG]: Filling text '12345' in element: locator('#postal-code')
2026-08-03 21:10:34 [DEBUG]: Clicking element: locator('#continue')
2026-08-03 21:10:34 [INFO]: Page loaded successfully
2026-08-03 21:10:34 [DEBUG]: Clicking element: locator('#finish')
2026-08-03 21:10:34 [INFO]: Logout successful - redirected to login page
2026-08-03 21:10:34 [INFO]: Page loaded successfully
2026-08-03 21:10:34 [DEBUG]: Current URL: https://www.saucedemo.com/checkout-complete.html
2026-08-03 21:10:35 [ERROR]: [RESPONSE ERROR] 401 - Unauthorized
2026-08-03 21:10:36 [INFO]: Page loaded successfully
2026-08-03 21:10:36 [INFO]: Logging in as: standard_user
2026-08-03 21:10:36 [DEBUG]: Filling text 'standard_user' in element: locator('#user-name')
2026-08-03 21:10:36 [DEBUG]: Filling text 'secret_sauce' in element: locator('#password')
2026-08-03 21:10:37 [DEBUG]: Clicking element: locator('#login-button')
2026-08-03 21:10:37 [INFO]: Page loaded successfully
2026-08-03 21:10:37 [INFO]: Adding product to cart: Sauce Labs Backpack
2026-08-03 21:10:37 [DEBUG]: Clicking element: locator('#add-to-cart-sauce-labs-backpack')
2026-08-03 21:10:38 [DEBUG]: Element visibility: true
2026-08-03 21:10:38 [DEBUG]: Text content: 1
2026-08-03 21:10:38 [INFO]: Removing product from cart: Sauce Labs Backpack
2026-08-03 21:10:38 [DEBUG]: Clicking element: locator('#remove-sauce-labs-backpack')
2026-08-03 21:10:38 [DEBUG]: Element visibility: false
2026-08-03 21:10:38 [HTTP]: [REQUEST] GET /users?page=1
2026-08-03 21:10:38 [HTTP]: [REQUEST] GET /users/2
2026-08-03 21:10:39 [HTTP]: [REQUEST] POST /users
2026-08-03 21:10:39 [DEBUG]: [REQUEST BODY] {"name":"John Doe","job":"QA Engineer"}
2026-08-03 21:10:40 [HTTP]: [REQUEST] PUT /users/2
2026-08-03 21:10:40 [DEBUG]: [REQUEST BODY] {"name":"Jane Doe","job":"Senior QA Engineer"}
2026-08-03 21:10:40 [ERROR]: [RESPONSE ERROR] 401 - Unauthorized
2026-08-03 21:10:41 [ERROR]: [RESPONSE ERROR] 401 - Unauthorized
2026-08-03 21:10:41 [ERROR]: [RESPONSE ERROR] 401 - Unauthorized
2026-08-03 21:10:42 [HTTP]: [REQUEST] GET /users?page=1
2026-08-03 21:10:43 [ERROR]: [RESPONSE ERROR] 401 - Unauthorized
2026-08-03 21:10:43 [HTTP]: [REQUEST] GET /users/2
2026-08-03 21:10:43 [HTTP]: [REQUEST] POST /users
2026-08-03 21:10:43 [DEBUG]: [REQUEST BODY] {"name":"John Doe","job":"QA Engineer"}
2026-08-03 21:10:44 [HTTP]: [REQUEST] PUT /users/2
2026-08-03 21:10:44 [DEBUG]: [REQUEST BODY] {"name":"Jane Doe","job":"Senior QA Engineer"}
2026-08-03 21:10:45 [ERROR]: [RESPONSE ERROR] 401 - Unauthorized
2026-08-03 21:10:45 [ERROR]: [RESPONSE ERROR] 401 - Unauthorized
2026-08-03 21:10:46 [ERROR]: [RESPONSE ERROR] 401 - Unauthorized
2026-08-03 21:10:47 [ERROR]: [RESPONSE ERROR] 401 - Unauthorized
2026-08-03 21:10:47 [HTTP]: [REQUEST] DELETE /users/2
2026-08-03 21:10:48 [HTTP]: [REQUEST] GET /users/2
2026-08-03 21:10:48 [HTTP]: [REQUEST] POST /users
2026-08-03 21:10:48 [DEBUG]: [REQUEST BODY] {"name":"John Doe","job":"QA Engineer"}
2026-08-03 21:10:48 [HTTP]: [REQUEST] PUT /users/2
2026-08-03 21:10:48 [DEBUG]: [REQUEST BODY] {"name":"Jane Doe","job":"Senior QA Engineer"}
2026-08-03 21:10:50 [ERROR]: [RESPONSE ERROR] 401 - Unauthorized
2026-08-03 21:10:50 [ERROR]: [RESPONSE ERROR] 401 - Unauthorized
2026-08-03 21:10:50 [ERROR]: [RESPONSE ERROR] 401 - Unauthorized
2026-08-03 21:10:51 [ERROR]: [RESPONSE ERROR] 401 - Unauthorized
2026-08-03 21:10:52 [HTTP]: [REQUEST] DELETE /users/2
2026-08-03 21:10:52 [HTTP]: [REQUEST] POST /login
2026-08-03 21:10:52 [DEBUG]: [REQUEST BODY] {"email":"eve.holt@reqres.in","password":"cityslicka"}
2026-08-03 21:10:54 [ERROR]: [RESPONSE ERROR] 401 - Unauthorized
2026-08-03 21:10:54 [INFO]: Navigating to https://opensource-demo.orangehrmlive.com
2026-08-03 21:10:54 [INFO]: Navigating to https://opensource-demo.orangehrmlive.com
2026-08-03 21:10:54 [ERROR]: [RESPONSE ERROR] 401 - Unauthorized
2026-08-03 21:10:56 [HTTP]: [REQUEST] DELETE /users/2
2026-08-03 21:10:56 [HTTP]: [REQUEST] POST /login
2026-08-03 21:10:56 [DEBUG]: [REQUEST BODY] {"email":"eve.holt@reqres.in","password":"cityslicka"}
2026-08-03 21:10:58 [ERROR]: [RESPONSE ERROR] 401 - Unauthorized
2026-08-03 21:10:58 [ERROR]: [RESPONSE ERROR] 401 - Unauthorized
2026-08-03 21:11:00 [HTTP]: [REQUEST] POST /login
2026-08-03 21:11:00 [DEBUG]: [REQUEST BODY] {"email":"eve.holt@reqres.in","password":"cityslicka"}
2026-08-03 21:11:01 [INFO]: Navigating to https://opensource-demo.orangehrmlive.com
2026-08-03 21:11:02 [ERROR]: [RESPONSE ERROR] 401 - Unauthorized
2026-08-03 21:11:06 [INFO]: Navigating to https://www.saucedemo.com
2026-08-03 21:11:07 [INFO]: Page loaded successfully
2026-08-03 21:11:07 [INFO]: Logging in as: Admin
2026-08-03 21:11:07 [DEBUG]: Filling text 'Admin' in element: locator('input[name="username"]')
2026-08-03 21:11:07 [DEBUG]: Filling text 'admin123' in element: locator('input[name="password"]')
2026-08-03 21:11:07 [DEBUG]: Clicking element: locator('button[type="submit"]')
2026-08-03 21:11:08 [INFO]: Page loaded successfully
2026-08-03 21:11:08 [INFO]: Logging in as: invalid
2026-08-03 21:11:08 [DEBUG]: Filling text 'invalid' in element: locator('input[name="username"]')
2026-08-03 21:11:09 [DEBUG]: Filling text 'invalid' in element: locator('input[name="password"]')
2026-08-03 21:11:09 [DEBUG]: Clicking element: locator('button[type="submit"]')
2026-08-03 21:11:11 [INFO]: Page loaded successfully
2026-08-03 21:11:11 [INFO]: Page loaded successfully
2026-08-03 21:11:11 [INFO]: Page loaded successfully
2026-08-03 21:11:11 [INFO]: Navigating to https://opensource-demo.orangehrmlive.com
2026-08-03 21:11:11 [DEBUG]: Element visibility: true
2026-08-03 21:11:11 [INFO]: Dashboard displayed successfully
2026-08-03 21:11:11 [DEBUG]: Text content: Dashboard
2026-08-03 21:11:12 [DEBUG]: Element visibility: true
2026-08-03 21:11:12 [DEBUG]: Text content: Invalid credentials
2026-08-03 21:11:12 [INFO]: Error message displayed: Invalid credentials
2026-08-03 21:11:12 [INFO]: Navigating to https://www.saucedemo.com
2026-08-03 21:11:13 [INFO]: Page loaded successfully
2026-08-03 21:11:13 [INFO]: Logging in as: Admin
2026-08-03 21:11:13 [DEBUG]: Filling text 'Admin' in element: locator('input[name="username"]')
2026-08-03 21:11:13 [DEBUG]: Filling text 'admin123' in element: locator('input[name="password"]')
2026-08-03 21:11:13 [DEBUG]: Clicking element: locator('button[type="submit"]')
2026-08-03 21:11:15 [INFO]: Page loaded successfully
2026-08-03 21:11:15 [INFO]: Logging in as: standard_user
2026-08-03 21:11:15 [DEBUG]: Filling text 'standard_user' in element: locator('#user-name')
2026-08-03 21:11:15 [DEBUG]: Filling text 'secret_sauce' in element: locator('#password')
2026-08-03 21:11:15 [DEBUG]: Clicking element: locator('#login-button')
2026-08-03 21:11:15 [INFO]: Page loaded successfully
2026-08-03 21:11:15 [DEBUG]: Element visibility: true
2026-08-03 21:11:15 [INFO]: Adding product to cart: Sauce Labs Backpack
2026-08-03 21:11:15 [DEBUG]: Clicking element: locator('#add-to-cart-sauce-labs-backpack')
2026-08-03 21:11:15 [INFO]: Adding product to cart: Sauce Labs Bike Light
2026-08-03 21:11:15 [DEBUG]: Clicking element: locator('#add-to-cart-sauce-labs-bike-light')
2026-08-03 21:11:15 [DEBUG]: Element visibility: true
2026-08-03 21:11:15 [DEBUG]: Text content: 2
2026-08-03 21:11:15 [DEBUG]: Clicking element: locator('.shopping_cart_link')
2026-08-03 21:11:16 [DEBUG]: Element count: 2
2026-08-03 21:11:16 [INFO]: Removing item from cart: Sauce Labs Bike Light
2026-08-03 21:11:16 [DEBUG]: Clicking element: locator('#remove-sauce-labs-bike-light')
2026-08-03 21:11:16 [DEBUG]: Element count: 1
2026-08-03 21:11:16 [DEBUG]: Clicking element: locator('#checkout')
2026-08-03 21:11:16 [INFO]: Filling checkout information
2026-08-03 21:11:16 [DEBUG]: Filling text 'John' in element: locator('#first-name')
2026-08-03 21:11:16 [DEBUG]: Filling text 'Doe' in element: locator('#last-name')
2026-08-03 21:11:16 [DEBUG]: Filling text '12345' in element: locator('#postal-code')
2026-08-03 21:11:16 [DEBUG]: Clicking element: locator('#continue')
2026-08-03 21:11:16 [INFO]: Page loaded successfully
2026-08-03 21:11:16 [DEBUG]: Clicking element: locator('#finish')
2026-08-03 21:11:16 [INFO]: Page loaded successfully
2026-08-03 21:11:16 [DEBUG]: Current URL: https://www.saucedemo.com/checkout-complete.html
2026-08-03 21:11:28 [INFO]: Page loaded successfully
2026-08-03 21:11:28 [INFO]: Logging out
2026-08-03 21:11:28 [DEBUG]: Clicking element: locator('.oxd-userdropdown-tab')
2026-08-03 21:11:28 [DEBUG]: Clicking element: locator('a[href="/web/index.php/auth/logout"]')
2026-08-03 21:11:29 [INFO]: Logout successful - redirected to login page
2026-08-03 21:11:40 [HTTP]: [REQUEST] GET /users/2
2026-08-03 21:11:40 [HTTP]: [REQUEST] GET /users?page=1
2026-08-03 21:11:40 [HTTP]: [REQUEST] POST /users
2026-08-03 21:11:40 [DEBUG]: [REQUEST BODY] {"name":"John Doe","job":"QA Engineer"}
2026-08-03 21:11:42 [ERROR]: [RESPONSE ERROR] 401 - Unauthorized
2026-08-03 21:11:42 [ERROR]: [RESPONSE ERROR] 401 - Unauthorized
2026-08-03 21:11:42 [ERROR]: [RESPONSE ERROR] 401 - Unauthorized
2026-08-03 21:11:45 [HTTP]: [REQUEST] GET /users/2
2026-08-03 21:11:45 [HTTP]: [REQUEST] GET /users?page=1
2026-08-03 21:11:45 [HTTP]: [REQUEST] POST /users
2026-08-03 21:11:45 [DEBUG]: [REQUEST BODY] {"name":"John Doe","job":"QA Engineer"}
2026-08-03 21:11:47 [ERROR]: [RESPONSE ERROR] 401 - Unauthorized
2026-08-03 21:11:48 [ERROR]: [RESPONSE ERROR] 401 - Unauthorized
2026-08-03 21:11:48 [ERROR]: [RESPONSE ERROR] 401 - Unauthorized
2026-08-03 21:11:49 [INFO]: Page loaded successfully
2026-08-03 21:11:49 [INFO]: Logging in as: standard_user
2026-08-03 21:11:49 [DEBUG]: Filling text 'standard_user' in element: locator('#user-name')
2026-08-03 21:11:49 [DEBUG]: Filling text 'secret_sauce' in element: locator('#password')
2026-08-03 21:11:49 [DEBUG]: Clicking element: locator('#login-button')
2026-08-03 21:11:50 [INFO]: Page loaded successfully
2026-08-03 21:11:50 [INFO]: Adding product to cart: Sauce Labs Backpack
2026-08-03 21:11:50 [DEBUG]: Clicking element: locator('#add-to-cart-sauce-labs-backpack')
2026-08-03 21:11:50 [DEBUG]: Element visibility: true
2026-08-03 21:11:50 [DEBUG]: Text content: 1
2026-08-03 21:11:50 [INFO]: Removing product from cart: Sauce Labs Backpack
2026-08-03 21:11:50 [DEBUG]: Clicking element: locator('#remove-sauce-labs-backpack')
2026-08-03 21:11:50 [DEBUG]: Element visibility: false
2026-08-03 21:11:50 [HTTP]: [REQUEST] GET /users/2
2026-08-03 21:11:51 [HTTP]: [REQUEST] GET /users?page=1
2026-08-03 21:11:51 [HTTP]: [REQUEST] POST /users
2026-08-03 21:11:51 [DEBUG]: [REQUEST BODY] {"name":"John Doe","job":"QA Engineer"}
2026-08-03 21:11:53 [ERROR]: [RESPONSE ERROR] 401 - Unauthorized
2026-08-03 21:11:53 [ERROR]: [RESPONSE ERROR] 401 - Unauthorized
2026-08-03 21:11:53 [ERROR]: [RESPONSE ERROR] 401 - Unauthorized
2026-08-03 21:11:56 [HTTP]: [REQUEST] DELETE /users/2
2026-08-03 21:11:56 [HTTP]: [REQUEST] POST /login
2026-08-03 21:11:56 [DEBUG]: [REQUEST BODY] {"email":"eve.holt@reqres.in","password":"cityslicka"}
2026-08-03 21:11:56 [HTTP]: [REQUEST] PUT /users/2
2026-08-03 21:11:56 [DEBUG]: [REQUEST BODY] {"name":"Jane Doe","job":"Senior QA Engineer"}
2026-08-03 21:11:58 [INFO]: Navigating to https://opensource-demo.orangehrmlive.com
2026-08-03 21:11:58 [ERROR]: [RESPONSE ERROR] 401 - Unauthorized
2026-08-03 21:11:59 [ERROR]: [RESPONSE ERROR] 401 - Unauthorized
2026-08-03 21:11:59 [ERROR]: [RESPONSE ERROR] 401 - Unauthorized
2026-08-03 21:12:02 [HTTP]: [REQUEST] DELETE /users/2
2026-08-03 21:12:02 [HTTP]: [REQUEST] POST /login
2026-08-03 21:12:02 [DEBUG]: [REQUEST BODY] {"email":"eve.holt@reqres.in","password":"cityslicka"}
2026-08-03 21:12:02 [HTTP]: [REQUEST] PUT /users/2
2026-08-03 21:12:02 [DEBUG]: [REQUEST BODY] {"name":"Jane Doe","job":"Senior QA Engineer"}
2026-08-03 21:12:04 [ERROR]: [RESPONSE ERROR] 401 - Unauthorized
2026-08-03 21:12:05 [ERROR]: [RESPONSE ERROR] 401 - Unauthorized
2026-08-03 21:12:05 [ERROR]: [RESPONSE ERROR] 401 - Unauthorized
2026-08-03 21:12:07 [HTTP]: [REQUEST] DELETE /users/2
2026-08-03 21:12:08 [HTTP]: [REQUEST] PUT /users/2
2026-08-03 21:12:08 [DEBUG]: [REQUEST BODY] {"name":"Jane Doe","job":"Senior QA Engineer"}
2026-08-03 21:12:08 [HTTP]: [REQUEST] POST /login
2026-08-03 21:12:08 [DEBUG]: [REQUEST BODY] {"email":"eve.holt@reqres.in","password":"cityslicka"}
2026-08-03 21:12:08 [INFO]: Page loaded successfully
2026-08-03 21:12:08 [INFO]: Logging in as: Admin
2026-08-03 21:12:08 [DEBUG]: Filling text 'Admin' in element: locator('input[name="username"]')
2026-08-03 21:12:09 [DEBUG]: Filling text 'admin123' in element: locator('input[name="password"]')
2026-08-03 21:12:09 [DEBUG]: Clicking element: locator('button[type="submit"]')
2026-08-03 21:12:09 [INFO]: Page loaded successfully
2026-08-03 21:12:10 [ERROR]: [RESPONSE ERROR] 401 - Unauthorized
2026-08-03 21:12:11 [ERROR]: [RESPONSE ERROR] 401 - Unauthorized
2026-08-03 21:12:11 [ERROR]: [RESPONSE ERROR] 401 - Unauthorized
2026-08-03 21:12:14 [DEBUG]: Element visibility: true
2026-08-03 21:12:14 [INFO]: Dashboard displayed successfully
2026-08-03 21:12:14 [DEBUG]: Text content: Dashboard
2026-08-03 21:12:15 [INFO]: Navigating to https://opensource-demo.orangehrmlive.com
2026-08-03 21:12:17 [INFO]: Navigating to https://www.saucedemo.com
2026-08-03 21:12:17 [INFO]: Navigating to https://opensource-demo.orangehrmlive.com
2026-08-03 21:12:17 [INFO]: Navigating to https://www.saucedemo.com
2026-08-03 21:12:28 [INFO]: Page loaded successfully
2026-08-03 21:12:28 [INFO]: Logging in as: invalid
2026-08-03 21:12:28 [DEBUG]: Filling text 'invalid' in element: locator('input[name="username"]')
2026-08-03 21:12:28 [DEBUG]: Filling text 'invalid' in element: locator('input[name="password"]')
2026-08-03 21:12:30 [DEBUG]: Clicking element: locator('button[type="submit"]')
2026-08-03 21:12:30 [INFO]: Page loaded successfully
2026-08-03 21:12:31 [INFO]: Page loaded successfully
2026-08-03 21:12:31 [INFO]: Navigating to https://opensource-demo.orangehrmlive.com
2026-08-03 21:12:31 [INFO]: Page loaded successfully
2026-08-03 21:12:31 [INFO]: Logging in as: standard_user
2026-08-03 21:12:31 [DEBUG]: Filling text 'standard_user' in element: locator('#user-name')
2026-08-03 21:12:32 [DEBUG]: Element visibility: false
2026-08-03 21:12:32 [INFO]: Page loaded successfully
2026-08-03 21:12:32 [INFO]: Logging in as: standard_user
2026-08-03 21:12:32 [DEBUG]: Filling text 'standard_user' in element: locator('#user-name')
2026-08-03 21:12:33 [DEBUG]: Filling text 'secret_sauce' in element: locator('#password')
2026-08-03 21:12:34 [DEBUG]: Filling text 'secret_sauce' in element: locator('#password')
2026-08-03 21:12:34 [DEBUG]: Clicking element: locator('#login-button')
2026-08-03 21:12:35 [DEBUG]: Clicking element: locator('#login-button')
2026-08-03 21:12:35 [INFO]: Page loaded successfully
2026-08-03 21:12:35 [INFO]: Logging in as: Admin
2026-08-03 21:12:35 [DEBUG]: Filling text 'Admin' in element: locator('input[name="username"]')
2026-08-03 21:12:36 [INFO]: Page loaded successfully
2026-08-03 21:12:37 [DEBUG]: Element visibility: true
2026-08-03 21:12:37 [INFO]: Adding product to cart: Sauce Labs Backpack
2026-08-03 21:12:37 [DEBUG]: Clicking element: locator('#add-to-cart-sauce-labs-backpack')
2026-08-03 21:12:38 [INFO]: Page loaded successfully
2026-08-03 21:12:38 [INFO]: Adding product to cart: Sauce Labs Backpack
2026-08-03 21:12:38 [DEBUG]: Clicking element: locator('#add-to-cart-sauce-labs-backpack')
2026-08-03 21:12:38 [DEBUG]: Filling text 'admin123' in element: locator('input[name="password"]')
2026-08-03 21:12:39 [INFO]: Adding product to cart: Sauce Labs Bike Light
2026-08-03 21:12:39 [DEBUG]: Clicking element: locator('#add-to-cart-sauce-labs-bike-light')
2026-08-03 21:12:39 [DEBUG]: Clicking element: locator('button[type="submit"]')
2026-08-03 21:12:39 [DEBUG]: Element visibility: true
2026-08-03 21:12:39 [DEBUG]: Text content: 1
2026-08-03 21:12:39 [INFO]: Removing product from cart: Sauce Labs Backpack
2026-08-03 21:12:39 [DEBUG]: Clicking element: locator('#remove-sauce-labs-backpack')
2026-08-03 21:12:40 [DEBUG]: Element visibility: true
2026-08-03 21:12:41 [DEBUG]: Text content: 2
2026-08-03 21:12:41 [DEBUG]: Clicking element: locator('.shopping_cart_link')
2026-08-03 21:12:41 [DEBUG]: Element visibility: false
2026-08-03 21:12:41 [DEBUG]: Element count: 2
2026-08-03 21:12:41 [INFO]: Removing item from cart: Sauce Labs Bike Light
2026-08-03 21:12:41 [DEBUG]: Clicking element: locator('#remove-sauce-labs-bike-light')
2026-08-03 21:12:42 [DEBUG]: Element count: 1
2026-08-03 21:12:42 [DEBUG]: Clicking element: locator('#checkout')
2026-08-03 21:12:44 [INFO]: Filling checkout information
2026-08-03 21:12:44 [DEBUG]: Filling text 'John' in element: locator('#first-name')
2026-08-03 21:12:44 [INFO]: Navigating to https://opensource-demo.orangehrmlive.com
2026-08-03 21:12:44 [DEBUG]: Filling text 'Doe' in element: locator('#last-name')
2026-08-03 21:12:45 [DEBUG]: Filling text '12345' in element: locator('#postal-code')
2026-08-03 21:12:45 [DEBUG]: Clicking element: locator('#continue')
2026-08-03 21:12:46 [HTTP]: [REQUEST] GET /users?page=1
2026-08-03 21:12:46 [INFO]: Page loaded successfully
2026-08-03 21:12:46 [INFO]: Logging out
2026-08-03 21:12:46 [DEBUG]: Clicking element: locator('.oxd-userdropdown-tab')
2026-08-03 21:12:46 [INFO]: Page loaded successfully
2026-08-03 21:12:46 [DEBUG]: Clicking element: locator('#finish')
2026-08-03 21:12:46 [DEBUG]: Clicking element: locator('a[href="/web/index.php/auth/logout"]')
2026-08-03 21:12:46 [INFO]: Page loaded successfully
2026-08-03 21:12:46 [DEBUG]: Current URL: https://www.saucedemo.com/checkout-complete.html
2026-08-03 21:12:48 [ERROR]: [RESPONSE ERROR] 401 - Unauthorized
2026-08-03 21:12:48 [INFO]: Logout successful - redirected to login page
2026-08-03 21:12:49 [HTTP]: [REQUEST] GET /users/2
2026-08-03 21:12:50 [HTTP]: [REQUEST] GET /users?page=1
2026-08-03 21:12:52 [ERROR]: [RESPONSE ERROR] 401 - Unauthorized
2026-08-03 21:12:52 [HTTP]: [REQUEST] POST /users
2026-08-03 21:12:52 [DEBUG]: [REQUEST BODY] {"name":"John Doe","job":"QA Engineer"}
2026-08-03 21:12:53 [ERROR]: [RESPONSE ERROR] 401 - Unauthorized
2026-08-03 21:12:54 [HTTP]: [REQUEST] GET /users/2
2026-08-03 21:12:55 [ERROR]: [RESPONSE ERROR] 401 - Unauthorized
2026-08-03 21:12:55 [HTTP]: [REQUEST] GET /users?page=1
2026-08-03 21:12:56 [ERROR]: [RESPONSE ERROR] 401 - Unauthorized
2026-08-03 21:12:56 [INFO]: Page loaded successfully
2026-08-03 21:12:56 [INFO]: Logging in as: invalid
2026-08-03 21:12:56 [DEBUG]: Filling text 'invalid' in element: locator('input[name="username"]')
2026-08-03 21:12:56 [HTTP]: [REQUEST] POST /users
2026-08-03 21:12:56 [DEBUG]: [REQUEST BODY] {"name":"John Doe","job":"QA Engineer"}
2026-08-03 21:12:57 [DEBUG]: Filling text 'invalid' in element: locator('input[name="password"]')
2026-08-03 21:12:57 [DEBUG]: Clicking element: locator('button[type="submit"]')
2026-08-03 21:12:58 [ERROR]: [RESPONSE ERROR] 401 - Unauthorized
2026-08-03 21:12:58 [INFO]: Page loaded successfully
2026-08-03 21:12:58 [HTTP]: [REQUEST] GET /users/2
2026-08-03 21:12:59 [ERROR]: [RESPONSE ERROR] 401 - Unauthorized
2026-08-03 21:12:59 [DEBUG]: Element visibility: false
2026-08-03 21:13:00 [HTTP]: [REQUEST] PUT /users/2
2026-08-03 21:13:00 [DEBUG]: [REQUEST BODY] {"name":"Jane Doe","job":"Senior QA Engineer"}
2026-08-03 21:13:00 [ERROR]: [RESPONSE ERROR] 401 - Unauthorized
2026-08-03 21:13:01 [HTTP]: [REQUEST] POST /users
2026-08-03 21:13:01 [DEBUG]: [REQUEST BODY] {"name":"John Doe","job":"QA Engineer"}
2026-08-03 21:13:02 [ERROR]: [RESPONSE ERROR] 401 - Unauthorized
2026-08-03 21:13:03 [HTTP]: [REQUEST] DELETE /users/2
2026-08-03 21:13:04 [ERROR]: [RESPONSE ERROR] 401 - Unauthorized
2026-08-03 21:13:05 [HTTP]: [REQUEST] PUT /users/2
2026-08-03 21:13:05 [DEBUG]: [REQUEST BODY] {"name":"Jane Doe","job":"Senior QA Engineer"}
2026-08-03 21:13:05 [ERROR]: [RESPONSE ERROR] 401 - Unauthorized
2026-08-03 21:13:07 [INFO]: Navigating to https://opensource-demo.orangehrmlive.com
2026-08-03 21:13:07 [HTTP]: [REQUEST] POST /login
2026-08-03 21:13:07 [DEBUG]: [REQUEST BODY] {"email":"eve.holt@reqres.in","password":"cityslicka"}
2026-08-03 21:13:08 [HTTP]: [REQUEST] DELETE /users/2
2026-08-03 21:13:08 [ERROR]: [RESPONSE ERROR] 401 - Unauthorized
2026-08-03 21:13:09 [ERROR]: [RESPONSE ERROR] 401 - Unauthorized
2026-08-03 21:13:09 [HTTP]: [REQUEST] PUT /users/2
2026-08-03 21:13:09 [DEBUG]: [REQUEST BODY] {"name":"Jane Doe","job":"Senior QA Engineer"}
2026-08-03 21:13:10 [ERROR]: [RESPONSE ERROR] 401 - Unauthorized
2026-08-03 21:13:12 [ERROR]: [RESPONSE ERROR] 401 - Unauthorized
2026-08-03 21:13:12 [HTTP]: [REQUEST] POST /login
2026-08-03 21:13:12 [DEBUG]: [REQUEST BODY] {"email":"eve.holt@reqres.in","password":"cityslicka"}
2026-08-03 21:13:13 [HTTP]: [REQUEST] DELETE /users/2
2026-08-03 21:13:14 [ERROR]: [RESPONSE ERROR] 401 - Unauthorized
2026-08-03 21:13:15 [ERROR]: [RESPONSE ERROR] 401 - Unauthorized
2026-08-03 21:13:15 [INFO]: Navigating to https://opensource-demo.orangehrmlive.com
2026-08-03 21:13:17 [HTTP]: [REQUEST] POST /login
2026-08-03 21:13:17 [DEBUG]: [REQUEST BODY] {"email":"eve.holt@reqres.in","password":"cityslicka"}
2026-08-03 21:13:18 [INFO]: Navigating to https://opensource-demo.orangehrmlive.com
2026-08-03 21:13:18 [INFO]: Page loaded successfully
2026-08-03 21:13:18 [INFO]: Logging in as: invalid
2026-08-03 21:13:18 [DEBUG]: Filling text 'invalid' in element: locator('input[name="username"]')
2026-08-03 21:13:18 [DEBUG]: Filling text 'invalid' in element: locator('input[name="password"]')
2026-08-03 21:13:19 [DEBUG]: Clicking element: locator('button[type="submit"]')
2026-08-03 21:13:19 [ERROR]: [RESPONSE ERROR] 401 - Unauthorized
2026-08-03 21:13:21 [INFO]: Page loaded successfully
2026-08-03 21:13:22 [DEBUG]: Element visibility: true
2026-08-03 21:13:22 [DEBUG]: Text content: Invalid credentials
2026-08-03 21:13:22 [INFO]: Error message displayed: Invalid credentials
2026-08-03 21:13:24 [INFO]: Navigating to https://opensource-demo.orangehrmlive.com
2026-08-03 21:13:25 [INFO]: Page loaded successfully
2026-08-03 21:13:25 [INFO]: Logging in as: Admin
2026-08-03 21:13:25 [DEBUG]: Filling text 'Admin' in element: locator('input[name="username"]')
2026-08-03 21:13:25 [DEBUG]: Filling text 'admin123' in element: locator('input[name="password"]')
2026-08-03 21:13:25 [DEBUG]: Clicking element: locator('button[type="submit"]')
2026-08-03 21:13:28 [INFO]: Page loaded successfully
2026-08-03 21:13:28 [INFO]: Logging in as: invalid
2026-08-03 21:13:28 [DEBUG]: Filling text 'invalid' in element: locator('input[name="username"]')
2026-08-03 21:13:28 [DEBUG]: Filling text 'invalid' in element: locator('input[name="password"]')
2026-08-03 21:13:28 [DEBUG]: Clicking element: locator('button[type="submit"]')
2026-08-03 21:13:29 [INFO]: Page loaded successfully
2026-08-03 21:13:29 [DEBUG]: Element visibility: true
2026-08-03 21:13:29 [INFO]: Dashboard displayed successfully
2026-08-03 21:13:29 [DEBUG]: Text content: Dashboard
2026-08-03 21:13:30 [INFO]: Navigating to https://www.saucedemo.com
2026-08-03 21:13:30 [INFO]: Navigating to https://www.saucedemo.com
2026-08-03 21:13:31 [INFO]: Page loaded successfully
2026-08-03 21:13:32 [DEBUG]: Element visibility: true
2026-08-03 21:13:32 [DEBUG]: Text content: Invalid credentials
2026-08-03 21:13:32 [INFO]: Error message displayed: Invalid credentials
2026-08-03 21:13:34 [INFO]: Page loaded successfully
2026-08-03 21:13:34 [INFO]: Navigating to https://opensource-demo.orangehrmlive.com
2026-08-03 21:13:35 [HTTP]: [REQUEST] GET /users?page=1
2026-08-03 21:13:36 [INFO]: Page loaded successfully
2026-08-03 21:13:36 [INFO]: Logging in as: Admin
2026-08-03 21:13:36 [DEBUG]: Filling text 'Admin' in element: locator('input[name="username"]')
2026-08-03 21:13:36 [DEBUG]: Filling text 'admin123' in element: locator('input[name="password"]')
2026-08-03 21:13:36 [DEBUG]: Clicking element: locator('button[type="submit"]')
2026-08-03 21:13:36 [INFO]: Page loaded successfully
2026-08-03 21:13:36 [INFO]: Logging out
2026-08-03 21:13:36 [DEBUG]: Clicking element: locator('.oxd-userdropdown-tab')
2026-08-03 21:13:37 [DEBUG]: Clicking element: locator('a[href="/web/index.php/auth/logout"]')
2026-08-03 21:13:38 [ERROR]: [RESPONSE ERROR] 401 - Unauthorized
2026-08-03 21:13:38 [INFO]: Page loaded successfully
2026-08-03 21:13:38 [INFO]: Logging in as: standard_user
2026-08-03 21:13:38 [DEBUG]: Filling text 'standard_user' in element: locator('#user-name')
2026-08-03 21:13:38 [DEBUG]: Filling text 'secret_sauce' in element: locator('#password')
2026-08-03 21:13:38 [INFO]: Page loaded successfully
2026-08-03 21:13:38 [INFO]: Logging in as: standard_user
2026-08-03 21:13:38 [DEBUG]: Filling text 'standard_user' in element: locator('#user-name')
2026-08-03 21:13:38 [DEBUG]: Clicking element: locator('#login-button')
2026-08-03 21:13:38 [DEBUG]: Filling text 'secret_sauce' in element: locator('#password')
2026-08-03 21:13:38 [DEBUG]: Clicking element: locator('#login-button')
2026-08-03 21:13:39 [INFO]: Page loaded successfully
2026-08-03 21:13:39 [DEBUG]: Element visibility: true
2026-08-03 21:13:39 [INFO]: Adding product to cart: Sauce Labs Backpack
2026-08-03 21:13:39 [DEBUG]: Clicking element: locator('#add-to-cart-sauce-labs-backpack')
2026-08-03 21:13:39 [INFO]: Page loaded successfully
2026-08-03 21:13:39 [INFO]: Adding product to cart: Sauce Labs Backpack
2026-08-03 21:13:39 [DEBUG]: Clicking element: locator('#add-to-cart-sauce-labs-backpack')
2026-08-03 21:13:39 [INFO]: Adding product to cart: Sauce Labs Bike Light
2026-08-03 21:13:39 [DEBUG]: Clicking element: locator('#add-to-cart-sauce-labs-bike-light')
2026-08-03 21:13:39 [DEBUG]: Element visibility: true
2026-08-03 21:13:39 [DEBUG]: Text content: 1
2026-08-03 21:13:39 [DEBUG]: Element visibility: true
2026-08-03 21:13:39 [INFO]: Removing product from cart: Sauce Labs Backpack
2026-08-03 21:13:39 [DEBUG]: Clicking element: locator('#remove-sauce-labs-backpack')
2026-08-03 21:13:39 [DEBUG]: Text content: 2
2026-08-03 21:13:39 [DEBUG]: Clicking element: locator('.shopping_cart_link')
2026-08-03 21:13:39 [DEBUG]: Element visibility: false
2026-08-03 21:13:39 [DEBUG]: Element count: 2
2026-08-03 21:13:39 [INFO]: Removing item from cart: Sauce Labs Bike Light
2026-08-03 21:13:39 [DEBUG]: Clicking element: locator('#remove-sauce-labs-bike-light')
2026-08-03 21:13:39 [DEBUG]: Element count: 1
2026-08-03 21:13:39 [DEBUG]: Clicking element: locator('#checkout')
2026-08-03 21:13:39 [INFO]: Filling checkout information
2026-08-03 21:13:39 [DEBUG]: Filling text 'John' in element: locator('#first-name')
2026-08-03 21:13:40 [DEBUG]: Filling text 'Doe' in element: locator('#last-name')
2026-08-03 21:13:40 [DEBUG]: Filling text '12345' in element: locator('#postal-code')
2026-08-03 21:13:40 [DEBUG]: Clicking element: locator('#continue')
2026-08-03 21:13:40 [INFO]: Page loaded successfully
2026-08-03 21:13:40 [DEBUG]: Clicking element: locator('#finish')
2026-08-03 21:13:40 [INFO]: Logout successful - redirected to login page
2026-08-03 21:13:40 [INFO]: Page loaded successfully
2026-08-03 21:13:40 [DEBUG]: Current URL: https://www.saucedemo.com/checkout-complete.html
2026-08-03 21:13:42 [HTTP]: [REQUEST] GET /users?page=1
2026-08-03 21:13:43 [HTTP]: [REQUEST] GET /users/2
2026-08-03 21:13:44 [HTTP]: [REQUEST] POST /users
2026-08-03 21:13:44 [DEBUG]: [REQUEST BODY] {"name":"John Doe","job":"QA Engineer"}
2026-08-03 21:13:44 [HTTP]: [REQUEST] PUT /users/2
2026-08-03 21:13:44 [DEBUG]: [REQUEST BODY] {"name":"Jane Doe","job":"Senior QA Engineer"}
2026-08-03 21:13:45 [ERROR]: [RESPONSE ERROR] 401 - Unauthorized
2026-08-03 21:13:46 [ERROR]: [RESPONSE ERROR] 401 - Unauthorized
2026-08-03 21:13:46 [ERROR]: [RESPONSE ERROR] 401 - Unauthorized
2026-08-03 21:13:46 [ERROR]: [RESPONSE ERROR] 401 - Unauthorized
2026-08-03 21:13:46 [HTTP]: [REQUEST] GET /users?page=1
2026-08-03 21:13:48 [HTTP]: [REQUEST] GET /users/2
2026-08-03 21:13:48 [HTTP]: [REQUEST] PUT /users/2
2026-08-03 21:13:48 [DEBUG]: [REQUEST BODY] {"name":"Jane Doe","job":"Senior QA Engineer"}
2026-08-03 21:13:48 [HTTP]: [REQUEST] POST /users
2026-08-03 21:13:48 [DEBUG]: [REQUEST BODY] {"name":"John Doe","job":"QA Engineer"}
2026-08-03 21:13:49 [ERROR]: [RESPONSE ERROR] 401 - Unauthorized
2026-08-03 21:13:50 [HTTP]: [REQUEST] DELETE /users/2
2026-08-03 21:13:50 [ERROR]: [RESPONSE ERROR] 401 - Unauthorized
2026-08-03 21:13:50 [ERROR]: [RESPONSE ERROR] 401 - Unauthorized
2026-08-03 21:13:51 [ERROR]: [RESPONSE ERROR] 401 - Unauthorized
2026-08-03 21:13:52 [ERROR]: [RESPONSE ERROR] 401 - Unauthorized
2026-08-03 21:13:52 [HTTP]: [REQUEST] GET /users/2
2026-08-03 21:13:53 [HTTP]: [REQUEST] POST /users
2026-08-03 21:13:53 [DEBUG]: [REQUEST BODY] {"name":"John Doe","job":"QA Engineer"}
2026-08-03 21:13:53 [HTTP]: [REQUEST] PUT /users/2
2026-08-03 21:13:53 [DEBUG]: [REQUEST BODY] {"name":"Jane Doe","job":"Senior QA Engineer"}
2026-08-03 21:13:55 [ERROR]: [RESPONSE ERROR] 401 - Unauthorized
2026-08-03 21:13:55 [ERROR]: [RESPONSE ERROR] 401 - Unauthorized
2026-08-03 21:13:55 [ERROR]: [RESPONSE ERROR] 401 - Unauthorized
2026-08-03 21:13:55 [HTTP]: [REQUEST] DELETE /users/2
2026-08-03 21:13:57 [HTTP]: [REQUEST] POST /login
2026-08-03 21:13:57 [DEBUG]: [REQUEST BODY] {"email":"eve.holt@reqres.in","password":"cityslicka"}
2026-08-03 21:13:58 [ERROR]: [RESPONSE ERROR] 401 - Unauthorized
2026-08-03 21:13:59 [HTTP]: [REQUEST] DELETE /users/2
2026-08-03 21:14:00 [ERROR]: [RESPONSE ERROR] 401 - Unauthorized
2026-08-03 21:14:02 [ERROR]: [RESPONSE ERROR] 401 - Unauthorized
2026-08-03 21:14:02 [HTTP]: [REQUEST] POST /login
2026-08-03 21:14:02 [DEBUG]: [REQUEST BODY] {"email":"eve.holt@reqres.in","password":"cityslicka"}
2026-08-03 21:14:04 [ERROR]: [RESPONSE ERROR] 401 - Unauthorized
2026-08-03 21:14:06 [HTTP]: [REQUEST] POST /login
2026-08-03 21:14:06 [DEBUG]: [REQUEST BODY] {"email":"eve.holt@reqres.in","password":"cityslicka"}
2026-08-03 21:14:08 [ERROR]: [RESPONSE ERROR] 401 - Unauthorized
2026-08-03 21:19:33 [HTTP]: [REQUEST] GET /users/2
2026-08-03 21:19:33 [HTTP]: [REQUEST] PUT /users/2
2026-08-03 21:19:33 [DEBUG]: [REQUEST BODY] {"name":"Jane Doe","job":"Senior QA Engineer"}
2026-08-03 21:19:33 [HTTP]: [REQUEST] GET /users?page=1
2026-08-03 21:19:33 [HTTP]: [REQUEST] POST /users
2026-08-03 21:19:33 [DEBUG]: [REQUEST BODY] {"name":"John Doe","job":"QA Engineer"}
2026-08-03 21:19:35 [ERROR]: [RESPONSE ERROR] 401 - Unauthorized
2026-08-03 21:19:35 [ERROR]: [RESPONSE ERROR] 401 - Unauthorized
2026-08-03 21:19:35 [ERROR]: [RESPONSE ERROR] 401 - Unauthorized
2026-08-03 21:19:35 [ERROR]: [RESPONSE ERROR] 401 - Unauthorized
2026-08-03 21:19:37 [HTTP]: [REQUEST] GET /users/2
2026-08-03 21:19:37 [HTTP]: [REQUEST] PUT /users/2
2026-08-03 21:19:37 [DEBUG]: [REQUEST BODY] {"name":"Jane Doe","job":"Senior QA Engineer"}
2026-08-03 21:19:37 [HTTP]: [REQUEST] POST /users
2026-08-03 21:19:37 [DEBUG]: [REQUEST BODY] {"name":"John Doe","job":"QA Engineer"}
2026-08-03 21:19:37 [HTTP]: [REQUEST] GET /users?page=1
2026-08-03 21:19:40 [ERROR]: [RESPONSE ERROR] 401 - Unauthorized
2026-08-03 21:19:40 [ERROR]: [RESPONSE ERROR] 401 - Unauthorized
2026-08-03 21:19:40 [ERROR]: [RESPONSE ERROR] 401 - Unauthorized
2026-08-03 21:19:40 [ERROR]: [RESPONSE ERROR] 401 - Unauthorized
2026-08-03 21:19:42 [HTTP]: [REQUEST] GET /users/2
2026-08-03 21:19:42 [HTTP]: [REQUEST] PUT /users/2
2026-08-03 21:19:42 [DEBUG]: [REQUEST BODY] {"name":"Jane Doe","job":"Senior QA Engineer"}
2026-08-03 21:19:42 [HTTP]: [REQUEST] POST /users
2026-08-03 21:19:42 [DEBUG]: [REQUEST BODY] {"name":"John Doe","job":"QA Engineer"}
2026-08-03 21:19:42 [HTTP]: [REQUEST] GET /users?page=1
2026-08-03 21:19:45 [ERROR]: [RESPONSE ERROR] 401 - Unauthorized
2026-08-03 21:19:45 [ERROR]: [RESPONSE ERROR] 401 - Unauthorized
2026-08-03 21:19:45 [ERROR]: [RESPONSE ERROR] 401 - Unauthorized
2026-08-03 21:19:45 [ERROR]: [RESPONSE ERROR] 401 - Unauthorized
2026-08-03 21:19:46 [HTTP]: [REQUEST] DELETE /users/2
2026-08-03 21:19:46 [HTTP]: [REQUEST] POST /login
2026-08-03 21:19:46 [DEBUG]: [REQUEST BODY] {"email":"eve.holt@reqres.in","password":"cityslicka"}
2026-08-03 21:19:49 [ERROR]: [RESPONSE ERROR] 401 - Unauthorized
2026-08-03 21:19:49 [ERROR]: [RESPONSE ERROR] 401 - Unauthorized
2026-08-03 21:19:51 [HTTP]: [REQUEST] DELETE /users/2
2026-08-03 21:19:51 [HTTP]: [REQUEST] POST /login
2026-08-03 21:19:51 [DEBUG]: [REQUEST BODY] {"email":"eve.holt@reqres.in","password":"cityslicka"}
2026-08-03 21:19:53 [ERROR]: [RESPONSE ERROR] 401 - Unauthorized
2026-08-03 21:19:53 [ERROR]: [RESPONSE ERROR] 401 - Unauthorized
2026-08-03 21:19:55 [HTTP]: [REQUEST] DELETE /users/2
2026-08-03 21:19:55 [HTTP]: [REQUEST] POST /login
2026-08-03 21:19:55 [DEBUG]: [REQUEST BODY] {"email":"eve.holt@reqres.in","password":"cityslicka"}
2026-08-03 21:19:57 [ERROR]: [RESPONSE ERROR] 401 - Unauthorized
2026-08-03 21:19:57 [ERROR]: [RESPONSE ERROR] 401 - Unauthorized
2026-08-03 21:34:45 [HTTP]: [REQUEST] POST /auth/login
2026-08-03 21:34:45 [DEBUG]: [REQUEST BODY] {"username":"emilys","password":"emilyspass"}
2026-08-03 21:34:45 [HTTP]: [REQUEST] GET /users/999999
2026-08-03 21:34:45 [HTTP]: [REQUEST] GET /products/1
2026-08-03 21:34:46 [HTTP]: [REQUEST] GET /products/search?q=xyznonexistentproduct12345
2026-08-03 21:34:48 [HTTP]: [RESPONSE] GET /products/1 - Status: 200
2026-08-03 21:34:48 [HTTP]: [REQUEST] GET /products/999999
2026-08-03 21:34:48 [HTTP]: [RESPONSE] POST /auth/login - Status: 200
2026-08-03 21:34:48 [ERROR]: [RESPONSE ERROR] 404 - Not Found
2026-08-03 21:34:48 [HTTP]: [RESPONSE] GET /products/search?q=xyznonexistentproduct12345 - Status: 200
2026-08-03 21:34:48 [HTTP]: [REQUEST] GET /users
2026-08-03 21:34:48 [HTTP]: [RESPONSE] GET /users - Status: 200
2026-08-03 21:34:48 [HTTP]: [REQUEST] GET /users/1
2026-08-03 21:34:49 [HTTP]: [RESPONSE] GET /users/1 - Status: 200
2026-08-03 21:34:49 [ERROR]: [RESPONSE ERROR] 404 - Not Found
2026-08-03 21:34:50 [HTTP]: [REQUEST] POST /auth/login
2026-08-03 21:34:50 [DEBUG]: [REQUEST BODY] {"username":"emilys","password":"emilyspass"}
2026-08-03 21:34:50 [HTTP]: [REQUEST] GET /products/999999
2026-08-03 21:34:51 [HTTP]: [REQUEST] POST /auth/login
2026-08-03 21:34:51 [DEBUG]: [REQUEST BODY] {"username":"emilys","password":"emilyspass"}
2026-08-03 21:34:51 [HTTP]: [REQUEST] GET /users/999999
2026-08-03 21:34:52 [HTTP]: [RESPONSE] POST /auth/login - Status: 200
2026-08-03 21:34:54 [HTTP]: [REQUEST] POST /auth/login
2026-08-03 21:34:54 [DEBUG]: [REQUEST BODY] {"username":"emilys","password":"emilyspass"}
2026-08-03 21:34:54 [ERROR]: [RESPONSE ERROR] 404 - Not Found
2026-08-03 21:34:54 [HTTP]: [RESPONSE] POST /auth/login - Status: 200
2026-08-03 21:34:54 [ERROR]: [RESPONSE ERROR] 404 - Not Found
2026-08-03 21:34:56 [HTTP]: [RESPONSE] POST /auth/login - Status: 200
2026-08-03 21:34:56 [HTTP]: [REQUEST] GET /products/999999
2026-08-03 21:34:56 [HTTP]: [REQUEST] POST /auth/login
2026-08-03 21:34:56 [DEBUG]: [REQUEST BODY] {"username":"emilys","password":"emilyspass"}
2026-08-03 21:34:57 [HTTP]: [REQUEST] GET /users/999999
2026-08-03 21:34:58 [ERROR]: [RESPONSE ERROR] 404 - Not Found
2026-08-03 21:34:58 [HTTP]: [REQUEST] POST /auth/login
2026-08-03 21:34:58 [DEBUG]: [REQUEST BODY] {"username":"invalid_user","password":"wrong_password"}
2026-08-03 21:34:58 [HTTP]: [RESPONSE] POST /auth/login - Status: 200
2026-08-03 21:34:59 [ERROR]: [RESPONSE ERROR] 404 - Not Found
2026-08-03 21:35:00 [HTTP]: [REQUEST] GET /products/search?q=phone
2026-08-03 21:35:01 [ERROR]: [RESPONSE ERROR] 400 - Bad Request
2026-08-03 21:35:01 [HTTP]: [REQUEST] POST /auth/login
2026-08-03 21:35:01 [DEBUG]: [REQUEST BODY] {"username":"emilys","password":"emilyspass"}
2026-08-03 21:35:01 [HTTP]: [REQUEST] GET /products/1
2026-08-03 21:35:02 [HTTP]: [RESPONSE] GET /products/search?q=phone - Status: 200
2026-08-03 21:35:03 [HTTP]: [RESPONSE] POST /auth/login - Status: 200
2026-08-03 21:35:03 [HTTP]: [RESPONSE] GET /products/1 - Status: 200
2026-08-03 21:35:03 [HTTP]: [REQUEST] GET /products/999999
2026-08-03 21:35:03 [HTTP]: [REQUEST] POST /auth/login
2026-08-03 21:35:03 [DEBUG]: [REQUEST BODY] {"username":"invalid_user","password":"wrong_password"}
2026-08-03 21:35:03 [ERROR]: [RESPONSE ERROR] 404 - Not Found
2026-08-03 21:35:05 [ERROR]: [RESPONSE ERROR] 400 - Bad Request
2026-08-03 21:35:06 [HTTP]: [REQUEST] GET /products/search?q=xyznonexistentproduct12345
2026-08-03 21:35:06 [HTTP]: [REQUEST] POST /auth/login
2026-08-03 21:35:06 [DEBUG]: [REQUEST BODY] {"username":"invalid_user","password":"wrong_password"}
2026-08-03 21:35:07 [HTTP]: [REQUEST] GET /products/999999
2026-08-03 21:35:08 [HTTP]: [RESPONSE] GET /products/search?q=xyznonexistentproduct12345 - Status: 200
2026-08-03 21:35:08 [HTTP]: [REQUEST] GET /users
2026-08-03 21:35:08 [HTTP]: [RESPONSE] GET /users - Status: 200
2026-08-03 21:35:08 [HTTP]: [REQUEST] POST /auth/login
2026-08-03 21:35:08 [DEBUG]: [REQUEST BODY] {"username":"invalid_user","password":"wrong_password"}
2026-08-03 21:35:08 [HTTP]: [REQUEST] GET /users/1
2026-08-03 21:35:08 [ERROR]: [RESPONSE ERROR] 400 - Bad Request
2026-08-03 21:35:08 [HTTP]: [RESPONSE] GET /users/1 - Status: 200
2026-08-03 21:35:09 [HTTP]: [REQUEST] GET /users/999999
2026-08-03 21:35:09 [ERROR]: [RESPONSE ERROR] 404 - Not Found
2026-08-03 21:35:10 [ERROR]: [RESPONSE ERROR] 404 - Not Found
2026-08-03 21:35:10 [ERROR]: [RESPONSE ERROR] 400 - Bad Request
2026-08-03 21:35:11 [HTTP]: [REQUEST] POST /auth/login
2026-08-03 21:35:11 [DEBUG]: [REQUEST BODY] {"username":"invalid_user","password":"wrong_password"}
2026-08-03 21:35:12 [HTTP]: [REQUEST] GET /users/999999
2026-08-03 21:35:13 [HTTP]: [REQUEST] GET /products/999999
2026-08-03 21:35:13 [ERROR]: [RESPONSE ERROR] 400 - Bad Request
2026-08-03 21:35:13 [HTTP]: [REQUEST] GET /products
2026-08-03 21:35:14 [ERROR]: [RESPONSE ERROR] 404 - Not Found
2026-08-03 21:35:15 [HTTP]: [REQUEST] POST /auth/login
2026-08-03 21:35:15 [DEBUG]: [REQUEST BODY] {"username":"invalid_user","password":"wrong_password"}
2026-08-03 21:35:15 [ERROR]: [RESPONSE ERROR] 404 - Not Found
2026-08-03 21:35:15 [HTTP]: [RESPONSE] GET /products - Status: 200
2026-08-03 21:35:16 [HTTP]: [REQUEST] GET /users/999999
2026-08-03 21:35:17 [ERROR]: [RESPONSE ERROR] 400 - Bad Request
2026-08-03 21:35:17 [HTTP]: [REQUEST] GET /products/search?q=phone
2026-08-03 21:35:17 [HTTP]: [REQUEST] POST /auth/login
2026-08-03 21:35:17 [DEBUG]: [REQUEST BODY] {"username":"emilys","password":"emilyspass"}
2026-08-03 21:35:18 [ERROR]: [RESPONSE ERROR] 404 - Not Found
2026-08-03 21:35:19 [HTTP]: [REQUEST] GET /products
2026-08-03 21:35:20 [HTTP]: [RESPONSE] POST /auth/login - Status: 200
2026-08-03 21:35:20 [HTTP]: [RESPONSE] GET /products/search?q=phone - Status: 200
2026-08-03 21:35:21 [HTTP]: [RESPONSE] GET /products - Status: 200
2026-08-03 21:35:21 [HTTP]: [REQUEST] GET /products/1
2026-08-03 21:35:23 [HTTP]: [REQUEST] GET /products/search?q=xyznonexistentproduct12345
2026-08-03 21:35:23 [HTTP]: [REQUEST] POST /auth/login
2026-08-03 21:35:23 [DEBUG]: [REQUEST BODY] {"username":"emilys","password":"emilyspass"}
2026-08-03 21:35:23 [HTTP]: [RESPONSE] GET /products/1 - Status: 200
2026-08-03 21:35:23 [HTTP]: [REQUEST] GET /products/999999
2026-08-03 21:35:24 [ERROR]: [RESPONSE ERROR] 404 - Not Found
2026-08-03 21:35:24 [HTTP]: [REQUEST] GET /users/999999
2026-08-03 21:35:25 [HTTP]: [RESPONSE] GET /products/search?q=xyznonexistentproduct12345 - Status: 200
2026-08-03 21:35:25 [HTTP]: [REQUEST] GET /users
2026-08-03 21:35:25 [HTTP]: [RESPONSE] GET /users - Status: 200
2026-08-03 21:35:25 [HTTP]: [REQUEST] GET /users/1
2026-08-03 21:35:25 [HTTP]: [RESPONSE] GET /users/1 - Status: 200
2026-08-03 21:35:25 [HTTP]: [RESPONSE] POST /auth/login - Status: 200
2026-08-03 21:35:26 [ERROR]: [RESPONSE ERROR] 404 - Not Found
2026-08-03 21:35:26 [HTTP]: [REQUEST] GET /products/999999
2026-08-03 21:35:28 [HTTP]: [REQUEST] POST /auth/login
2026-08-03 21:35:28 [DEBUG]: [REQUEST BODY] {"username":"emilys","password":"emilyspass"}
2026-08-03 21:35:28 [HTTP]: [REQUEST] POST /auth/login
2026-08-03 21:35:28 [DEBUG]: [REQUEST BODY] {"username":"emilys","password":"emilyspass"}
2026-08-03 21:35:29 [HTTP]: [REQUEST] GET /users/999999
2026-08-03 21:35:29 [ERROR]: [RESPONSE ERROR] 404 - Not Found
2026-08-03 21:35:30 [HTTP]: [RESPONSE] POST /auth/login - Status: 200
2026-08-03 21:35:30 [HTTP]: [RESPONSE] POST /auth/login - Status: 200
2026-08-03 21:35:31 [ERROR]: [RESPONSE ERROR] 404 - Not Found
2026-08-03 21:35:31 [HTTP]: [REQUEST] GET /products/999999
2026-08-03 21:35:33 [ERROR]: [RESPONSE ERROR] 404 - Not Found
2026-08-03 21:35:34 [HTTP]: [REQUEST] POST /auth/login
2026-08-03 21:35:34 [DEBUG]: [REQUEST BODY] {"username":"emilys","password":"emilyspass"}
2026-08-03 21:35:34 [HTTP]: [REQUEST] POST /auth/login
2026-08-03 21:35:34 [DEBUG]: [REQUEST BODY] {"username":"invalid_user","password":"wrong_password"}
2026-08-03 21:35:34 [HTTP]: [REQUEST] GET /users/999999
2026-08-03 21:35:36 [HTTP]: [REQUEST] GET /products/search?q=phone
2026-08-03 21:35:36 [ERROR]: [RESPONSE ERROR] 400 - Bad Request
2026-08-03 21:35:36 [HTTP]: [RESPONSE] POST /auth/login - Status: 200
2026-08-03 21:35:36 [ERROR]: [RESPONSE ERROR] 404 - Not Found
2026-08-03 21:35:37 [HTTP]: [RESPONSE] GET /products/search?q=phone - Status: 200
2026-08-03 21:35:39 [HTTP]: [REQUEST] POST /auth/login
2026-08-03 21:35:39 [DEBUG]: [REQUEST BODY] {"username":"invalid_user","password":"wrong_password"}
2026-08-03 21:35:39 [HTTP]: [REQUEST] POST /auth/login
2026-08-03 21:35:39 [DEBUG]: [REQUEST BODY] {"username":"emilys","password":"emilyspass"}
2026-08-03 21:35:40 [HTTP]: [REQUEST] GET /products/1
2026-08-03 21:35:40 [HTTP]: [REQUEST] GET /products/search?q=xyznonexistentproduct12345
2026-08-03 21:35:41 [ERROR]: [RESPONSE ERROR] 400 - Bad Request
2026-08-03 21:35:41 [HTTP]: [RESPONSE] GET /products/1 - Status: 200
2026-08-03 21:35:42 [HTTP]: [REQUEST] GET /products/999999
2026-08-03 21:35:42 [ERROR]: [RESPONSE ERROR] 404 - Not Found
2026-08-03 21:35:42 [HTTP]: [RESPONSE] POST /auth/login - Status: 200
2026-08-03 21:35:42 [HTTP]: [RESPONSE] GET /products/search?q=xyznonexistentproduct12345 - Status: 200
2026-08-03 21:35:42 [HTTP]: [REQUEST] GET /users
2026-08-03 21:35:42 [HTTP]: [RESPONSE] GET /users - Status: 200
2026-08-03 21:35:42 [HTTP]: [REQUEST] GET /users/1
2026-08-03 21:35:43 [HTTP]: [RESPONSE] GET /users/1 - Status: 200
2026-08-03 21:35:43 [HTTP]: [REQUEST] GET /users/999999
2026-08-03 21:35:43 [ERROR]: [RESPONSE ERROR] 404 - Not Found
2026-08-03 21:35:44 [HTTP]: [REQUEST] POST /auth/login
2026-08-03 21:35:44 [DEBUG]: [REQUEST BODY] {"username":"invalid_user","password":"wrong_password"}
2026-08-03 21:35:45 [HTTP]: [REQUEST] GET /products/999999
2026-08-03 21:35:45 [HTTP]: [REQUEST] POST /auth/login
2026-08-03 21:35:45 [DEBUG]: [REQUEST BODY] {"username":"invalid_user","password":"wrong_password"}
2026-08-03 21:35:46 [ERROR]: [RESPONSE ERROR] 400 - Bad Request
2026-08-03 21:35:46 [HTTP]: [REQUEST] GET /users/999999
2026-08-03 21:35:47 [ERROR]: [RESPONSE ERROR] 404 - Not Found
2026-08-03 21:35:47 [ERROR]: [RESPONSE ERROR] 400 - Bad Request
2026-08-03 21:35:48 [ERROR]: [RESPONSE ERROR] 404 - Not Found
2026-08-03 21:35:49 [HTTP]: [REQUEST] GET /products
2026-08-03 21:35:50 [HTTP]: [REQUEST] GET /products/999999
2026-08-03 21:35:50 [HTTP]: [REQUEST] POST /auth/login
2026-08-03 21:35:50 [DEBUG]: [REQUEST BODY] {"username":"invalid_user","password":"wrong_password"}
2026-08-03 21:35:51 [HTTP]: [RESPONSE] GET /products - Status: 200
2026-08-03 21:35:51 [HTTP]: [REQUEST] GET /users/999999
2026-08-03 21:35:52 [ERROR]: [RESPONSE ERROR] 404 - Not Found
2026-08-03 21:35:52 [ERROR]: [RESPONSE ERROR] 400 - Bad Request
2026-08-03 21:35:53 [ERROR]: [RESPONSE ERROR] 404 - Not Found
2026-08-03 21:35:53 [HTTP]: [REQUEST] POST /auth/login
2026-08-03 21:35:53 [DEBUG]: [REQUEST BODY] {"username":"emilys","password":"emilyspass"}
2026-08-03 21:35:54 [HTTP]: [REQUEST] GET /products/search?q=phone
2026-08-03 21:35:55 [HTTP]: [REQUEST] POST /auth/login
2026-08-03 21:35:55 [DEBUG]: [REQUEST BODY] {"username":"invalid_user","password":"wrong_password"}
2026-08-03 21:35:55 [HTTP]: [RESPONSE] POST /auth/login - Status: 200
2026-08-03 21:35:55 [HTTP]: [REQUEST] GET /products/1
2026-08-03 21:35:56 [HTTP]: [RESPONSE] GET /products/search?q=phone - Status: 200
2026-08-03 21:35:56 [HTTP]: [REQUEST] POST /auth/login
2026-08-03 21:35:56 [DEBUG]: [REQUEST BODY] {"username":"emilys","password":"emilyspass"}
2026-08-03 21:35:57 [ERROR]: [RESPONSE ERROR] 400 - Bad Request
2026-08-03 21:35:57 [HTTP]: [RESPONSE] GET /products/1 - Status: 200
2026-08-03 21:35:57 [HTTP]: [REQUEST] GET /products/999999
2026-08-03 21:35:57 [ERROR]: [RESPONSE ERROR] 404 - Not Found
2026-08-03 21:35:58 [HTTP]: [RESPONSE] POST /auth/login - Status: 200
2026-08-03 21:35:59 [HTTP]: [REQUEST] GET /products/search?q=xyznonexistentproduct12345
2026-08-03 21:36:00 [HTTP]: [REQUEST] GET /products
2026-08-03 21:36:01 [HTTP]: [REQUEST] GET /products/999999
2026-08-03 21:36:01 [HTTP]: [RESPONSE] GET /products/search?q=xyznonexistentproduct12345 - Status: 200
2026-08-03 21:36:01 [HTTP]: [REQUEST] GET /users
2026-08-03 21:36:01 [HTTP]: [RESPONSE] GET /users - Status: 200
2026-08-03 21:36:01 [HTTP]: [REQUEST] GET /users/1
2026-08-03 21:36:02 [HTTP]: [RESPONSE] GET /users/1 - Status: 200
2026-08-03 21:36:02 [HTTP]: [REQUEST] GET /users/999999
2026-08-03 21:36:02 [HTTP]: [RESPONSE] GET /products - Status: 200
2026-08-03 21:36:02 [ERROR]: [RESPONSE ERROR] 404 - Not Found
2026-08-03 21:36:02 [HTTP]: [REQUEST] POST /auth/login
2026-08-03 21:36:02 [DEBUG]: [REQUEST BODY] {"username":"emilys","password":"emilyspass"}
2026-08-03 21:36:03 [ERROR]: [RESPONSE ERROR] 404 - Not Found
2026-08-03 21:36:04 [HTTP]: [RESPONSE] POST /auth/login - Status: 200
2026-08-03 21:36:05 [HTTP]: [REQUEST] POST /auth/login
2026-08-03 21:36:05 [DEBUG]: [REQUEST BODY] {"username":"emilys","password":"emilyspass"}
2026-08-03 21:36:05 [HTTP]: [REQUEST] GET /users/999999
2026-08-03 21:36:06 [HTTP]: [REQUEST] GET /products/999999
2026-08-03 21:36:07 [HTTP]: [RESPONSE] POST /auth/login - Status: 200
2026-08-03 21:36:07 [ERROR]: [RESPONSE ERROR] 404 - Not Found
2026-08-03 21:36:07 [HTTP]: [REQUEST] POST /auth/login
2026-08-03 21:36:07 [DEBUG]: [REQUEST BODY] {"username":"invalid_user","password":"wrong_password"}
2026-08-03 21:36:08 [ERROR]: [RESPONSE ERROR] 404 - Not Found
2026-08-03 21:36:09 [ERROR]: [RESPONSE ERROR] 400 - Bad Request
2026-08-03 21:36:09 [HTTP]: [REQUEST] GET /users/999999
2026-08-03 21:36:09 [HTTP]: [REQUEST] POST /auth/login
2026-08-03 21:36:09 [DEBUG]: [REQUEST BODY] {"username":"emilys","password":"emilyspass"}
2026-08-03 21:36:10 [HTTP]: [REQUEST] GET /products/search?q=phone
2026-08-03 21:36:11 [HTTP]: [REQUEST] POST /auth/login
2026-08-03 21:36:11 [DEBUG]: [REQUEST BODY] {"username":"invalid_user","password":"wrong_password"}
2026-08-03 21:36:11 [ERROR]: [RESPONSE ERROR] 404 - Not Found
2026-08-03 21:36:11 [HTTP]: [RESPONSE] POST /auth/login - Status: 200
2026-08-03 21:36:13 [HTTP]: [RESPONSE] GET /products/search?q=phone - Status: 200
2026-08-03 21:36:13 [ERROR]: [RESPONSE ERROR] 400 - Bad Request
2026-08-03 21:36:14 [HTTP]: [REQUEST] GET /products/1
2026-08-03 21:36:14 [HTTP]: [REQUEST] POST /auth/login
2026-08-03 21:36:14 [DEBUG]: [REQUEST BODY] {"username":"emilys","password":"emilyspass"}
2026-08-03 21:36:16 [HTTP]: [REQUEST] GET /products/search?q=xyznonexistentproduct12345
2026-08-03 21:36:16 [HTTP]: [REQUEST] POST /auth/login
2026-08-03 21:36:16 [DEBUG]: [REQUEST BODY] {"username":"invalid_user","password":"wrong_password"}
2026-08-03 21:36:16 [HTTP]: [RESPONSE] GET /products/1 - Status: 200
2026-08-03 21:36:16 [HTTP]: [REQUEST] GET /products/999999
2026-08-03 21:36:16 [HTTP]: [RESPONSE] POST /auth/login - Status: 200
2026-08-03 21:36:16 [ERROR]: [RESPONSE ERROR] 404 - Not Found
2026-08-03 21:36:18 [HTTP]: [RESPONSE] GET /products/search?q=xyznonexistentproduct12345 - Status: 200
2026-08-03 21:36:18 [HTTP]: [REQUEST] GET /users
2026-08-03 21:36:18 [HTTP]: [RESPONSE] GET /users - Status: 200
2026-08-03 21:36:18 [HTTP]: [REQUEST] GET /users/1
2026-08-03 21:36:18 [ERROR]: [RESPONSE ERROR] 400 - Bad Request
2026-08-03 21:36:18 [HTTP]: [RESPONSE] GET /users/1 - Status: 200
2026-08-03 21:36:18 [HTTP]: [REQUEST] GET /users/999999
2026-08-03 21:36:18 [ERROR]: [RESPONSE ERROR] 404 - Not Found
2026-08-03 21:36:19 [HTTP]: [REQUEST] GET /products/999999
2026-08-03 21:36:19 [HTTP]: [REQUEST] POST /auth/login
2026-08-03 21:36:19 [DEBUG]: [REQUEST BODY] {"username":"invalid_user","password":"wrong_password"}
2026-08-03 21:36:20 [HTTP]: [REQUEST] GET /products
2026-08-03 21:36:21 [HTTP]: [REQUEST] GET /users/999999
2026-08-03 21:36:21 [ERROR]: [RESPONSE ERROR] 404 - Not Found
2026-08-03 21:36:21 [ERROR]: [RESPONSE ERROR] 400 - Bad Request
2026-08-03 21:36:23 [ERROR]: [RESPONSE ERROR] 404 - Not Found
2026-08-03 21:36:23 [HTTP]: [RESPONSE] GET /products - Status: 200
2026-08-03 21:36:23 [HTTP]: [REQUEST] GET /products/999999
2026-08-03 21:36:23 [HTTP]: [REQUEST] POST /auth/login
2026-08-03 21:36:23 [DEBUG]: [REQUEST BODY] {"username":"invalid_user","password":"wrong_password"}
2026-08-03 21:36:25 [ERROR]: [RESPONSE ERROR] 404 - Not Found
2026-08-03 21:36:25 [HTTP]: [REQUEST] POST /auth/login
2026-08-03 21:36:25 [DEBUG]: [REQUEST BODY] {"username":"emilys","password":"emilyspass"}
2026-08-03 21:36:25 [HTTP]: [REQUEST] GET /users/999999
2026-08-03 21:36:25 [ERROR]: [RESPONSE ERROR] 400 - Bad Request
2026-08-03 21:36:27 [ERROR]: [RESPONSE ERROR] 404 - Not Found
2026-08-03 21:36:27 [HTTP]: [RESPONSE] POST /auth/login - Status: 200
2026-08-03 21:36:28 [HTTP]: [REQUEST] GET /products/search?q=phone
2026-08-03 21:36:28 [HTTP]: [REQUEST] POST /auth/login
2026-08-03 21:36:28 [DEBUG]: [REQUEST BODY] {"username":"invalid_user","password":"wrong_password"}
2026-08-03 21:36:30 [HTTP]: [REQUEST] GET /products/1
2026-08-03 21:36:30 [HTTP]: [REQUEST] POST /auth/login
2026-08-03 21:36:30 [DEBUG]: [REQUEST BODY] {"username":"emilys","password":"emilyspass"}
2026-08-03 21:36:30 [HTTP]: [RESPONSE] GET /products/search?q=phone - Status: 200
2026-08-03 21:36:30 [ERROR]: [RESPONSE ERROR] 400 - Bad Request
2026-08-03 21:36:31 [HTTP]: [RESPONSE] GET /products/1 - Status: 200
2026-08-03 21:36:31 [HTTP]: [REQUEST] GET /products/999999
2026-08-03 21:36:32 [ERROR]: [RESPONSE ERROR] 404 - Not Found
2026-08-03 21:36:32 [HTTP]: [RESPONSE] POST /auth/login - Status: 200
2026-08-03 21:36:33 [HTTP]: [REQUEST] GET /products
2026-08-03 21:36:33 [HTTP]: [REQUEST] GET /products/search?q=xyznonexistentproduct12345
2026-08-03 21:36:35 [HTTP]: [RESPONSE] GET /products - Status: 200
2026-08-03 21:36:35 [HTTP]: [REQUEST] POST /auth/login
2026-08-03 21:36:35 [DEBUG]: [REQUEST BODY] {"username":"emilys","password":"emilyspass"}
2026-08-03 21:36:35 [HTTP]: [RESPONSE] GET /products/search?q=xyznonexistentproduct12345 - Status: 200
2026-08-03 21:36:35 [HTTP]: [REQUEST] GET /products/999999
2026-08-03 21:36:35 [HTTP]: [REQUEST] GET /users
2026-08-03 21:36:35 [HTTP]: [RESPONSE] GET /users - Status: 200
2026-08-03 21:36:35 [HTTP]: [REQUEST] GET /users/1
2026-08-03 21:36:36 [HTTP]: [RESPONSE] GET /users/1 - Status: 200
2026-08-03 21:36:37 [HTTP]: [RESPONSE] POST /auth/login - Status: 200
2026-08-03 21:36:38 [HTTP]: [REQUEST] GET /users/999999
2026-08-03 21:36:38 [ERROR]: [RESPONSE ERROR] 404 - Not Found
2026-08-03 21:36:40 [ERROR]: [RESPONSE ERROR] 404 - Not Found
2026-08-03 21:36:41 [HTTP]: [REQUEST] POST /auth/login
2026-08-03 21:36:41 [DEBUG]: [REQUEST BODY] {"username":"invalid_user","password":"wrong_password"}
2026-08-03 21:36:42 [HTTP]: [REQUEST] GET /products/999999
2026-08-03 21:36:42 [HTTP]: [REQUEST] GET /users/999999
2026-08-03 21:36:43 [ERROR]: [RESPONSE ERROR] 400 - Bad Request
2026-08-03 21:36:44 [ERROR]: [RESPONSE ERROR] 404 - Not Found
2026-08-03 21:36:44 [ERROR]: [RESPONSE ERROR] 404 - Not Found
2026-08-03 21:36:45 [HTTP]: [REQUEST] POST /auth/login
2026-08-03 21:36:45 [DEBUG]: [REQUEST BODY] {"username":"invalid_user","password":"wrong_password"}
2026-08-03 21:36:47 [HTTP]: [REQUEST] GET /products/search?q=phone
2026-08-03 21:36:47 [ERROR]: [RESPONSE ERROR] 400 - Bad Request
2026-08-03 21:36:48 [HTTP]: [REQUEST] GET /users/999999
2026-08-03 21:36:49 [HTTP]: [RESPONSE] GET /products/search?q=phone - Status: 200
2026-08-03 21:36:50 [ERROR]: [RESPONSE ERROR] 404 - Not Found
2026-08-03 21:36:52 [HTTP]: [REQUEST] POST /auth/login
2026-08-03 21:36:52 [DEBUG]: [REQUEST BODY] {"username":"invalid_user","password":"wrong_password"}
2026-08-03 21:36:54 [ERROR]: [RESPONSE ERROR] 400 - Bad Request
2026-08-03 21:36:57 [HTTP]: [REQUEST] GET /products
2026-08-03 21:36:59 [HTTP]: [RESPONSE] GET /products - Status: 200
2026-08-03 21:37:01 [HTTP]: [REQUEST] POST /auth/login
2026-08-03 21:37:01 [DEBUG]: [REQUEST BODY] {"username":"emilys","password":"emilyspass"}
2026-08-03 21:37:03 [HTTP]: [RESPONSE] POST /auth/login - Status: 200
2026-08-03 21:37:05 [HTTP]: [REQUEST] POST /auth/login
2026-08-03 21:37:05 [DEBUG]: [REQUEST BODY] {"username":"emilys","password":"emilyspass"}
2026-08-03 21:37:07 [HTTP]: [RESPONSE] POST /auth/login - Status: 200
2026-08-03 21:37:08 [HTTP]: [REQUEST] POST /auth/login
2026-08-03 21:37:08 [DEBUG]: [REQUEST BODY] {"username":"emilys","password":"emilyspass"}
2026-08-03 21:37:10 [HTTP]: [RESPONSE] POST /auth/login - Status: 200
2026-08-03 21:39:44 [HTTP]: [REQUEST] GET /posts
2026-08-03 21:39:46 [HTTP]: [RESPONSE] GET /posts - Status: 200
2026-08-03 21:39:59 [HTTP]: [REQUEST] GET /store/inventory
2026-08-03 21:40:02 [HTTP]: [RESPONSE] GET /store/inventory - Status: 200
2026-08-03 21:46:40 [HTTP]: [REQUEST] GET /products/search?q=xyznonexistentproduct12345
2026-08-03 21:46:40 [HTTP]: [REQUEST] GET /users/999999
2026-08-03 21:46:40 [HTTP]: [REQUEST] GET /products/1
2026-08-03 21:46:40 [HTTP]: [REQUEST] POST /auth/login
2026-08-03 21:46:40 [DEBUG]: [REQUEST BODY] {"username":"emilys","password":"emilyspass"}
2026-08-03 21:46:42 [HTTP]: [RESPONSE] GET /products/1 - Status: 200
2026-08-03 21:46:42 [HTTP]: [REQUEST] GET /products/999999
2026-08-03 21:46:42 [HTTP]: [RESPONSE] GET /products/search?q=xyznonexistentproduct12345 - Status: 200
2026-08-03 21:46:42 [HTTP]: [REQUEST] GET /users
2026-08-03 21:46:42 [ERROR]: [RESPONSE ERROR] 404 - Not Found
2026-08-03 21:46:42 [ERROR]: [RESPONSE ERROR] 404 - Not Found
2026-08-03 21:46:42 [HTTP]: [RESPONSE] GET /users - Status: 200
2026-08-03 21:46:42 [HTTP]: [RESPONSE] POST /auth/login - Status: 200
2026-08-03 21:46:42 [HTTP]: [REQUEST] GET /users/1
2026-08-03 21:46:42 [HTTP]: [REQUEST] POST /auth/login
2026-08-03 21:46:42 [DEBUG]: [REQUEST BODY] {"username":"invalid_user","password":"wrong_password"}
2026-08-03 21:46:42 [HTTP]: [RESPONSE] GET /users/1 - Status: 200
2026-08-03 21:46:43 [HTTP]: [REQUEST] GET /posts
2026-08-03 21:46:43 [ERROR]: [RESPONSE ERROR] 400 - Bad Request
2026-08-03 21:46:44 [HTTP]: [RESPONSE] GET /posts - Status: 200
2026-08-03 21:46:44 [HTTP]: [REQUEST] GET /posts/1
2026-08-03 21:46:44 [HTTP]: [RESPONSE] GET /posts/1 - Status: 200
2026-08-03 21:46:44 [HTTP]: [REQUEST] POST /posts
2026-08-03 21:46:44 [DEBUG]: [REQUEST BODY] {"title":"Test Post from Playwright Framework","body":"This is a test post created during API testing","userId":1}
2026-08-03 21:46:45 [HTTP]: [RESPONSE] POST /posts - Status: 201
2026-08-03 21:46:45 [HTTP]: [REQUEST] PUT /posts/1
2026-08-03 21:46:45 [DEBUG]: [REQUEST BODY] {"title":"Updated Post Title","body":"Updated post body content","userId":1}
2026-08-03 21:46:45 [HTTP]: [REQUEST] GET /users/999999
2026-08-03 21:46:45 [HTTP]: [REQUEST] GET /products/999999
2026-08-03 21:46:45 [HTTP]: [REQUEST] POST /auth/login
2026-08-03 21:46:45 [DEBUG]: [REQUEST BODY] {"username":"invalid_user","password":"wrong_password"}
2026-08-03 21:46:46 [HTTP]: [RESPONSE] PUT /posts/1 - Status: 200
2026-08-03 21:46:46 [HTTP]: [REQUEST] PATCH /posts/1
2026-08-03 21:46:46 [DEBUG]: [REQUEST BODY] {"title":"Patched Title Only"}
2026-08-03 21:46:46 [HTTP]: [RESPONSE] PATCH /posts/1 - Status: 200
2026-08-03 21:46:46 [HTTP]: [REQUEST] DELETE /posts/1
2026-08-03 21:46:47 [HTTP]: [RESPONSE] DELETE /posts/1 - Status: 200
2026-08-03 21:46:47 [HTTP]: [REQUEST] GET /posts/1/comments
2026-08-03 21:46:47 [ERROR]: [RESPONSE ERROR] 404 - Not Found
2026-08-03 21:46:47 [HTTP]: [RESPONSE] GET /posts/1/comments - Status: 200
2026-08-03 21:46:47 [HTTP]: [REQUEST] GET /comments
2026-08-03 21:46:47 [HTTP]: [RESPONSE] GET /comments - Status: 200
2026-08-03 21:46:47 [HTTP]: [REQUEST] GET /comments/1
2026-08-03 21:46:47 [HTTP]: [RESPONSE] GET /comments/1 - Status: 200
2026-08-03 21:46:47 [HTTP]: [REQUEST] GET /comments?postId=2
2026-08-03 21:46:47 [ERROR]: [RESPONSE ERROR] 400 - Bad Request
2026-08-03 21:46:48 [ERROR]: [RESPONSE ERROR] 404 - Not Found
2026-08-03 21:46:48 [HTTP]: [RESPONSE] GET /comments?postId=2 - Status: 200
2026-08-03 21:46:48 [HTTP]: [REQUEST] GET /users
2026-08-03 21:46:48 [HTTP]: [RESPONSE] GET /users - Status: 200
2026-08-03 21:46:48 [HTTP]: [REQUEST] GET /users/1
2026-08-03 21:46:48 [HTTP]: [RESPONSE] GET /users/1 - Status: 200
2026-08-03 21:46:48 [HTTP]: [REQUEST] GET /users/1/posts
2026-08-03 21:46:49 [HTTP]: [RESPONSE] GET /users/1/posts - Status: 200
2026-08-03 21:46:49 [HTTP]: [REQUEST] GET /todos
2026-08-03 21:46:49 [HTTP]: [RESPONSE] GET /todos - Status: 200
2026-08-03 21:46:49 [HTTP]: [REQUEST] GET /todos/1
2026-08-03 21:46:49 [HTTP]: [RESPONSE] GET /todos/1 - Status: 200
2026-08-03 21:46:49 [HTTP]: [REQUEST] GET /todos?userId=1
2026-08-03 21:46:49 [HTTP]: [RESPONSE] GET /todos?userId=1 - Status: 200
2026-08-03 21:46:49 [HTTP]: [REQUEST] POST /todos
2026-08-03 21:46:49 [DEBUG]: [REQUEST BODY] {"title":"Test API automation framework","completed":false,"userId":1}
2026-08-03 21:46:49 [HTTP]: [RESPONSE] POST /todos - Status: 201
2026-08-03 21:46:49 [HTTP]: [REQUEST] GET /albums
2026-08-03 21:46:50 [HTTP]: [RESPONSE] GET /albums - Status: 200
2026-08-03 21:46:50 [HTTP]: [REQUEST] GET /albums/1
2026-08-03 21:46:50 [HTTP]: [RESPONSE] GET /albums/1 - Status: 200
2026-08-03 21:46:50 [HTTP]: [REQUEST] GET /albums/1/photos
2026-08-03 21:46:50 [HTTP]: [REQUEST] GET /users/999999
2026-08-03 21:46:50 [HTTP]: [REQUEST] POST /auth/login
2026-08-03 21:46:50 [DEBUG]: [REQUEST BODY] {"username":"invalid_user","password":"wrong_password"}
2026-08-03 21:46:51 [HTTP]: [RESPONSE] GET /albums/1/photos - Status: 200
2026-08-03 21:46:51 [HTTP]: [REQUEST] GET /products/999999
2026-08-03 21:46:51 [HTTP]: [REQUEST] POST /pet
2026-08-03 21:46:51 [DEBUG]: [REQUEST BODY] {"name":"Weimaraner","photoUrls":["https://example.com/photo1.jpg","https://example.com/photo2.jpg"],"category":{"id":1,"name":"Dogs"},"tags":[{"id":1,"name":"friendly"},{"id":2,"name":"trained"}],"status":"available"}
2026-08-03 21:46:52 [ERROR]: [RESPONSE ERROR] 404 - Not Found
2026-08-03 21:46:52 [ERROR]: [RESPONSE ERROR] 400 - Bad Request
2026-08-03 21:46:53 [ERROR]: [RESPONSE ERROR] 404 - Not Found
2026-08-03 21:46:54 [HTTP]: [RESPONSE] POST /pet - Status: 200
2026-08-03 21:46:54 [HTTP]: [REQUEST] GET /pet/9223372036854776000
2026-08-03 21:46:54 [ERROR]: [RESPONSE ERROR] 404 - Not Found
2026-08-03 21:46:54 [HTTP]: [REQUEST] GET /pet/999999999
2026-08-03 21:46:54 [HTTP]: [REQUEST] GET /products
2026-08-03 21:46:55 [HTTP]: [REQUEST] GET /products/search?q=phone
2026-08-03 21:46:56 [HTTP]: [RESPONSE] GET /products - Status: 200
2026-08-03 21:46:56 [HTTP]: [REQUEST] GET /pet/1
2026-08-03 21:46:56 [HTTP]: [REQUEST] POST /user
2026-08-03 21:46:56 [DEBUG]: [REQUEST BODY] {"username":"testuser_kuinnb1m","firstName":"Demetrius","lastName":"Armstrong","email":"Orin_Bartoletti2@yahoo.com","password":"PgdFiRRJ_RfMd5c","phone":"1-394-568-7048","userStatus":1}
2026-08-03 21:46:57 [ERROR]: [RESPONSE ERROR] 404 - Not Found
2026-08-03 21:46:57 [HTTP]: [RESPONSE] GET /products/search?q=phone - Status: 200
2026-08-03 21:46:58 [HTTP]: [REQUEST] POST /user/createWithArray
2026-08-03 21:46:58 [DEBUG]: [REQUEST BODY] [{"username":"user1_BHhwIM","firstName":"Darrick","lastName":"Sipes","email":"Aylin_Swaniawski@hotmail.com","password":"8zlz0zyexyZDU37"},{"username":"user2_xdfSdm","firstName":"Carson","lastName":"Mosciski","email":"Macy57@gmail.com","password":"6NUvDusvaRgLhsn"}]
2026-08-03 21:46:59 [HTTP]: [RESPONSE] GET /pet/1 - Status: 200
2026-08-03 21:46:59 [HTTP]: [REQUEST] GET /pet/findByStatus?status=available
2026-08-03 21:46:59 [HTTP]: [RESPONSE] POST /user - Status: 200
2026-08-03 21:46:59 [HTTP]: [REQUEST] GET /user/testuser_kuinnb1m
2026-08-03 21:46:59 [HTTP]: [RESPONSE] GET /user/testuser_kuinnb1m - Status: 200
2026-08-03 21:46:59 [HTTP]: [RESPONSE] GET /pet/findByStatus?status=available - Status: 200
2026-08-03 21:46:59 [HTTP]: [REQUEST] GET /pet/999999999
2026-08-03 21:46:59 [HTTP]: [REQUEST] GET /user/login?username=testuser_kuinnb1m&password=password123
2026-08-03 21:46:59 [HTTP]: [REQUEST] GET /pet/findByStatus?status=pending
2026-08-03 21:46:59 [HTTP]: [RESPONSE] GET /user/login?username=testuser_kuinnb1m&password=password123 - Status: 200
2026-08-03 21:46:59 [HTTP]: [REQUEST] GET /user/logout
2026-08-03 21:47:00 [HTTP]: [RESPONSE] GET /pet/findByStatus?status=pending - Status: 200
2026-08-03 21:47:00 [HTTP]: [RESPONSE] GET /user/logout - Status: 200
2026-08-03 21:47:00 [HTTP]: [REQUEST] GET /pet/findByStatus?status=sold
2026-08-03 21:47:00 [HTTP]: [REQUEST] PUT /user/testuser_kuinnb1m
2026-08-03 21:47:00 [DEBUG]: [REQUEST BODY] {"username":"testuser_kuinnb1m","firstName":"Updated","lastName":"Name","email":"Izaiah.Goodwin53@hotmail.com","password":"newpassword123","phone":"1-297-860-1962","userStatus":1}
2026-08-03 21:47:00 [HTTP]: [RESPONSE] GET /pet/findByStatus?status=sold - Status: 200
2026-08-03 21:47:00 [HTTP]: [RESPONSE] PUT /user/testuser_kuinnb1m - Status: 200
2026-08-03 21:47:00 [HTTP]: [RESPONSE] POST /user/createWithArray - Status: 200
2026-08-03 21:47:00 [HTTP]: [REQUEST] GET /pet/1
2026-08-03 21:47:00 [HTTP]: [REQUEST] GET /user/nonexistentuser999999
2026-08-03 21:47:00 [HTTP]: [RESPONSE] GET /pet/1 - Status: 200
2026-08-03 21:47:00 [HTTP]: [REQUEST] PUT /pet
2026-08-03 21:47:00 [DEBUG]: [REQUEST BODY] {"id":1,"category":{"id":1,"name":"Dogs"},"name":"Updated Some dog","photoUrls":["www.photodolce.com"],"tags":[{"id":0,"name":"string"}],"status":"sold"}
2026-08-03 21:47:00 [ERROR]: [RESPONSE ERROR] 404 - Not Found
2026-08-03 21:47:00 [HTTP]: [RESPONSE] PUT /pet - Status: 200
2026-08-03 21:47:02 [ERROR]: [RESPONSE ERROR] 404 - Not Found
2026-08-03 21:47:03 [INFO]: Navigating to https://opensource-demo.orangehrmlive.com
2026-08-03 21:47:05 [HTTP]: [REQUEST] GET /user/nonexistentuser999999
2026-08-03 21:47:05 [INFO]: Navigating to https://opensource-demo.orangehrmlive.com
2026-08-03 21:47:06 [HTTP]: [REQUEST] GET /pet/999999999
2026-08-03 21:47:07 [ERROR]: [RESPONSE ERROR] 404 - Not Found
2026-08-03 21:47:09 [ERROR]: [RESPONSE ERROR] 404 - Not Found
2026-08-03 21:47:10 [HTTP]: [REQUEST] GET /user/nonexistentuser999999
2026-08-03 21:47:11 [HTTP]: [REQUEST] GET /store/inventory
2026-08-03 21:47:12 [ERROR]: [RESPONSE ERROR] 404 - Not Found
2026-08-03 21:47:14 [HTTP]: [RESPONSE] GET /store/inventory - Status: 200
2026-08-03 21:47:14 [HTTP]: [REQUEST] POST /store/order
2026-08-03 21:47:14 [DEBUG]: [REQUEST BODY] {"petId":1,"quantity":1,"shipDate":"2026-08-03T16:17:14.480Z","status":"placed","complete":false}
2026-08-03 21:47:14 [HTTP]: [RESPONSE] POST /store/order - Status: 200
2026-08-03 21:47:14 [HTTP]: [REQUEST] GET /store/order/9223372016900076000
2026-08-03 21:47:14 [ERROR]: [RESPONSE ERROR] 404 - Not Found
2026-08-03 21:47:15 [INFO]: Page loaded successfully
2026-08-03 21:47:15 [INFO]: Logging in as: invalid
2026-08-03 21:47:15 [DEBUG]: Filling text 'invalid' in element: locator('input[name="username"]')
2026-08-03 21:47:15 [DEBUG]: Filling text 'invalid' in element: locator('input[name="password"]')
2026-08-03 21:47:15 [DEBUG]: Clicking element: locator('button[type="submit"]')
2026-08-03 21:47:15 [INFO]: Page loaded successfully
2026-08-03 21:47:15 [INFO]: Logging in as: Admin
2026-08-03 21:47:15 [DEBUG]: Filling text 'Admin' in element: locator('input[name="username"]')
2026-08-03 21:47:15 [DEBUG]: Filling text 'admin123' in element: locator('input[name="password"]')
2026-08-03 21:47:16 [DEBUG]: Clicking element: locator('button[type="submit"]')
2026-08-03 21:47:17 [HTTP]: [REQUEST] DELETE /user/testuser_X6rikXpe
2026-08-03 21:47:17 [INFO]: Page loaded successfully
2026-08-03 21:47:18 [DEBUG]: Element visibility: true
2026-08-03 21:47:19 [DEBUG]: Text content: Invalid credentials
2026-08-03 21:47:19 [INFO]: Error message displayed: Invalid credentials
2026-08-03 21:47:18 [HTTP]: [REQUEST] GET /store/order/1
2026-08-03 21:47:19 [ERROR]: [RESPONSE ERROR] 404 - Not Found
2026-08-03 21:47:20 [INFO]: Page loaded successfully
2026-08-03 21:47:20 [DEBUG]: Element visibility: true
2026-08-03 21:47:20 [INFO]: Dashboard displayed successfully
2026-08-03 21:47:20 [DEBUG]: Text content: Dashboard
2026-08-03 21:47:20 [INFO]: Navigating to https://opensource-demo.orangehrmlive.com
2026-08-03 21:47:21 [HTTP]: [RESPONSE] GET /store/order/1 - Status: 200
2026-08-03 21:47:21 [INFO]: Navigating to https://www.saucedemo.com
2026-08-03 21:47:21 [HTTP]: [REQUEST] GET /store/order/999999
2026-08-03 21:47:21 [ERROR]: [RESPONSE ERROR] 404 - Not Found
2026-08-03 21:47:23 [HTTP]: [REQUEST] DELETE /user/testuser_doU9jAAs
2026-08-03 21:47:24 [HTTP]: [REQUEST] GET /store/order/999999
2026-08-03 21:47:25 [ERROR]: [RESPONSE ERROR] 404 - Not Found
2026-08-03 21:47:27 [ERROR]: [RESPONSE ERROR] 404 - Not Found
2026-08-03 21:47:27 [INFO]: Page loaded successfully
2026-08-03 21:47:27 [INFO]: Navigating to https://opensource-demo.orangehrmlive.com
2026-08-03 21:47:28 [HTTP]: [REQUEST] DELETE /user/testuser_K4Se4OUC
2026-08-03 21:47:29 [INFO]: Page loaded successfully
2026-08-03 21:47:29 [INFO]: Logging in as: standard_user
2026-08-03 21:47:29 [DEBUG]: Filling text 'standard_user' in element: locator('#user-name')
2026-08-03 21:47:29 [DEBUG]: Filling text 'secret_sauce' in element: locator('#password')
2026-08-03 21:47:29 [DEBUG]: Clicking element: locator('#login-button')
2026-08-03 21:47:29 [INFO]: Page loaded successfully
2026-08-03 21:47:29 [DEBUG]: Element visibility: true
2026-08-03 21:47:29 [INFO]: Adding product to cart: Sauce Labs Backpack
2026-08-03 21:47:29 [DEBUG]: Clicking element: locator('#add-to-cart-sauce-labs-backpack')
2026-08-03 21:47:29 [INFO]: Adding product to cart: Sauce Labs Bike Light
2026-08-03 21:47:29 [DEBUG]: Clicking element: locator('#add-to-cart-sauce-labs-bike-light')
2026-08-03 21:47:29 [INFO]: Page loaded successfully
2026-08-03 21:47:29 [INFO]: Logging in as: Admin
2026-08-03 21:47:29 [DEBUG]: Filling text 'Admin' in element: locator('input[name="username"]')
2026-08-03 21:47:29 [DEBUG]: Element visibility: true
2026-08-03 21:47:29 [DEBUG]: Text content: 2
2026-08-03 21:47:29 [DEBUG]: Clicking element: locator('.shopping_cart_link')
2026-08-03 21:47:29 [DEBUG]: Element count: 2
2026-08-03 21:47:29 [INFO]: Removing item from cart: Sauce Labs Bike Light
2026-08-03 21:47:29 [DEBUG]: Clicking element: locator('#remove-sauce-labs-bike-light')
2026-08-03 21:47:29 [DEBUG]: Filling text 'admin123' in element: locator('input[name="password"]')
2026-08-03 21:47:29 [DEBUG]: Element count: 1
2026-08-03 21:47:29 [DEBUG]: Clicking element: locator('#checkout')
2026-08-03 21:47:30 [DEBUG]: Clicking element: locator('button[type="submit"]')
2026-08-03 21:47:30 [INFO]: Filling checkout information
2026-08-03 21:47:30 [DEBUG]: Filling text 'John' in element: locator('#first-name')
2026-08-03 21:47:30 [DEBUG]: Filling text 'Doe' in element: locator('#last-name')
2026-08-03 21:47:30 [DEBUG]: Filling text '12345' in element: locator('#postal-code')
2026-08-03 21:47:30 [DEBUG]: Clicking element: locator('#continue')
2026-08-03 21:47:30 [INFO]: Page loaded successfully
2026-08-03 21:47:30 [DEBUG]: Clicking element: locator('#finish')
2026-08-03 21:47:30 [HTTP]: [REQUEST] GET /store/order/999999
2026-08-03 21:47:30 [INFO]: Page loaded successfully
2026-08-03 21:47:30 [DEBUG]: Current URL: https://www.saucedemo.com/checkout-complete.html
2026-08-03 21:47:31 [ERROR]: [RESPONSE ERROR] 404 - Not Found
2026-08-03 21:47:31 [INFO]: Navigating to https://www.saucedemo.com
2026-08-03 21:47:32 [ERROR]: [RESPONSE ERROR] 404 - Not Found
2026-08-03 21:47:34 [INFO]: Page loaded successfully
2026-08-03 21:47:34 [INFO]: Logging out
2026-08-03 21:47:34 [DEBUG]: Clicking element: locator('.oxd-userdropdown-tab')
2026-08-03 21:47:34 [DEBUG]: Clicking element: locator('a[href="/web/index.php/auth/logout"]')
2026-08-03 21:47:34 [HTTP]: [REQUEST] POST /auth/login
2026-08-03 21:47:34 [DEBUG]: [REQUEST BODY] {"username":"emilys","password":"emilyspass"}
2026-08-03 21:47:35 [HTTP]: [REQUEST] GET /products/1
2026-08-03 21:47:36 [INFO]: Logout successful - redirected to login page
2026-08-03 21:47:36 [HTTP]: [RESPONSE] POST /auth/login - Status: 200
2026-08-03 21:47:36 [HTTP]: [REQUEST] POST /auth/login
2026-08-03 21:47:36 [DEBUG]: [REQUEST BODY] {"username":"invalid_user","password":"wrong_password"}
2026-08-03 21:47:37 [ERROR]: [RESPONSE ERROR] 400 - Bad Request
2026-08-03 21:47:37 [HTTP]: [RESPONSE] GET /products/1 - Status: 200
2026-08-03 21:47:37 [HTTP]: [REQUEST] GET /products/999999
2026-08-03 21:47:37 [ERROR]: [RESPONSE ERROR] 404 - Not Found
2026-08-03 21:47:39 [HTTP]: [REQUEST] GET /products/search?q=xyznonexistentproduct12345
2026-08-03 21:47:39 [INFO]: Page loaded successfully
2026-08-03 21:47:39 [INFO]: Logging in as: standard_user
2026-08-03 21:47:39 [DEBUG]: Filling text 'standard_user' in element: locator('#user-name')
2026-08-03 21:47:39 [HTTP]: [REQUEST] POST /auth/login
2026-08-03 21:47:39 [DEBUG]: [REQUEST BODY] {"username":"invalid_user","password":"wrong_password"}
2026-08-03 21:47:39 [DEBUG]: Filling text 'secret_sauce' in element: locator('#password')
2026-08-03 21:47:39 [DEBUG]: Clicking element: locator('#login-button')
2026-08-03 21:47:39 [INFO]: Page loaded successfully
2026-08-03 21:47:39 [INFO]: Adding product to cart: Sauce Labs Backpack
2026-08-03 21:47:39 [DEBUG]: Clicking element: locator('#add-to-cart-sauce-labs-backpack')
2026-08-03 21:47:39 [DEBUG]: Element visibility: true
2026-08-03 21:47:39 [DEBUG]: Text content: 1
2026-08-03 21:47:39 [INFO]: Removing product from cart: Sauce Labs Backpack
2026-08-03 21:47:39 [DEBUG]: Clicking element: locator('#remove-sauce-labs-backpack')
2026-08-03 21:47:40 [DEBUG]: Element visibility: false
2026-08-03 21:47:40 [HTTP]: [REQUEST] GET /products/999999
2026-08-03 21:47:41 [HTTP]: [RESPONSE] GET /products/search?q=xyznonexistentproduct12345 - Status: 200
2026-08-03 21:47:41 [HTTP]: [REQUEST] GET /users
2026-08-03 21:47:41 [HTTP]: [RESPONSE] GET /users - Status: 200
2026-08-03 21:47:41 [HTTP]: [REQUEST] GET /users/1
2026-08-03 21:47:41 [ERROR]: [RESPONSE ERROR] 400 - Bad Request
2026-08-03 21:47:41 [HTTP]: [RESPONSE] GET /users/1 - Status: 200
2026-08-03 21:47:41 [HTTP]: [REQUEST] GET /posts
2026-08-03 21:47:42 [ERROR]: [RESPONSE ERROR] 404 - Not Found
2026-08-03 21:47:43 [HTTP]: [REQUEST] GET /users/999999
2026-08-03 21:47:43 [HTTP]: [RESPONSE] GET /posts - Status: 200
2026-08-03 21:47:43 [HTTP]: [REQUEST] GET /posts/1
2026-08-03 21:47:43 [HTTP]: [RESPONSE] GET /posts/1 - Status: 200
2026-08-03 21:47:43 [HTTP]: [REQUEST] POST /posts
2026-08-03 21:47:43 [DEBUG]: [REQUEST BODY] {"title":"Test Post from Playwright Framework","body":"This is a test post created during API testing","userId":1}
2026-08-03 21:47:43 [HTTP]: [REQUEST] POST /auth/login
2026-08-03 21:47:43 [DEBUG]: [REQUEST BODY] {"username":"invalid_user","password":"wrong_password"}
2026-08-03 21:47:44 [HTTP]: [RESPONSE] POST /posts - Status: 201
2026-08-03 21:47:44 [HTTP]: [REQUEST] PUT /posts/1
2026-08-03 21:47:44 [DEBUG]: [REQUEST BODY] {"title":"Updated Post Title","body":"Updated post body content","userId":1}
2026-08-03 21:47:44 [HTTP]: [REQUEST] GET /products/999999
2026-08-03 21:47:44 [HTTP]: [RESPONSE] PUT /posts/1 - Status: 200
2026-08-03 21:47:44 [HTTP]: [REQUEST] PATCH /posts/1
2026-08-03 21:47:44 [DEBUG]: [REQUEST BODY] {"title":"Patched Title Only"}
2026-08-03 21:47:44 [HTTP]: [RESPONSE] PATCH /posts/1 - Status: 200
2026-08-03 21:47:45 [HTTP]: [REQUEST] DELETE /posts/1
2026-08-03 21:47:45 [ERROR]: [RESPONSE ERROR] 404 - Not Found
2026-08-03 21:47:45 [HTTP]: [RESPONSE] DELETE /posts/1 - Status: 200
2026-08-03 21:47:45 [HTTP]: [REQUEST] GET /posts/1/comments
2026-08-03 21:47:45 [ERROR]: [RESPONSE ERROR] 400 - Bad Request
2026-08-03 21:47:45 [HTTP]: [RESPONSE] GET /posts/1/comments - Status: 200
2026-08-03 21:47:45 [HTTP]: [REQUEST] GET /comments
2026-08-03 21:47:45 [HTTP]: [RESPONSE] GET /comments - Status: 200
2026-08-03 21:47:45 [HTTP]: [REQUEST] GET /comments/1
2026-08-03 21:47:46 [HTTP]: [RESPONSE] GET /comments/1 - Status: 200
2026-08-03 21:47:46 [HTTP]: [REQUEST] GET /comments?postId=2
2026-08-03 21:47:46 [ERROR]: [RESPONSE ERROR] 404 - Not Found
2026-08-03 21:47:46 [HTTP]: [RESPONSE] GET /comments?postId=2 - Status: 200
2026-08-03 21:47:46 [HTTP]: [REQUEST] GET /users
2026-08-03 21:47:46 [HTTP]: [RESPONSE] GET /users - Status: 200
2026-08-03 21:47:46 [HTTP]: [REQUEST] GET /users/1
2026-08-03 21:47:46 [HTTP]: [RESPONSE] GET /users/1 - Status: 200
2026-08-03 21:47:46 [HTTP]: [REQUEST] GET /users/1/posts
2026-08-03 21:47:47 [HTTP]: [RESPONSE] GET /users/1/posts - Status: 200
2026-08-03 21:47:47 [HTTP]: [REQUEST] GET /todos
2026-08-03 21:47:47 [HTTP]: [RESPONSE] GET /todos - Status: 200
2026-08-03 21:47:47 [HTTP]: [REQUEST] GET /todos/1
2026-08-03 21:47:47 [HTTP]: [RESPONSE] GET /todos/1 - Status: 200
2026-08-03 21:47:47 [HTTP]: [REQUEST] GET /todos?userId=1
2026-08-03 21:47:47 [HTTP]: [RESPONSE] GET /todos?userId=1 - Status: 200
2026-08-03 21:47:47 [HTTP]: [REQUEST] POST /todos
2026-08-03 21:47:47 [DEBUG]: [REQUEST BODY] {"title":"Test API automation framework","completed":false,"userId":1}
2026-08-03 21:47:47 [HTTP]: [RESPONSE] POST /todos - Status: 201
2026-08-03 21:47:47 [HTTP]: [REQUEST] GET /albums
2026-08-03 21:47:47 [HTTP]: [RESPONSE] GET /albums - Status: 200
2026-08-03 21:47:47 [HTTP]: [REQUEST] GET /albums/1
2026-08-03 21:47:47 [HTTP]: [RESPONSE] GET /albums/1 - Status: 200
2026-08-03 21:47:47 [HTTP]: [REQUEST] GET /albums/1/photos
2026-08-03 21:47:47 [HTTP]: [REQUEST] GET /users/999999
2026-08-03 21:47:48 [HTTP]: [REQUEST] GET /products
2026-08-03 21:47:48 [HTTP]: [RESPONSE] GET /albums/1/photos - Status: 200
2026-08-03 21:47:48 [HTTP]: [REQUEST] GET /products/search?q=phone
2026-08-03 21:47:48 [HTTP]: [REQUEST] POST /pet
2026-08-03 21:47:48 [DEBUG]: [REQUEST BODY] {"name":"Ibizan Hound","photoUrls":["https://example.com/photo1.jpg","https://example.com/photo2.jpg"],"category":{"id":1,"name":"Dogs"},"tags":[{"id":1,"name":"friendly"},{"id":2,"name":"trained"}],"status":"available"}
2026-08-03 21:47:49 [ERROR]: [RESPONSE ERROR] 404 - Not Found
2026-08-03 21:47:49 [HTTP]: [RESPONSE] GET /products - Status: 200
2026-08-03 21:47:50 [HTTP]: [RESPONSE] GET /products/search?q=phone - Status: 200
2026-08-03 21:47:50 [HTTP]: [REQUEST] GET /pet/999999999
2026-08-03 21:47:51 [HTTP]: [RESPONSE] POST /pet - Status: 200
2026-08-03 21:47:51 [HTTP]: [REQUEST] POST /user
2026-08-03 21:47:51 [DEBUG]: [REQUEST BODY] {"username":"testuser_ax7ZHSjj","firstName":"Winona","lastName":"Buckridge","email":"Russ_Wolf@yahoo.com","password":"JnxdRKqd05NuZUh","phone":"1-221-661-3205 x12969","userStatus":1}
2026-08-03 21:47:51 [HTTP]: [REQUEST] GET /pet/9223372036854776000
2026-08-03 21:47:51 [ERROR]: [RESPONSE ERROR] 404 - Not Found
2026-08-03 21:47:52 [HTTP]: [REQUEST] GET /users/999999
2026-08-03 21:47:53 [ERROR]: [RESPONSE ERROR] 404 - Not Found
2026-08-03 21:47:53 [HTTP]: [RESPONSE] POST /user - Status: 200
2026-08-03 21:47:53 [HTTP]: [REQUEST] GET /user/testuser_ax7ZHSjj
2026-08-03 21:47:53 [HTTP]: [RESPONSE] GET /user/testuser_ax7ZHSjj - Status: 200
2026-08-03 21:47:53 [HTTP]: [REQUEST] GET /user/login?username=testuser_ax7ZHSjj&password=password123
2026-08-03 21:47:53 [HTTP]: [RESPONSE] GET /user/login?username=testuser_ax7ZHSjj&password=password123 - Status: 200
2026-08-03 21:47:53 [HTTP]: [REQUEST] GET /user/logout
2026-08-03 21:47:54 [HTTP]: [REQUEST] GET /pet/1
2026-08-03 21:47:54 [HTTP]: [RESPONSE] GET /user/logout - Status: 200
2026-08-03 21:47:54 [ERROR]: [RESPONSE ERROR] 404 - Not Found
2026-08-03 21:47:54 [HTTP]: [REQUEST] PUT /user/testuser_ax7ZHSjj
2026-08-03 21:47:54 [DEBUG]: [REQUEST BODY] {"username":"testuser_ax7ZHSjj","firstName":"Updated","lastName":"Name","email":"Glenda41@gmail.com","password":"newpassword123","phone":"685.451.1521 x0326","userStatus":1}
2026-08-03 21:47:54 [HTTP]: [RESPONSE] PUT /user/testuser_ax7ZHSjj - Status: 200
2026-08-03 21:47:55 [HTTP]: [REQUEST] GET /pet/999999999
2026-08-03 21:47:56 [ERROR]: [RESPONSE ERROR] 404 - Not Found
2026-08-03 21:47:57 [HTTP]: [REQUEST] POST /user/createWithArray
2026-08-03 21:47:57 [DEBUG]: [REQUEST BODY] [{"username":"user1_swmtgc","firstName":"Litzy","lastName":"Krajcik","email":"Lacey.Gottlieb@yahoo.com","password":"t7pGcUFF66UINLG"},{"username":"user2_I6ir1j","firstName":"Jon","lastName":"Lynch","email":"Hunter56@yahoo.com","password":"SrDHMJBUB2uNixY"}]
2026-08-03 21:47:58 [ERROR]: [RESPONSE ERROR] 404 - Not Found
2026-08-03 21:47:59 [INFO]: Navigating to https://opensource-demo.orangehrmlive.com
2026-08-03 21:47:59 [HTTP]: [REQUEST] GET /pet/1
2026-08-03 21:48:00 [HTTP]: [RESPONSE] POST /user/createWithArray - Status: 200
2026-08-03 21:48:00 [HTTP]: [REQUEST] GET /user/nonexistentuser999999
2026-08-03 21:48:00 [ERROR]: [RESPONSE ERROR] 404 - Not Found
2026-08-03 21:48:02 [HTTP]: [RESPONSE] GET /pet/1 - Status: 200
2026-08-03 21:48:02 [HTTP]: [REQUEST] GET /pet/findByStatus?status=available
2026-08-03 21:48:02 [HTTP]: [REQUEST] GET /pet/999999999
2026-08-03 21:48:03 [HTTP]: [RESPONSE] GET /pet/findByStatus?status=available - Status: 200
2026-08-03 21:48:03 [HTTP]: [REQUEST] GET /pet/findByStatus?status=pending
2026-08-03 21:48:03 [HTTP]: [RESPONSE] GET /pet/findByStatus?status=pending - Status: 200
2026-08-03 21:48:03 [HTTP]: [REQUEST] GET /pet/findByStatus?status=sold
2026-08-03 21:48:04 [HTTP]: [RESPONSE] GET /pet/findByStatus?status=sold - Status: 200
2026-08-03 21:48:04 [HTTP]: [REQUEST] GET /pet/1
2026-08-03 21:48:04 [HTTP]: [RESPONSE] GET /pet/1 - Status: 200
2026-08-03 21:48:04 [HTTP]: [REQUEST] PUT /pet
2026-08-03 21:48:04 [DEBUG]: [REQUEST BODY] {"id":1,"category":{"id":1,"name":"cat"},"name":"Updated dog","photoUrls":[],"tags":[],"status":"sold"}
2026-08-03 21:48:04 [HTTP]: [RESPONSE] PUT /pet - Status: 200
2026-08-03 21:48:04 [HTTP]: [REQUEST] GET /user/nonexistentuser999999
2026-08-03 21:48:05 [ERROR]: [RESPONSE ERROR] 404 - Not Found
2026-08-03 21:48:08 [ERROR]: [RESPONSE ERROR] 404 - Not Found
2026-08-03 21:48:08 [HTTP]: [REQUEST] GET /store/inventory
2026-08-03 21:48:09 [INFO]: Navigating to https://opensource-demo.orangehrmlive.com
2026-08-03 21:48:10 [HTTP]: [RESPONSE] GET /store/inventory - Status: 200
2026-08-03 21:48:10 [HTTP]: [REQUEST] POST /store/order
2026-08-03 21:48:10 [DEBUG]: [REQUEST BODY] {"petId":1,"quantity":1,"shipDate":"2026-08-03T16:18:10.891Z","status":"placed","complete":false}
2026-08-03 21:48:11 [HTTP]: [RESPONSE] POST /store/order - Status: 200
2026-08-03 21:48:11 [HTTP]: [REQUEST] GET /store/order/9223372016900076000
2026-08-03 21:48:11 [ERROR]: [RESPONSE ERROR] 404 - Not Found
2026-08-03 21:48:12 [HTTP]: [REQUEST] GET /user/nonexistentuser999999
2026-08-03 21:48:15 [HTTP]: [REQUEST] GET /store/order/1
2026-08-03 21:48:15 [ERROR]: [RESPONSE ERROR] 404 - Not Found
2026-08-03 21:48:17 [INFO]: Page loaded successfully
2026-08-03 21:48:17 [INFO]: Logging in as: Admin
2026-08-03 21:48:17 [DEBUG]: Filling text 'Admin' in element: locator('input[name="username"]')
2026-08-03 21:48:17 [DEBUG]: Filling text 'admin123' in element: locator('input[name="password"]')
2026-08-03 21:48:17 [DEBUG]: Clicking element: locator('button[type="submit"]')
2026-08-03 21:48:17 [HTTP]: [RESPONSE] GET /store/order/1 - Status: 200
2026-08-03 21:48:17 [HTTP]: [REQUEST] GET /store/order/999999
2026-08-03 21:48:18 [ERROR]: [RESPONSE ERROR] 404 - Not Found
2026-08-03 21:48:19 [HTTP]: [REQUEST] DELETE /user/testuser_O15fcejL
2026-08-03 21:48:21 [INFO]: Page loaded successfully
2026-08-03 21:48:21 [INFO]: Logging in as: invalid
2026-08-03 21:48:21 [DEBUG]: Filling text 'invalid' in element: locator('input[name="username"]')
2026-08-03 21:48:21 [DEBUG]: Filling text 'invalid' in element: locator('input[name="password"]')
2026-08-03 21:48:21 [DEBUG]: Clicking element: locator('button[type="submit"]')
2026-08-03 21:48:22 [ERROR]: [RESPONSE ERROR] 404 - Not Found
2026-08-03 21:48:22 [INFO]: Page loaded successfully
2026-08-03 21:48:22 [HTTP]: [REQUEST] GET /store/order/999999
2026-08-03 21:48:22 [DEBUG]: Element visibility: true
2026-08-03 21:48:22 [INFO]: Dashboard displayed successfully
2026-08-03 21:48:22 [INFO]: Page loaded successfully
2026-08-03 21:48:22 [DEBUG]: Text content: Dashboard
2026-08-03 21:48:24 [DEBUG]: Element visibility: true
2026-08-03 21:48:24 [DEBUG]: Text content: Invalid credentials
2026-08-03 21:48:24 [INFO]: Error message displayed: Invalid credentials
2026-08-03 21:48:24 [INFO]: Navigating to https://opensource-demo.orangehrmlive.com
2026-08-03 21:48:25 [ERROR]: [RESPONSE ERROR] 404 - Not Found
2026-08-03 21:48:25 [INFO]: Navigating to https://www.saucedemo.com
2026-08-03 21:48:26 [HTTP]: [REQUEST] DELETE /user/testuser_54QezjjA
2026-08-03 21:48:28 [HTTP]: [REQUEST] GET /store/order/999999
2026-08-03 21:48:29 [ERROR]: [RESPONSE ERROR] 404 - Not Found
2026-08-03 21:48:31 [ERROR]: [RESPONSE ERROR] 404 - Not Found
2026-08-03 21:48:32 [INFO]: Page loaded successfully
2026-08-03 21:48:32 [INFO]: Logging in as: standard_user
2026-08-03 21:48:32 [DEBUG]: Filling text 'standard_user' in element: locator('#user-name')
2026-08-03 21:48:32 [DEBUG]: Filling text 'secret_sauce' in element: locator('#password')
2026-08-03 21:48:32 [DEBUG]: Clicking element: locator('#login-button')
2026-08-03 21:48:32 [INFO]: Page loaded successfully
2026-08-03 21:48:32 [DEBUG]: Element visibility: true
2026-08-03 21:48:32 [INFO]: Adding product to cart: Sauce Labs Backpack
2026-08-03 21:48:32 [DEBUG]: Clicking element: locator('#add-to-cart-sauce-labs-backpack')
2026-08-03 21:48:32 [INFO]: Adding product to cart: Sauce Labs Bike Light
2026-08-03 21:48:32 [DEBUG]: Clicking element: locator('#add-to-cart-sauce-labs-bike-light')
2026-08-03 21:48:33 [DEBUG]: Element visibility: true
2026-08-03 21:48:33 [DEBUG]: Text content: 2
2026-08-03 21:48:33 [DEBUG]: Clicking element: locator('.shopping_cart_link')
2026-08-03 21:48:33 [DEBUG]: Element count: 2
2026-08-03 21:48:33 [INFO]: Removing item from cart: Sauce Labs Bike Light
2026-08-03 21:48:33 [DEBUG]: Clicking element: locator('#remove-sauce-labs-bike-light')
2026-08-03 21:48:33 [DEBUG]: Element count: 1
2026-08-03 21:48:33 [DEBUG]: Clicking element: locator('#checkout')
2026-08-03 21:48:33 [HTTP]: [REQUEST] DELETE /user/testuser_mlkSFc4u
2026-08-03 21:48:33 [INFO]: Filling checkout information
2026-08-03 21:48:33 [DEBUG]: Filling text 'John' in element: locator('#first-name')
2026-08-03 21:48:33 [DEBUG]: Filling text 'Doe' in element: locator('#last-name')
2026-08-03 21:48:33 [DEBUG]: Filling text '12345' in element: locator('#postal-code')
2026-08-03 21:48:33 [DEBUG]: Clicking element: locator('#continue')
2026-08-03 21:48:33 [INFO]: Page loaded successfully
2026-08-03 21:48:33 [DEBUG]: Clicking element: locator('#finish')
2026-08-03 21:48:33 [INFO]: Page loaded successfully
2026-08-03 21:48:33 [DEBUG]: Current URL: https://www.saucedemo.com/checkout-complete.html
2026-08-03 21:48:36 [ERROR]: [RESPONSE ERROR] 404 - Not Found
2026-08-03 21:48:36 [INFO]: Page loaded successfully
2026-08-03 21:48:36 [INFO]: Navigating to https://opensource-demo.orangehrmlive.com
2026-08-03 21:48:39 [INFO]: Page loaded successfully
2026-08-03 21:48:39 [INFO]: Logging in as: Admin
2026-08-03 21:48:39 [DEBUG]: Filling text 'Admin' in element: locator('input[name="username"]')
2026-08-03 21:48:39 [DEBUG]: Filling text 'admin123' in element: locator('input[name="password"]')
2026-08-03 21:48:39 [DEBUG]: Clicking element: locator('button[type="submit"]')
2026-08-03 21:48:40 [HTTP]: [REQUEST] GET /products/1
2026-08-03 21:48:40 [HTTP]: [REQUEST] POST /auth/login
2026-08-03 21:48:40 [DEBUG]: [REQUEST BODY] {"username":"emilys","password":"emilyspass"}
2026-08-03 21:48:41 [INFO]: Navigating to https://www.saucedemo.com
2026-08-03 21:48:42 [HTTP]: [RESPONSE] GET /products/1 - Status: 200
2026-08-03 21:48:42 [HTTP]: [REQUEST] GET /products/999999
2026-08-03 21:48:42 [ERROR]: [RESPONSE ERROR] 404 - Not Found
2026-08-03 21:48:42 [HTTP]: [RESPONSE] POST /auth/login - Status: 200
2026-08-03 21:48:42 [HTTP]: [REQUEST] POST /auth/login
2026-08-03 21:48:42 [DEBUG]: [REQUEST BODY] {"username":"invalid_user","password":"wrong_password"}
2026-08-03 21:48:42 [ERROR]: [RESPONSE ERROR] 400 - Bad Request
2026-08-03 21:48:46 [HTTP]: [REQUEST] GET /products/999999
2026-08-03 21:48:47 [HTTP]: [REQUEST] POST /auth/login
2026-08-03 21:48:47 [DEBUG]: [REQUEST BODY] {"username":"invalid_user","password":"wrong_password"}
2026-08-03 21:48:48 [INFO]: Page loaded successfully
2026-08-03 21:48:48 [INFO]: Logging in as: standard_user
2026-08-03 21:48:48 [DEBUG]: Filling text 'standard_user' in element: locator('#user-name')
2026-08-03 21:48:48 [INFO]: Page loaded successfully
2026-08-03 21:48:48 [INFO]: Logging out
2026-08-03 21:48:48 [DEBUG]: Clicking element: locator('.oxd-userdropdown-tab')
2026-08-03 21:48:48 [ERROR]: [RESPONSE ERROR] 404 - Not Found
2026-08-03 21:48:48 [DEBUG]: Filling text 'secret_sauce' in element: locator('#password')
2026-08-03 21:48:48 [DEBUG]: Clicking element: locator('#login-button')
2026-08-03 21:48:48 [DEBUG]: Clicking element: locator('a[href="/web/index.php/auth/logout"]')
2026-08-03 21:48:49 [INFO]: Page loaded successfully
2026-08-03 21:48:49 [INFO]: Adding product to cart: Sauce Labs Backpack
2026-08-03 21:48:49 [DEBUG]: Clicking element: locator('#add-to-cart-sauce-labs-backpack')
2026-08-03 21:48:49 [DEBUG]: Element visibility: true
2026-08-03 21:48:49 [DEBUG]: Text content: 1
2026-08-03 21:48:49 [INFO]: Removing product from cart: Sauce Labs Backpack
2026-08-03 21:48:49 [DEBUG]: Clicking element: locator('#remove-sauce-labs-backpack')
2026-08-03 21:48:49 [ERROR]: [RESPONSE ERROR] 400 - Bad Request
2026-08-03 21:48:49 [DEBUG]: Element visibility: false
2026-08-03 21:48:52 [INFO]: Logout successful - redirected to login page
2026-08-03 21:48:52 [HTTP]: [REQUEST] GET /products/999999
2026-08-03 21:48:53 [HTTP]: [REQUEST] POST /auth/login
2026-08-03 21:48:53 [DEBUG]: [REQUEST BODY] {"username":"invalid_user","password":"wrong_password"}
2026-08-03 21:48:54 [ERROR]: [RESPONSE ERROR] 404 - Not Found
2026-08-03 21:48:54 [HTTP]: [REQUEST] GET /products/search?q=xyznonexistentproduct12345
2026-08-03 21:48:55 [ERROR]: [RESPONSE ERROR] 400 - Bad Request
2026-08-03 21:48:56 [HTTP]: [REQUEST] GET /users/999999
2026-08-03 21:48:56 [HTTP]: [RESPONSE] GET /products/search?q=xyznonexistentproduct12345 - Status: 200
2026-08-03 21:48:56 [HTTP]: [REQUEST] GET /users
2026-08-03 21:48:56 [HTTP]: [RESPONSE] GET /users - Status: 200
2026-08-03 21:48:56 [HTTP]: [REQUEST] GET /users/1
2026-08-03 21:48:57 [HTTP]: [REQUEST] GET /products/search?q=phone
2026-08-03 21:48:57 [HTTP]: [RESPONSE] GET /users/1 - Status: 200
2026-08-03 21:48:57 [HTTP]: [REQUEST] GET /posts
2026-08-03 21:48:57 [HTTP]: [REQUEST] GET /products
2026-08-03 21:48:58 [ERROR]: [RESPONSE ERROR] 404 - Not Found
2026-08-03 21:48:58 [HTTP]: [RESPONSE] GET /posts - Status: 200
2026-08-03 21:48:58 [HTTP]: [REQUEST] GET /posts/1
2026-08-03 21:48:58 [HTTP]: [RESPONSE] GET /posts/1 - Status: 200
2026-08-03 21:48:58 [HTTP]: [RESPONSE] GET /products/search?q=phone - Status: 200
2026-08-03 21:48:58 [HTTP]: [REQUEST] POST /posts
2026-08-03 21:48:58 [DEBUG]: [REQUEST BODY] {"title":"Test Post from Playwright Framework","body":"This is a test post created during API testing","userId":1}
2026-08-03 21:48:59 [HTTP]: [RESPONSE] GET /products - Status: 200
2026-08-03 21:48:59 [HTTP]: [REQUEST] DELETE /posts/1
2026-08-03 21:48:59 [HTTP]: [REQUEST] GET /users
2026-08-03 21:48:59 [HTTP]: [RESPONSE] POST /posts - Status: 201
2026-08-03 21:48:59 [HTTP]: [REQUEST] PUT /posts/1
2026-08-03 21:48:59 [DEBUG]: [REQUEST BODY] {"title":"Updated Post Title","body":"Updated post body content","userId":1}
2026-08-03 21:49:00 [HTTP]: [RESPONSE] PUT /posts/1 - Status: 200
2026-08-03 21:49:00 [HTTP]: [REQUEST] PATCH /posts/1
2026-08-03 21:49:00 [HTTP]: [REQUEST] GET /users/999999
2026-08-03 21:49:00 [DEBUG]: [REQUEST BODY] {"title":"Patched Title Only"}
2026-08-03 21:49:00 [HTTP]: [RESPONSE] PATCH /posts/1 - Status: 200
2026-08-03 21:49:00 [HTTP]: [REQUEST] GET /todos?userId=1
2026-08-03 21:49:00 [HTTP]: [RESPONSE] GET /todos?userId=1 - Status: 200
2026-08-03 21:49:00 [HTTP]: [REQUEST] POST /todos
2026-08-03 21:49:00 [DEBUG]: [REQUEST BODY] {"title":"Test API automation framework","completed":false,"userId":1}
2026-08-03 21:49:00 [HTTP]: [RESPONSE] GET /users - Status: 200
2026-08-03 21:49:00 [HTTP]: [REQUEST] GET /users/1
2026-08-03 21:49:00 [HTTP]: [RESPONSE] POST /todos - Status: 201
2026-08-03 21:49:00 [HTTP]: [REQUEST] GET /albums
2026-08-03 21:49:00 [HTTP]: [RESPONSE] GET /users/1 - Status: 200
2026-08-03 21:49:00 [HTTP]: [RESPONSE] GET /albums - Status: 200
2026-08-03 21:49:00 [HTTP]: [REQUEST] GET /users/1/posts
2026-08-03 21:49:00 [HTTP]: [REQUEST] GET /albums/1
2026-08-03 21:49:00 [HTTP]: [RESPONSE] DELETE /posts/1 - Status: 200
2026-08-03 21:49:00 [HTTP]: [RESPONSE] GET /albums/1 - Status: 200
2026-08-03 21:49:00 [HTTP]: [REQUEST] GET /posts/1/comments
2026-08-03 21:49:00 [HTTP]: [REQUEST] GET /albums/1/photos
2026-08-03 21:49:00 [HTTP]: [RESPONSE] GET /albums/1/photos - Status: 200
2026-08-03 21:49:01 [HTTP]: [REQUEST] POST /pet
2026-08-03 21:49:01 [DEBUG]: [REQUEST BODY] {"name":"Borzoi","photoUrls":["https://example.com/photo1.jpg","https://example.com/photo2.jpg"],"category":{"id":1,"name":"Dogs"},"tags":[{"id":1,"name":"friendly"},{"id":2,"name":"trained"}],"status":"available"}
2026-08-03 21:49:01 [HTTP]: [RESPONSE] GET /users/1/posts - Status: 200
2026-08-03 21:49:01 [HTTP]: [REQUEST] GET /todos
2026-08-03 21:49:01 [HTTP]: [RESPONSE] GET /todos - Status: 200
2026-08-03 21:49:01 [HTTP]: [RESPONSE] GET /posts/1/comments - Status: 200
2026-08-03 21:49:01 [HTTP]: [REQUEST] GET /todos/1
2026-08-03 21:49:01 [HTTP]: [REQUEST] GET /comments
2026-08-03 21:49:01 [HTTP]: [RESPONSE] GET /todos/1 - Status: 200
2026-08-03 21:49:01 [HTTP]: [RESPONSE] GET /comments - Status: 200
2026-08-03 21:49:01 [HTTP]: [REQUEST] GET /comments/1
2026-08-03 21:49:01 [HTTP]: [RESPONSE] GET /comments/1 - Status: 200
2026-08-03 21:49:01 [HTTP]: [REQUEST] GET /comments?postId=2
2026-08-03 21:49:01 [HTTP]: [REQUEST] GET /pet/999999999
2026-08-03 21:49:02 [ERROR]: [RESPONSE ERROR] 404 - Not Found
2026-08-03 21:49:02 [HTTP]: [RESPONSE] GET /comments?postId=2 - Status: 200
2026-08-03 21:49:02 [HTTP]: [REQUEST] POST /user
2026-08-03 21:49:02 [DEBUG]: [REQUEST BODY] {"username":"testuser_zeWMAV2l","firstName":"Justen","lastName":"Okuneva","email":"Deron.Hermann@yahoo.com","password":"ynHNeJE25VDuyWk","phone":"1-861-485-8815 x391","userStatus":1}
2026-08-03 21:49:03 [HTTP]: [RESPONSE] POST /pet - Status: 200
2026-08-03 21:49:03 [HTTP]: [REQUEST] GET /pet/9223372036854776000
2026-08-03 21:49:03 [HTTP]: [REQUEST] GET /users/999999
2026-08-03 21:49:04 [ERROR]: [RESPONSE ERROR] 404 - Not Found
2026-08-03 21:49:04 [ERROR]: [RESPONSE ERROR] 404 - Not Found
2026-08-03 21:49:05 [HTTP]: [RESPONSE] POST /user - Status: 200
2026-08-03 21:49:05 [HTTP]: [REQUEST] GET /user/testuser_zeWMAV2l
2026-08-03 21:49:05 [HTTP]: [RESPONSE] GET /user/testuser_zeWMAV2l - Status: 200
2026-08-03 21:49:05 [HTTP]: [REQUEST] GET /user/login?username=testuser_zeWMAV2l&password=password123
2026-08-03 21:49:05 [ERROR]: [RESPONSE ERROR] 404 - Not Found
2026-08-03 21:49:05 [HTTP]: [RESPONSE] GET /user/login?username=testuser_zeWMAV2l&password=password123 - Status: 200
2026-08-03 21:49:05 [HTTP]: [REQUEST] GET /user/logout
2026-08-03 21:49:06 [HTTP]: [RESPONSE] GET /user/logout - Status: 200
2026-08-03 21:49:06 [HTTP]: [REQUEST] PUT /user/testuser_zeWMAV2l
2026-08-03 21:49:06 [DEBUG]: [REQUEST BODY] {"username":"testuser_zeWMAV2l","firstName":"Updated","lastName":"Name","email":"Kaya0@yahoo.com","password":"newpassword123","phone":"1-245-838-0302 x7617","userStatus":1}
2026-08-03 21:49:06 [HTTP]: [RESPONSE] PUT /user/testuser_zeWMAV2l - Status: 200
2026-08-03 21:49:07 [HTTP]: [REQUEST] GET /pet/1
2026-08-03 21:49:07 [HTTP]: [REQUEST] GET /pet/999999999
2026-08-03 21:49:08 [INFO]: Navigating to https://opensource-demo.orangehrmlive.com
2026-08-03 21:49:08 [HTTP]: [REQUEST] POST /user/createWithArray
2026-08-03 21:49:08 [DEBUG]: [REQUEST BODY] [{"username":"user1_chiGa6","firstName":"Quincy","lastName":"Leffler","email":"Christop.Walker11@yahoo.com","password":"auA7vIxjB1zZ6gT"},{"username":"user2_jmXIRl","firstName":"Tod","lastName":"Franey","email":"Earlene_Schneider@gmail.com","password":"cftlEOOOydyKrXB"}]
2026-08-03 21:49:09 [HTTP]: [RESPONSE] GET /pet/1 - Status: 200
2026-08-03 21:49:09 [HTTP]: [REQUEST] GET /pet/findByStatus?status=available
2026-08-03 21:49:10 [ERROR]: [RESPONSE ERROR] 404 - Not Found
2026-08-03 21:49:11 [HTTP]: [RESPONSE] GET /pet/findByStatus?status=available - Status: 200
2026-08-03 21:49:11 [HTTP]: [REQUEST] GET /pet/findByStatus?status=pending
2026-08-03 21:49:11 [HTTP]: [RESPONSE] GET /pet/findByStatus?status=pending - Status: 200
2026-08-03 21:49:11 [HTTP]: [REQUEST] GET /pet/findByStatus?status=sold
2026-08-03 21:49:11 [HTTP]: [RESPONSE] GET /pet/findByStatus?status=sold - Status: 200
2026-08-03 21:49:11 [HTTP]: [RESPONSE] POST /user/createWithArray - Status: 200
2026-08-03 21:49:11 [HTTP]: [REQUEST] GET /user/nonexistentuser999999
2026-08-03 21:49:11 [HTTP]: [REQUEST] GET /pet/1
2026-08-03 21:49:12 [ERROR]: [RESPONSE ERROR] 404 - Not Found
2026-08-03 21:49:12 [HTTP]: [RESPONSE] GET /pet/1 - Status: 200
2026-08-03 21:49:12 [HTTP]: [REQUEST] PUT /pet
2026-08-03 21:49:12 [DEBUG]: [REQUEST BODY] {"id":1,"category":{"id":1,"name":"cat"},"name":"Updated Updated dog","photoUrls":[],"tags":[],"status":"sold"}
2026-08-03 21:49:12 [HTTP]: [RESPONSE] PUT /pet - Status: 200
2026-08-03 21:49:13 [HTTP]: [REQUEST] GET /pet/999999999
2026-08-03 21:49:13 [INFO]: Navigating to https://opensource-demo.orangehrmlive.com
2026-08-03 21:49:15 [HTTP]: [REQUEST] GET /user/nonexistentuser999999
2026-08-03 21:49:16 [ERROR]: [RESPONSE ERROR] 404 - Not Found
2026-08-03 21:49:17 [ERROR]: [RESPONSE ERROR] 404 - Not Found
2026-08-03 21:49:20 [HTTP]: [REQUEST] GET /store/inventory
2026-08-03 21:49:21 [HTTP]: [REQUEST] GET /user/nonexistentuser999999
2026-08-03 21:49:22 [INFO]: Page loaded successfully
2026-08-03 21:49:22 [INFO]: Logging in as: Admin
2026-08-03 21:49:22 [DEBUG]: Filling text 'Admin' in element: locator('input[name="username"]')
2026-08-03 21:49:22 [DEBUG]: Filling text 'admin123' in element: locator('input[name="password"]')
2026-08-03 21:49:22 [DEBUG]: Clicking element: locator('button[type="submit"]')
2026-08-03 21:49:22 [HTTP]: [RESPONSE] GET /store/inventory - Status: 200
2026-08-03 21:49:23 [HTTP]: [REQUEST] POST /store/order
2026-08-03 21:49:23 [DEBUG]: [REQUEST BODY] {"petId":1,"quantity":1,"shipDate":"2026-08-03T16:19:23.030Z","status":"placed","complete":false}
2026-08-03 21:49:23 [HTTP]: [RESPONSE] POST /store/order - Status: 200
2026-08-03 21:49:23 [HTTP]: [REQUEST] GET /store/order/9223372016900076000
2026-08-03 21:49:23 [ERROR]: [RESPONSE ERROR] 404 - Not Found
2026-08-03 21:49:24 [ERROR]: [RESPONSE ERROR] 404 - Not Found
2026-08-03 21:49:25 [INFO]: Page loaded successfully
2026-08-03 21:49:25 [INFO]: Logging in as: invalid
2026-08-03 21:49:25 [DEBUG]: Filling text 'invalid' in element: locator('input[name="username"]')
2026-08-03 21:49:26 [DEBUG]: Filling text 'invalid' in element: locator('input[name="password"]')
2026-08-03 21:49:26 [DEBUG]: Clicking element: locator('button[type="submit"]')
2026-08-03 21:49:26 [INFO]: Page loaded successfully
2026-08-03 21:49:27 [HTTP]: [REQUEST] GET /store/order/1
2026-08-03 21:49:27 [INFO]: Page loaded successfully
2026-08-03 21:49:28 [DEBUG]: Element visibility: true
2026-08-03 21:49:28 [DEBUG]: Text content: Invalid credentials
2026-08-03 21:49:28 [HTTP]: [REQUEST] DELETE /user/testuser_SNMCp8yw
2026-08-03 21:49:28 [INFO]: Error message displayed: Invalid credentials
2026-08-03 21:49:28 [DEBUG]: Element visibility: true
2026-08-03 21:49:28 [INFO]: Dashboard displayed successfully
2026-08-03 21:49:28 [DEBUG]: Text content: Dashboard
2026-08-03 21:49:30 [HTTP]: [RESPONSE] GET /store/order/1 - Status: 200
2026-08-03 21:49:30 [HTTP]: [REQUEST] GET /store/order/999999
2026-08-03 21:49:30 [INFO]: Navigating to https://opensource-demo.orangehrmlive.com
2026-08-03 21:49:30 [INFO]: Navigating to https://www.saucedemo.com
2026-08-03 21:49:30 [ERROR]: [RESPONSE ERROR] 404 - Not Found
2026-08-03 21:49:30 [ERROR]: [RESPONSE ERROR] 404 - Not Found
2026-08-03 21:49:33 [HTTP]: [REQUEST] GET /store/order/999999
2026-08-03 21:49:33 [HTTP]: [REQUEST] DELETE /user/testuser_2SNlnc1N
2026-08-03 21:49:35 [ERROR]: [RESPONSE ERROR] 404 - Not Found
2026-08-03 21:49:36 [ERROR]: [RESPONSE ERROR] 404 - Not Found
2026-08-03 21:49:36 [INFO]: Page loaded successfully
2026-08-03 21:49:36 [INFO]: Navigating to https://opensource-demo.orangehrmlive.com
2026-08-03 21:49:38 [INFO]: Page loaded successfully
2026-08-03 21:49:38 [INFO]: Logging in as: Admin
2026-08-03 21:49:38 [DEBUG]: Filling text 'Admin' in element: locator('input[name="username"]')
2026-08-03 21:49:38 [DEBUG]: Filling text 'admin123' in element: locator('input[name="password"]')
2026-08-03 21:49:38 [DEBUG]: Clicking element: locator('button[type="submit"]')
2026-08-03 21:49:39 [INFO]: Page loaded successfully
2026-08-03 21:49:39 [INFO]: Logging out
2026-08-03 21:49:39 [DEBUG]: Clicking element: locator('.oxd-userdropdown-tab')
2026-08-03 21:49:39 [HTTP]: [REQUEST] GET /store/order/999999
2026-08-03 21:49:39 [HTTP]: [REQUEST] DELETE /user/testuser_SYTK1Tg0
2026-08-03 21:49:41 [ERROR]: [RESPONSE ERROR] 404 - Not Found
2026-08-03 21:49:42 [ERROR]: [RESPONSE ERROR] 404 - Not Found
2026-08-03 21:49:42 [DEBUG]: Clicking element: locator('a[href="/web/index.php/auth/logout"]')
2026-08-03 21:49:43 [INFO]: Page loaded successfully
2026-08-03 21:49:43 [INFO]: Logging in as: standard_user
2026-08-03 21:49:43 [DEBUG]: Filling text 'standard_user' in element: locator('#user-name')
2026-08-03 21:49:43 [DEBUG]: Filling text 'secret_sauce' in element: locator('#password')
2026-08-03 21:49:44 [DEBUG]: Clicking element: locator('#login-button')
2026-08-03 21:49:44 [INFO]: Page loaded successfully
2026-08-03 21:49:45 [DEBUG]: Element visibility: true
2026-08-03 21:49:45 [INFO]: Adding product to cart: Sauce Labs Backpack
2026-08-03 21:49:45 [DEBUG]: Clicking element: locator('#add-to-cart-sauce-labs-backpack')
2026-08-03 21:49:45 [INFO]: Adding product to cart: Sauce Labs Bike Light
2026-08-03 21:49:45 [DEBUG]: Clicking element: locator('#add-to-cart-sauce-labs-bike-light')
2026-08-03 21:49:45 [HTTP]: [REQUEST] POST /auth/login
2026-08-03 21:49:45 [DEBUG]: [REQUEST BODY] {"username":"emilys","password":"emilyspass"}
2026-08-03 21:49:46 [DEBUG]: Element visibility: true
2026-08-03 21:49:46 [INFO]: Logout successful - redirected to login page
2026-08-03 21:49:46 [DEBUG]: Text content: 2
2026-08-03 21:49:46 [DEBUG]: Clicking element: locator('.shopping_cart_link')
2026-08-03 21:49:47 [INFO]: Navigating to https://www.saucedemo.com
2026-08-03 21:49:47 [DEBUG]: Element count: 2
2026-08-03 21:49:47 [INFO]: Removing item from cart: Sauce Labs Bike Light
2026-08-03 21:49:47 [DEBUG]: Clicking element: locator('#remove-sauce-labs-bike-light')
2026-08-03 21:49:47 [HTTP]: [RESPONSE] POST /auth/login - Status: 200
2026-08-03 21:49:47 [HTTP]: [REQUEST] POST /auth/login
2026-08-03 21:49:47 [DEBUG]: [REQUEST BODY] {"username":"invalid_user","password":"wrong_password"}
2026-08-03 21:49:47 [DEBUG]: Element count: 1
2026-08-03 21:49:47 [DEBUG]: Clicking element: locator('#checkout')
2026-08-03 21:49:47 [ERROR]: [RESPONSE ERROR] 400 - Bad Request
2026-08-03 21:49:48 [INFO]: Filling checkout information
2026-08-03 21:49:48 [DEBUG]: Filling text 'John' in element: locator('#first-name')
2026-08-03 21:49:48 [DEBUG]: Filling text 'Doe' in element: locator('#last-name')
2026-08-03 21:49:48 [DEBUG]: Filling text '12345' in element: locator('#postal-code')
2026-08-03 21:49:48 [DEBUG]: Clicking element: locator('#continue')
2026-08-03 21:49:49 [INFO]: Page loaded successfully
2026-08-03 21:49:49 [DEBUG]: Clicking element: locator('#finish')
2026-08-03 21:49:50 [INFO]: Page loaded successfully
2026-08-03 21:49:50 [DEBUG]: Current URL: https://www.saucedemo.com/checkout-complete.html
2026-08-03 21:49:51 [HTTP]: [REQUEST] POST /auth/login
2026-08-03 21:49:51 [DEBUG]: [REQUEST BODY] {"username":"invalid_user","password":"wrong_password"}
2026-08-03 21:49:51 [HTTP]: [REQUEST] GET /products/1
2026-08-03 21:49:52 [HTTP]: [REQUEST] GET /products/search?q=xyznonexistentproduct12345
2026-08-03 21:49:52 [HTTP]: [RESPONSE] GET /products/1 - Status: 200
2026-08-03 21:49:52 [HTTP]: [REQUEST] GET /products/999999
2026-08-03 21:49:53 [ERROR]: [RESPONSE ERROR] 400 - Bad Request
2026-08-03 21:49:53 [ERROR]: [RESPONSE ERROR] 404 - Not Found
2026-08-03 21:49:54 [HTTP]: [REQUEST] POST /auth/login
2026-08-03 21:49:54 [DEBUG]: [REQUEST BODY] {"username":"invalid_user","password":"wrong_password"}
2026-08-03 21:49:54 [HTTP]: [RESPONSE] GET /products/search?q=xyznonexistentproduct12345 - Status: 200
2026-08-03 21:49:54 [HTTP]: [REQUEST] GET /users
2026-08-03 21:49:54 [HTTP]: [RESPONSE] GET /users - Status: 200
2026-08-03 21:49:54 [HTTP]: [REQUEST] GET /users/1
2026-08-03 21:49:54 [HTTP]: [REQUEST] GET /products/999999
2026-08-03 21:49:55 [HTTP]: [RESPONSE] GET /users/1 - Status: 200
2026-08-03 21:49:55 [HTTP]: [REQUEST] GET /users/999999
2026-08-03 21:49:55 [ERROR]: [RESPONSE ERROR] 404 - Not Found
2026-08-03 21:49:56 [ERROR]: [RESPONSE ERROR] 400 - Bad Request
2026-08-03 21:49:56 [ERROR]: [RESPONSE ERROR] 404 - Not Found
2026-08-03 21:49:57 [HTTP]: [REQUEST] GET /users/999999
2026-08-03 21:49:58 [HTTP]: [REQUEST] GET /products
2026-08-03 21:49:58 [HTTP]: [REQUEST] GET /products/999999
2026-08-03 21:49:59 [ERROR]: [RESPONSE ERROR] 404 - Not Found
2026-08-03 21:50:00 [HTTP]: [RESPONSE] GET /products - Status: 200
2026-08-03 21:50:00 [INFO]: Page loaded successfully
2026-08-03 21:50:00 [INFO]: Logging in as: standard_user
2026-08-03 21:50:00 [DEBUG]: Filling text 'standard_user' in element: locator('#user-name')
2026-08-03 21:50:00 [HTTP]: [REQUEST] GET /posts
2026-08-03 21:50:00 [DEBUG]: Filling text 'secret_sauce' in element: locator('#password')
2026-08-03 21:50:00 [HTTP]: [REQUEST] GET /users/999999
2026-08-03 21:50:01 [ERROR]: [RESPONSE ERROR] 404 - Not Found
2026-08-03 21:50:01 [DEBUG]: Clicking element: locator('#login-button')
2026-08-03 21:50:01 [INFO]: Page loaded successfully
2026-08-03 21:50:01 [INFO]: Adding product to cart: Sauce Labs Backpack
2026-08-03 21:50:01 [DEBUG]: Clicking element: locator('#add-to-cart-sauce-labs-backpack')
2026-08-03 21:50:01 [DEBUG]: Element visibility: true
2026-08-03 21:50:01 [DEBUG]: Text content: 1
2026-08-03 21:50:02 [INFO]: Removing product from cart: Sauce Labs Backpack
2026-08-03 21:50:02 [DEBUG]: Clicking element: locator('#remove-sauce-labs-backpack')
2026-08-03 21:50:02 [DEBUG]: Element visibility: false
2026-08-03 21:50:02 [HTTP]: [RESPONSE] GET /posts - Status: 200
2026-08-03 21:50:02 [HTTP]: [REQUEST] GET /posts/1
2026-08-03 21:50:02 [HTTP]: [RESPONSE] GET /posts/1 - Status: 200
2026-08-03 21:50:02 [HTTP]: [REQUEST] POST /posts
2026-08-03 21:50:02 [DEBUG]: [REQUEST BODY] {"title":"Test Post from Playwright Framework","body":"This is a test post created during API testing","userId":1}
2026-08-03 21:50:03 [ERROR]: [RESPONSE ERROR] 404 - Not Found
2026-08-03 21:50:03 [HTTP]: [RESPONSE] POST /posts - Status: 201
2026-08-03 21:50:03 [HTTP]: [REQUEST] PUT /posts/1
2026-08-03 21:50:03 [DEBUG]: [REQUEST BODY] {"title":"Updated Post Title","body":"Updated post body content","userId":1}
2026-08-03 21:50:03 [HTTP]: [REQUEST] GET /products/search?q=phone
2026-08-03 21:50:04 [HTTP]: [RESPONSE] PUT /posts/1 - Status: 200
2026-08-03 21:50:04 [HTTP]: [REQUEST] PATCH /posts/1
2026-08-03 21:50:04 [DEBUG]: [REQUEST BODY] {"title":"Patched Title Only"}
2026-08-03 21:50:04 [HTTP]: [RESPONSE] PATCH /posts/1 - Status: 200
2026-08-03 21:50:04 [HTTP]: [REQUEST] GET /todos?userId=1
2026-08-03 21:50:04 [HTTP]: [REQUEST] DELETE /posts/1
2026-08-03 21:50:05 [HTTP]: [RESPONSE] GET /todos?userId=1 - Status: 200
2026-08-03 21:50:05 [HTTP]: [REQUEST] POST /todos
2026-08-03 21:50:05 [DEBUG]: [REQUEST BODY] {"title":"Test API automation framework","completed":false,"userId":1}
2026-08-03 21:50:05 [HTTP]: [REQUEST] GET /users
2026-08-03 21:50:05 [HTTP]: [RESPONSE] POST /todos - Status: 201
2026-08-03 21:50:05 [HTTP]: [REQUEST] GET /albums
2026-08-03 21:50:05 [HTTP]: [RESPONSE] GET /albums - Status: 200
2026-08-03 21:50:05 [HTTP]: [REQUEST] GET /albums/1
2026-08-03 21:50:05 [HTTP]: [RESPONSE] GET /albums/1 - Status: 200
2026-08-03 21:50:05 [HTTP]: [REQUEST] GET /albums/1/photos
2026-08-03 21:50:05 [HTTP]: [RESPONSE] GET /products/search?q=phone - Status: 200
2026-08-03 21:50:05 [HTTP]: [REQUEST] POST /pet
2026-08-03 21:50:05 [DEBUG]: [REQUEST BODY] {"name":"Patagonian Sheepdog","photoUrls":["https://example.com/photo1.jpg","https://example.com/photo2.jpg"],"category":{"id":1,"name":"Dogs"},"tags":[{"id":1,"name":"friendly"},{"id":2,"name":"trained"}],"status":"available"}
2026-08-03 21:50:06 [HTTP]: [RESPONSE] GET /albums/1/photos - Status: 200
2026-08-03 21:50:06 [HTTP]: [REQUEST] GET /pet/999999999
2026-08-03 21:50:07 [HTTP]: [RESPONSE] GET /users - Status: 200
2026-08-03 21:50:07 [HTTP]: [REQUEST] GET /users/1
2026-08-03 21:50:07 [HTTP]: [RESPONSE] GET /users/1 - Status: 200
2026-08-03 21:50:07 [HTTP]: [REQUEST] GET /users/1/posts
2026-08-03 21:50:07 [HTTP]: [RESPONSE] DELETE /posts/1 - Status: 200
2026-08-03 21:50:07 [HTTP]: [REQUEST] GET /posts/1/comments
2026-08-03 21:50:08 [HTTP]: [RESPONSE] GET /users/1/posts - Status: 200
2026-08-03 21:50:08 [HTTP]: [REQUEST] GET /todos
2026-08-03 21:50:08 [HTTP]: [RESPONSE] GET /todos - Status: 200
2026-08-03 21:50:08 [HTTP]: [RESPONSE] GET /posts/1/comments - Status: 200
2026-08-03 21:50:08 [HTTP]: [REQUEST] GET /todos/1
2026-08-03 21:50:08 [HTTP]: [REQUEST] GET /comments
2026-08-03 21:50:08 [HTTP]: [RESPONSE] GET /todos/1 - Status: 200
2026-08-03 21:50:08 [HTTP]: [RESPONSE] GET /comments - Status: 200
2026-08-03 21:50:08 [HTTP]: [REQUEST] GET /comments/1
2026-08-03 21:50:08 [HTTP]: [RESPONSE] GET /comments/1 - Status: 200
2026-08-03 21:50:08 [HTTP]: [REQUEST] GET /comments?postId=2
2026-08-03 21:50:08 [HTTP]: [REQUEST] POST /user
2026-08-03 21:50:08 [DEBUG]: [REQUEST BODY] {"username":"testuser_JybUv1Lo","firstName":"Terry","lastName":"Predovic","email":"Kraig.Rohan@hotmail.com","password":"w6tJ6td2WgNsPKk","phone":"(738) 477-0193 x303","userStatus":1}
2026-08-03 21:50:08 [HTTP]: [RESPONSE] POST /pet - Status: 200
2026-08-03 21:50:08 [HTTP]: [REQUEST] GET /pet/9223372036854776000
2026-08-03 21:50:08 [HTTP]: [RESPONSE] GET /comments?postId=2 - Status: 200
2026-08-03 21:50:08 [ERROR]: [RESPONSE ERROR] 404 - Not Found
2026-08-03 21:50:08 [ERROR]: [RESPONSE ERROR] 404 - Not Found
2026-08-03 21:50:09 [HTTP]: [REQUEST] POST /user/createWithArray
2026-08-03 21:50:09 [DEBUG]: [REQUEST BODY] [{"username":"user1_9Zfi00","firstName":"Dorris","lastName":"McDermott","email":"Violet.Nicolas@hotmail.com","password":"0fCji4TCz98amK8"},{"username":"user2_VkRo9m","firstName":"Katrine","lastName":"Harris","email":"Susie.Lubowitz95@gmail.com","password":"Cf13KEEJnoNpnfp"}]
2026-08-03 21:50:11 [HTTP]: [RESPONSE] POST /user - Status: 200
2026-08-03 21:50:11 [HTTP]: [REQUEST] GET /user/testuser_JybUv1Lo
2026-08-03 21:50:11 [HTTP]: [REQUEST] GET /pet/999999999
2026-08-03 21:50:11 [HTTP]: [REQUEST] GET /pet/1
2026-08-03 21:50:11 [HTTP]: [RESPONSE] GET /user/testuser_JybUv1Lo - Status: 200
2026-08-03 21:50:11 [HTTP]: [REQUEST] GET /user/login?username=testuser_JybUv1Lo&password=password123
2026-08-03 21:50:11 [HTTP]: [RESPONSE] GET /user/login?username=testuser_JybUv1Lo&password=password123 - Status: 200
2026-08-03 21:50:11 [HTTP]: [REQUEST] GET /user/logout
2026-08-03 21:50:11 [HTTP]: [RESPONSE] GET /user/logout - Status: 200
2026-08-03 21:50:11 [HTTP]: [REQUEST] PUT /user/testuser_JybUv1Lo
2026-08-03 21:50:11 [DEBUG]: [REQUEST BODY] {"username":"testuser_JybUv1Lo","firstName":"Updated","lastName":"Name","email":"Emily90@yahoo.com","password":"newpassword123","phone":"724.669.1240 x08363","userStatus":1}
2026-08-03 21:50:11 [HTTP]: [RESPONSE] PUT /user/testuser_JybUv1Lo - Status: 200
2026-08-03 21:50:12 [HTTP]: [RESPONSE] POST /user/createWithArray - Status: 200
2026-08-03 21:50:12 [HTTP]: [REQUEST] GET /user/nonexistentuser999999
2026-08-03 21:50:12 [ERROR]: [RESPONSE ERROR] 404 - Not Found
2026-08-03 21:50:13 [ERROR]: [RESPONSE ERROR] 404 - Not Found
2026-08-03 21:50:13 [HTTP]: [RESPONSE] GET /pet/1 - Status: 200
2026-08-03 21:50:13 [INFO]: Navigating to https://opensource-demo.orangehrmlive.com
2026-08-03 21:50:13 [HTTP]: [REQUEST] GET /pet/findByStatus?status=available
2026-08-03 21:50:14 [HTTP]: [RESPONSE] GET /pet/findByStatus?status=available - Status: 200
2026-08-03 21:50:14 [HTTP]: [REQUEST] GET /pet/findByStatus?status=pending
2026-08-03 21:50:14 [HTTP]: [RESPONSE] GET /pet/findByStatus?status=pending - Status: 200
2026-08-03 21:50:14 [HTTP]: [REQUEST] GET /pet/findByStatus?status=sold
2026-08-03 21:50:15 [HTTP]: [REQUEST] GET /user/nonexistentuser999999
2026-08-03 21:50:15 [HTTP]: [RESPONSE] GET /pet/findByStatus?status=sold - Status: 200
2026-08-03 21:50:15 [HTTP]: [REQUEST] GET /pet/1
2026-08-03 21:50:15 [HTTP]: [RESPONSE] GET /pet/1 - Status: 200
2026-08-03 21:50:15 [HTTP]: [REQUEST] PUT /pet
2026-08-03 21:50:15 [DEBUG]: [REQUEST BODY] {"id":1,"category":{"id":1,"name":"cat"},"name":"Updated Updated Updated dog","photoUrls":[],"tags":[],"status":"sold"}
2026-08-03 21:50:15 [HTTP]: [RESPONSE] PUT /pet - Status: 200
2026-08-03 21:50:16 [HTTP]: [REQUEST] GET /pet/999999999
2026-08-03 21:50:16 [INFO]: Navigating to https://opensource-demo.orangehrmlive.com
2026-08-03 21:50:17 [ERROR]: [RESPONSE ERROR] 404 - Not Found
2026-08-03 21:50:19 [HTTP]: [REQUEST] GET /user/nonexistentuser999999
2026-08-03 21:50:19 [ERROR]: [RESPONSE ERROR] 404 - Not Found
2026-08-03 21:50:21 [HTTP]: [REQUEST] GET /store/inventory
2026-08-03 21:50:22 [ERROR]: [RESPONSE ERROR] 404 - Not Found
2026-08-03 21:50:24 [HTTP]: [RESPONSE] GET /store/inventory - Status: 200
2026-08-03 21:50:24 [HTTP]: [REQUEST] POST /store/order
2026-08-03 21:50:24 [DEBUG]: [REQUEST BODY] {"petId":1,"quantity":1,"shipDate":"2026-08-03T16:20:24.231Z","status":"placed","complete":false}
2026-08-03 21:50:24 [HTTP]: [RESPONSE] POST /store/order - Status: 200
2026-08-03 21:50:24 [HTTP]: [REQUEST] GET /store/order/9223372016900076000
2026-08-03 21:50:24 [ERROR]: [RESPONSE ERROR] 404 - Not Found
2026-08-03 21:50:26 [HTTP]: [REQUEST] DELETE /user/testuser_hR2eZNwh
2026-08-03 21:50:27 [INFO]: Page loaded successfully
2026-08-03 21:50:27 [INFO]: Logging in as: invalid
2026-08-03 21:50:27 [DEBUG]: Filling text 'invalid' in element: locator('input[name="username"]')
2026-08-03 21:50:27 [INFO]: Page loaded successfully
2026-08-03 21:50:27 [INFO]: Logging in as: Admin
2026-08-03 21:50:27 [DEBUG]: Filling text 'Admin' in element: locator('input[name="username"]')
2026-08-03 21:50:27 [DEBUG]: Filling text 'invalid' in element: locator('input[name="password"]')
2026-08-03 21:50:27 [DEBUG]: Filling text 'admin123' in element: locator('input[name="password"]')
2026-08-03 21:50:27 [DEBUG]: Clicking element: locator('button[type="submit"]')
2026-08-03 21:50:27 [DEBUG]: Clicking element: locator('button[type="submit"]')
2026-08-03 21:50:27 [HTTP]: [REQUEST] GET /store/order/1
2026-08-03 21:50:29 [ERROR]: [RESPONSE ERROR] 404 - Not Found
2026-08-03 21:50:29 [INFO]: Page loaded successfully
2026-08-03 21:50:30 [DEBUG]: Element visibility: true
2026-08-03 21:50:30 [DEBUG]: Text content: Invalid credentials
2026-08-03 21:50:30 [INFO]: Error message displayed: Invalid credentials
2026-08-03 21:50:30 [HTTP]: [RESPONSE] GET /store/order/1 - Status: 200
2026-08-03 21:50:30 [HTTP]: [REQUEST] GET /store/order/999999
2026-08-03 21:50:31 [ERROR]: [RESPONSE ERROR] 404 - Not Found
2026-08-03 21:50:31 [INFO]: Navigating to https://opensource-demo.orangehrmlive.com
2026-08-03 21:50:32 [HTTP]: [REQUEST] DELETE /user/testuser_3QTqg0Ic
2026-08-03 21:50:33 [INFO]: Page loaded successfully
2026-08-03 21:50:33 [DEBUG]: Element visibility: true
2026-08-03 21:50:33 [INFO]: Dashboard displayed successfully
2026-08-03 21:50:33 [DEBUG]: Text content: Dashboard
2026-08-03 21:50:33 [HTTP]: [REQUEST] GET /store/order/999999
2026-08-03 21:50:34 [INFO]: Navigating to https://www.saucedemo.com
2026-08-03 21:50:34 [ERROR]: [RESPONSE ERROR] 404 - Not Found
2026-08-03 21:50:36 [ERROR]: [RESPONSE ERROR] 404 - Not Found
2026-08-03 21:50:36 [HTTP]: [REQUEST] DELETE /user/testuser_pbB1Lr4R
2026-08-03 21:50:38 [HTTP]: [REQUEST] GET /store/order/999999
2026-08-03 21:50:39 [INFO]: Page loaded successfully
2026-08-03 21:50:39 [INFO]: Navigating to https://opensource-demo.orangehrmlive.com
2026-08-03 21:50:39 [ERROR]: [RESPONSE ERROR] 404 - Not Found
2026-08-03 21:50:40 [INFO]: Page loaded successfully
2026-08-03 21:50:40 [INFO]: Logging in as: Admin
2026-08-03 21:50:40 [DEBUG]: Filling text 'Admin' in element: locator('input[name="username"]')
2026-08-03 21:50:40 [DEBUG]: Filling text 'admin123' in element: locator('input[name="password"]')
2026-08-03 21:50:40 [DEBUG]: Clicking element: locator('button[type="submit"]')
2026-08-03 21:50:40 [ERROR]: [RESPONSE ERROR] 404 - Not Found
2026-08-03 21:50:40 [INFO]: Page loaded successfully
2026-08-03 21:50:40 [INFO]: Logging out
2026-08-03 21:50:40 [DEBUG]: Clicking element: locator('.oxd-userdropdown-tab')
2026-08-03 21:50:42 [DEBUG]: Clicking element: locator('a[href="/web/index.php/auth/logout"]')
2026-08-03 21:50:42 [INFO]: Navigating to https://www.saucedemo.com
2026-08-03 21:50:43 [HTTP]: [REQUEST] POST /auth/login
2026-08-03 21:50:43 [DEBUG]: [REQUEST BODY] {"username":"emilys","password":"emilyspass"}
2026-08-03 21:50:43 [INFO]: Page loaded successfully
2026-08-03 21:50:43 [INFO]: Logging in as: standard_user
2026-08-03 21:50:43 [DEBUG]: Filling text 'standard_user' in element: locator('#user-name')
2026-08-03 21:50:43 [DEBUG]: Filling text 'secret_sauce' in element: locator('#password')
2026-08-03 21:50:43 [DEBUG]: Clicking element: locator('#login-button')
2026-08-03 21:50:43 [INFO]: Page loaded successfully
2026-08-03 21:50:43 [DEBUG]: Element visibility: true
2026-08-03 21:50:43 [INFO]: Adding product to cart: Sauce Labs Backpack
2026-08-03 21:50:43 [DEBUG]: Clicking element: locator('#add-to-cart-sauce-labs-backpack')
2026-08-03 21:50:43 [INFO]: Adding product to cart: Sauce Labs Bike Light
2026-08-03 21:50:43 [DEBUG]: Clicking element: locator('#add-to-cart-sauce-labs-bike-light')
2026-08-03 21:50:43 [DEBUG]: Element visibility: true
2026-08-03 21:50:43 [DEBUG]: Text content: 2
2026-08-03 21:50:43 [DEBUG]: Clicking element: locator('.shopping_cart_link')
2026-08-03 21:50:43 [DEBUG]: Element count: 2
2026-08-03 21:50:43 [INFO]: Removing item from cart: Sauce Labs Bike Light
2026-08-03 21:50:43 [DEBUG]: Clicking element: locator('#remove-sauce-labs-bike-light')
2026-08-03 21:50:44 [DEBUG]: Element count: 1
2026-08-03 21:50:44 [DEBUG]: Clicking element: locator('#checkout')
2026-08-03 21:50:44 [INFO]: Filling checkout information
2026-08-03 21:50:44 [DEBUG]: Filling text 'John' in element: locator('#first-name')
2026-08-03 21:50:44 [DEBUG]: Filling text 'Doe' in element: locator('#last-name')
2026-08-03 21:50:44 [DEBUG]: Filling text '12345' in element: locator('#postal-code')
2026-08-03 21:50:44 [DEBUG]: Clicking element: locator('#continue')
2026-08-03 21:50:44 [INFO]: Page loaded successfully
2026-08-03 21:50:44 [DEBUG]: Clicking element: locator('#finish')
2026-08-03 21:50:44 [INFO]: Page loaded successfully
2026-08-03 21:50:44 [DEBUG]: Current URL: https://www.saucedemo.com/checkout-complete.html
2026-08-03 21:50:45 [HTTP]: [RESPONSE] POST /auth/login - Status: 200
2026-08-03 21:50:45 [HTTP]: [REQUEST] POST /auth/login
2026-08-03 21:50:45 [DEBUG]: [REQUEST BODY] {"username":"invalid_user","password":"wrong_password"}
2026-08-03 21:50:45 [INFO]: Logout successful - redirected to login page
2026-08-03 21:50:45 [ERROR]: [RESPONSE ERROR] 400 - Bad Request
2026-08-03 21:50:47 [HTTP]: [REQUEST] GET /products/1
2026-08-03 21:50:47 [HTTP]: [REQUEST] POST /auth/login
2026-08-03 21:50:47 [DEBUG]: [REQUEST BODY] {"username":"invalid_user","password":"wrong_password"}
2026-08-03 21:50:48 [HTTP]: [REQUEST] GET /products/search?q=xyznonexistentproduct12345
2026-08-03 21:50:49 [HTTP]: [RESPONSE] GET /products/1 - Status: 200
2026-08-03 21:50:49 [HTTP]: [REQUEST] GET /products/999999
2026-08-03 21:50:49 [ERROR]: [RESPONSE ERROR] 400 - Bad Request
2026-08-03 21:50:50 [HTTP]: [RESPONSE] GET /products/search?q=xyznonexistentproduct12345 - Status: 200
2026-08-03 21:50:50 [HTTP]: [REQUEST] GET /users
2026-08-03 21:50:50 [HTTP]: [RESPONSE] GET /users - Status: 200
2026-08-03 21:50:50 [HTTP]: [REQUEST] GET /users/1
2026-08-03 21:50:50 [HTTP]: [RESPONSE] GET /users/1 - Status: 200
2026-08-03 21:50:50 [HTTP]: [REQUEST] GET /users/999999
2026-08-03 21:50:50 [ERROR]: [RESPONSE ERROR] 404 - Not Found
2026-08-03 21:50:50 [INFO]: Page loaded successfully
2026-08-03 21:50:50 [INFO]: Logging in as: standard_user
2026-08-03 21:50:50 [DEBUG]: Filling text 'standard_user' in element: locator('#user-name')
2026-08-03 21:50:50 [DEBUG]: Filling text 'secret_sauce' in element: locator('#password')
2026-08-03 21:50:50 [DEBUG]: Clicking element: locator('#login-button')
2026-08-03 21:50:50 [ERROR]: [RESPONSE ERROR] 404 - Not Found
2026-08-03 21:50:51 [INFO]: Page loaded successfully
2026-08-03 21:50:51 [INFO]: Adding product to cart: Sauce Labs Backpack
2026-08-03 21:50:51 [DEBUG]: Clicking element: locator('#add-to-cart-sauce-labs-backpack')
2026-08-03 21:50:51 [DEBUG]: Element visibility: true
2026-08-03 21:50:51 [DEBUG]: Text content: 1
2026-08-03 21:50:51 [INFO]: Removing product from cart: Sauce Labs Backpack
2026-08-03 21:50:51 [DEBUG]: Clicking element: locator('#remove-sauce-labs-backpack')
2026-08-03 21:50:51 [DEBUG]: Element visibility: false
2026-08-03 21:50:52 [HTTP]: [REQUEST] POST /auth/login
2026-08-03 21:50:52 [DEBUG]: [REQUEST BODY] {"username":"invalid_user","password":"wrong_password"}
2026-08-03 21:50:53 [HTTP]: [REQUEST] GET /products/999999
2026-08-03 21:50:53 [HTTP]: [REQUEST] GET /users/999999
2026-08-03 21:50:54 [ERROR]: [RESPONSE ERROR] 400 - Bad Request
2026-08-03 21:50:54 [HTTP]: [REQUEST] GET /posts
2026-08-03 21:50:55 [ERROR]: [RESPONSE ERROR] 404 - Not Found
2026-08-03 21:50:55 [HTTP]: [REQUEST] GET /products
2026-08-03 21:50:55 [ERROR]: [RESPONSE ERROR] 404 - Not Found
2026-08-03 21:50:55 [HTTP]: [RESPONSE] GET /posts - Status: 200
2026-08-03 21:50:55 [HTTP]: [REQUEST] GET /posts/1
2026-08-03 21:50:55 [HTTP]: [RESPONSE] GET /posts/1 - Status: 200
2026-08-03 21:50:56 [HTTP]: [REQUEST] POST /posts
2026-08-03 21:50:56 [DEBUG]: [REQUEST BODY] {"title":"Test Post from Playwright Framework","body":"This is a test post created during API testing","userId":1}
2026-08-03 21:50:56 [HTTP]: [RESPONSE] POST /posts - Status: 201
2026-08-03 21:50:56 [HTTP]: [REQUEST] PUT /posts/1
2026-08-03 21:50:56 [DEBUG]: [REQUEST BODY] {"title":"Updated Post Title","body":"Updated post body content","userId":1}
2026-08-03 21:50:57 [HTTP]: [RESPONSE] GET /products - Status: 200
2026-08-03 21:50:57 [HTTP]: [REQUEST] GET /products/999999
2026-08-03 21:50:57 [HTTP]: [REQUEST] DELETE /posts/1
2026-08-03 21:50:57 [HTTP]: [REQUEST] GET /users/999999
2026-08-03 21:50:57 [HTTP]: [RESPONSE] PUT /posts/1 - Status: 200
2026-08-03 21:50:57 [HTTP]: [REQUEST] PATCH /posts/1
2026-08-03 21:50:57 [DEBUG]: [REQUEST BODY] {"title":"Patched Title Only"}
2026-08-03 21:50:57 [HTTP]: [RESPONSE] PATCH /posts/1 - Status: 200
2026-08-03 21:50:57 [HTTP]: [REQUEST] GET /users
2026-08-03 21:50:57 [HTTP]: [RESPONSE] GET /users - Status: 200
2026-08-03 21:50:57 [HTTP]: [REQUEST] GET /users/1
2026-08-03 21:50:57 [HTTP]: [RESPONSE] GET /users/1 - Status: 200
2026-08-03 21:50:57 [HTTP]: [REQUEST] GET /users/1/posts
2026-08-03 21:50:57 [HTTP]: [RESPONSE] GET /users/1/posts - Status: 200
2026-08-03 21:50:57 [HTTP]: [REQUEST] GET /todos
2026-08-03 21:50:57 [HTTP]: [RESPONSE] GET /todos - Status: 200
2026-08-03 21:50:57 [HTTP]: [REQUEST] GET /todos/1
2026-08-03 21:50:57 [HTTP]: [RESPONSE] GET /todos/1 - Status: 200
2026-08-03 21:50:57 [HTTP]: [REQUEST] GET /todos?userId=1
2026-08-03 21:50:57 [HTTP]: [RESPONSE] GET /todos?userId=1 - Status: 200
2026-08-03 21:50:57 [HTTP]: [REQUEST] POST /todos
2026-08-03 21:50:57 [DEBUG]: [REQUEST BODY] {"title":"Test API automation framework","completed":false,"userId":1}
2026-08-03 21:50:58 [HTTP]: [RESPONSE] POST /todos - Status: 201
2026-08-03 21:50:58 [HTTP]: [REQUEST] GET /albums
2026-08-03 21:50:58 [HTTP]: [RESPONSE] GET /albums - Status: 200
2026-08-03 21:50:58 [HTTP]: [REQUEST] GET /albums/1
2026-08-03 21:50:58 [HTTP]: [RESPONSE] GET /albums/1 - Status: 200
2026-08-03 21:50:58 [HTTP]: [REQUEST] GET /albums/1/photos
2026-08-03 21:50:58 [HTTP]: [RESPONSE] GET /albums/1/photos - Status: 200
2026-08-03 21:50:58 [HTTP]: [REQUEST] POST /pet
2026-08-03 21:50:58 [DEBUG]: [REQUEST BODY] {"name":"Jagdterrier","photoUrls":["https://example.com/photo1.jpg","https://example.com/photo2.jpg"],"category":{"id":1,"name":"Dogs"},"tags":[{"id":1,"name":"friendly"},{"id":2,"name":"trained"}],"status":"available"}
2026-08-03 21:50:59 [ERROR]: [RESPONSE ERROR] 404 - Not Found
2026-08-03 21:50:59 [ERROR]: [RESPONSE ERROR] 404 - Not Found
2026-08-03 21:50:59 [HTTP]: [RESPONSE] DELETE /posts/1 - Status: 200
2026-08-03 21:50:59 [HTTP]: [REQUEST] GET /posts/1/comments
2026-08-03 21:50:59 [HTTP]: [RESPONSE] GET /posts/1/comments - Status: 200
2026-08-03 21:50:59 [HTTP]: [REQUEST] GET /comments
2026-08-03 21:50:59 [HTTP]: [RESPONSE] GET /comments - Status: 200
2026-08-03 21:50:59 [HTTP]: [REQUEST] GET /comments/1
2026-08-03 21:50:59 [HTTP]: [RESPONSE] GET /comments/1 - Status: 200
2026-08-03 21:50:59 [HTTP]: [REQUEST] GET /comments?postId=2
2026-08-03 21:50:59 [HTTP]: [RESPONSE] GET /comments?postId=2 - Status: 200
2026-08-03 21:51:00 [HTTP]: [REQUEST] POST /user
2026-08-03 21:51:00 [DEBUG]: [REQUEST BODY] {"username":"testuser_lBy3WQAQ","firstName":"Rodolfo","lastName":"Mohr","email":"Eldon.Breitenberg6@gmail.com","password":"ErIv1Fsk2GR3xpW","phone":"970.820.6206","userStatus":1}
2026-08-03 21:51:00 [HTTP]: [REQUEST] GET /products/search?q=phone
2026-08-03 21:51:01 [HTTP]: [REQUEST] GET /pet/999999999
2026-08-03 21:51:01 [HTTP]: [RESPONSE] POST /pet - Status: 200
2026-08-03 21:51:01 [HTTP]: [REQUEST] GET /pet/9223372036854776000
2026-08-03 21:51:01 [ERROR]: [RESPONSE ERROR] 404 - Not Found
2026-08-03 21:51:02 [HTTP]: [RESPONSE] POST /user - Status: 200
2026-08-03 21:51:02 [HTTP]: [REQUEST] GET /user/testuser_lBy3WQAQ
2026-08-03 21:51:02 [HTTP]: [RESPONSE] GET /products/search?q=phone - Status: 200
2026-08-03 21:51:03 [HTTP]: [RESPONSE] GET /user/testuser_lBy3WQAQ - Status: 200
2026-08-03 21:51:03 [HTTP]: [REQUEST] GET /user/login?username=testuser_lBy3WQAQ&password=password123
2026-08-03 21:51:03 [HTTP]: [REQUEST] GET /pet/1
2026-08-03 21:51:03 [HTTP]: [REQUEST] POST /user/createWithArray
2026-08-03 21:51:03 [DEBUG]: [REQUEST BODY] [{"username":"user1_Yg763e","firstName":"Lelia","lastName":"Yost","email":"Fay.Hintz@gmail.com","password":"Pb8ICCgZ72ddtqS"},{"username":"user2_Zwpiyr","firstName":"Murphy","lastName":"Kris","email":"Angie.Pouros66@gmail.com","password":"FMSQ4V_AH6B2PGN"}]
2026-08-03 21:51:03 [HTTP]: [RESPONSE] GET /user/login?username=testuser_lBy3WQAQ&password=password123 - Status: 200
2026-08-03 21:51:03 [HTTP]: [REQUEST] GET /user/logout
2026-08-03 21:51:03 [HTTP]: [RESPONSE] GET /user/logout - Status: 200
2026-08-03 21:51:03 [HTTP]: [REQUEST] PUT /user/testuser_lBy3WQAQ
2026-08-03 21:51:03 [DEBUG]: [REQUEST BODY] {"username":"testuser_lBy3WQAQ","firstName":"Updated","lastName":"Name","email":"Alford_Von@hotmail.com","password":"newpassword123","phone":"1-716-752-5026","userStatus":1}
2026-08-03 21:51:03 [ERROR]: [RESPONSE ERROR] 404 - Not Found
2026-08-03 21:51:03 [HTTP]: [RESPONSE] PUT /user/testuser_lBy3WQAQ - Status: 200
2026-08-03 21:51:05 [INFO]: Navigating to https://opensource-demo.orangehrmlive.com
2026-08-03 21:51:05 [HTTP]: [RESPONSE] GET /pet/1 - Status: 200
2026-08-03 21:51:05 [HTTP]: [RESPONSE] POST /user/createWithArray - Status: 200
2026-08-03 21:51:05 [HTTP]: [REQUEST] GET /pet/findByStatus?status=available
2026-08-03 21:51:05 [HTTP]: [REQUEST] GET /user/nonexistentuser999999
2026-08-03 21:51:05 [ERROR]: [RESPONSE ERROR] 404 - Not Found
2026-08-03 21:51:06 [HTTP]: [RESPONSE] GET /pet/findByStatus?status=available - Status: 200
2026-08-03 21:51:06 [HTTP]: [REQUEST] GET /pet/findByStatus?status=pending
2026-08-03 21:51:06 [HTTP]: [REQUEST] GET /pet/999999999
2026-08-03 21:51:06 [HTTP]: [RESPONSE] GET /pet/findByStatus?status=pending - Status: 200
2026-08-03 21:51:06 [HTTP]: [REQUEST] GET /pet/findByStatus?status=sold
2026-08-03 21:51:06 [HTTP]: [RESPONSE] GET /pet/findByStatus?status=sold - Status: 200
2026-08-03 21:51:07 [HTTP]: [REQUEST] GET /pet/1
2026-08-03 21:51:07 [HTTP]: [RESPONSE] GET /pet/1 - Status: 200
2026-08-03 21:51:07 [HTTP]: [REQUEST] PUT /pet
2026-08-03 21:51:07 [DEBUG]: [REQUEST BODY] {"id":1,"category":{"id":1,"name":"cat"},"name":"Updated dog","photoUrls":[],"tags":[],"status":"sold"}
2026-08-03 21:51:07 [HTTP]: [RESPONSE] PUT /pet - Status: 200
2026-08-03 21:51:07 [HTTP]: [REQUEST] GET /user/nonexistentuser999999
2026-08-03 21:51:08 [INFO]: Navigating to https://opensource-demo.orangehrmlive.com
2026-08-03 21:51:09 [ERROR]: [RESPONSE ERROR] 404 - Not Found
2026-08-03 21:51:10 [ERROR]: [RESPONSE ERROR] 404 - Not Found
2026-08-03 21:51:12 [HTTP]: [REQUEST] GET /pet/999999999
2026-08-03 21:51:13 [HTTP]: [REQUEST] GET /user/nonexistentuser999999
2026-08-03 21:51:14 [ERROR]: [RESPONSE ERROR] 404 - Not Found
2026-08-03 21:51:15 [ERROR]: [RESPONSE ERROR] 404 - Not Found
2026-08-03 21:51:16 [INFO]: Page loaded successfully
2026-08-03 21:51:16 [INFO]: Logging in as: Admin
2026-08-03 21:51:16 [DEBUG]: Filling text 'Admin' in element: locator('input[name="username"]')
2026-08-03 21:51:16 [DEBUG]: Filling text 'admin123' in element: locator('input[name="password"]')
2026-08-03 21:51:16 [DEBUG]: Clicking element: locator('button[type="submit"]')
2026-08-03 21:51:17 [INFO]: Page loaded successfully
2026-08-03 21:51:18 [HTTP]: [REQUEST] GET /store/inventory
2026-08-03 21:51:19 [HTTP]: [REQUEST] DELETE /user/testuser_Zl3Hbmvv
2026-08-03 21:51:20 [INFO]: Page loaded successfully
2026-08-03 21:51:20 [INFO]: Logging in as: invalid
2026-08-03 21:51:20 [DEBUG]: Filling text 'invalid' in element: locator('input[name="username"]')
2026-08-03 21:51:20 [DEBUG]: Filling text 'invalid' in element: locator('input[name="password"]')
2026-08-03 21:51:20 [DEBUG]: Clicking element: locator('button[type="submit"]')
2026-08-03 21:51:20 [INFO]: Page loaded successfully
2026-08-03 21:51:20 [HTTP]: [RESPONSE] GET /store/inventory - Status: 200
2026-08-03 21:51:20 [HTTP]: [REQUEST] POST /store/order
2026-08-03 21:51:20 [DEBUG]: [REQUEST BODY] {"petId":1,"quantity":1,"shipDate":"2026-08-03T16:21:20.831Z","status":"placed","complete":false}
2026-08-03 21:51:21 [DEBUG]: Element visibility: false
2026-08-03 21:51:21 [HTTP]: [RESPONSE] POST /store/order - Status: 200
2026-08-03 21:51:21 [HTTP]: [REQUEST] GET /store/order/9223372016900076000
2026-08-03 21:51:22 [ERROR]: [RESPONSE ERROR] 404 - Not Found
2026-08-03 21:51:22 [DEBUG]: Element visibility: true
2026-08-03 21:51:22 [INFO]: Dashboard displayed successfully
2026-08-03 21:51:22 [DEBUG]: Text content: Dashboard
2026-08-03 21:51:23 [ERROR]: [RESPONSE ERROR] 404 - Not Found
2026-08-03 21:51:24 [INFO]: Navigating to https://opensource-demo.orangehrmlive.com
2026-08-03 21:51:25 [HTTP]: [REQUEST] GET /store/order/1
2026-08-03 21:51:26 [HTTP]: [REQUEST] DELETE /user/testuser_n9VPM3VV
2026-08-03 21:51:27 [INFO]: Navigating to https://opensource-demo.orangehrmlive.com
2026-08-03 21:51:28 [HTTP]: [RESPONSE] GET /store/order/1 - Status: 200
2026-08-03 21:51:28 [HTTP]: [REQUEST] GET /store/order/999999
2026-08-03 21:51:28 [ERROR]: [RESPONSE ERROR] 404 - Not Found
2026-08-03 21:51:29 [ERROR]: [RESPONSE ERROR] 404 - Not Found
2026-08-03 21:51:32 [HTTP]: [REQUEST] GET /store/order/999999
2026-08-03 21:51:32 [HTTP]: [REQUEST] DELETE /user/testuser_jfSs9F1L
2026-08-03 21:51:34 [INFO]: Page loaded successfully
2026-08-03 21:51:34 [INFO]: Navigating to https://opensource-demo.orangehrmlive.com
2026-08-03 21:51:36 [ERROR]: [RESPONSE ERROR] 404 - Not Found
2026-08-03 21:51:36 [ERROR]: [RESPONSE ERROR] 404 - Not Found
2026-08-03 21:51:36 [INFO]: Page loaded successfully
2026-08-03 21:51:36 [INFO]: Logging in as: Admin
2026-08-03 21:51:36 [DEBUG]: Filling text 'Admin' in element: locator('input[name="username"]')
2026-08-03 21:51:36 [DEBUG]: Filling text 'admin123' in element: locator('input[name="password"]')
2026-08-03 21:51:37 [DEBUG]: Clicking element: locator('button[type="submit"]')
2026-08-03 21:51:37 [INFO]: Page loaded successfully
2026-08-03 21:51:37 [INFO]: Logging out
2026-08-03 21:51:37 [DEBUG]: Clicking element: locator('.oxd-userdropdown-tab')
2026-08-03 21:51:39 [INFO]: Page loaded successfully
2026-08-03 21:51:39 [INFO]: Logging in as: invalid
2026-08-03 21:51:39 [DEBUG]: Filling text 'invalid' in element: locator('input[name="username"]')
2026-08-03 21:51:39 [DEBUG]: Filling text 'invalid' in element: locator('input[name="password"]')
2026-08-03 21:51:39 [DEBUG]: Clicking element: locator('button[type="submit"]')
2026-08-03 21:51:39 [HTTP]: [REQUEST] GET /store/order/999999
2026-08-03 21:51:40 [DEBUG]: Clicking element: locator('a[href="/web/index.php/auth/logout"]')
2026-08-03 21:51:40 [INFO]: Navigating to https://www.saucedemo.com
2026-08-03 21:51:42 [INFO]: Page loaded successfully
2026-08-03 21:51:42 [ERROR]: [RESPONSE ERROR] 404 - Not Found
2026-08-03 21:51:43 [DEBUG]: Element visibility: true
2026-08-03 21:51:43 [DEBUG]: Text content: Invalid credentials
2026-08-03 21:51:43 [INFO]: Error message displayed: Invalid credentials
2026-08-03 21:51:45 [INFO]: Logout successful - redirected to login page
2026-08-03 21:51:46 [INFO]: Navigating to https://www.saucedemo.com
2026-08-03 21:51:47 [HTTP]: [REQUEST] POST /auth/login
2026-08-03 21:51:47 [DEBUG]: [REQUEST BODY] {"username":"emilys","password":"emilyspass"}
2026-08-03 21:51:48 [HTTP]: [REQUEST] GET /products/1
2026-08-03 21:51:49 [HTTP]: [RESPONSE] POST /auth/login - Status: 200
2026-08-03 21:51:49 [HTTP]: [REQUEST] POST /auth/login
2026-08-03 21:51:49 [DEBUG]: [REQUEST BODY] {"username":"invalid_user","password":"wrong_password"}
2026-08-03 21:51:49 [ERROR]: [RESPONSE ERROR] 400 - Bad Request
2026-08-03 21:51:49 [HTTP]: [RESPONSE] GET /products/1 - Status: 200
2026-08-03 21:51:49 [HTTP]: [REQUEST] GET /products/999999
2026-08-03 21:51:50 [ERROR]: [RESPONSE ERROR] 404 - Not Found
2026-08-03 21:51:51 [HTTP]: [REQUEST] POST /auth/login
2026-08-03 21:51:51 [DEBUG]: [REQUEST BODY] {"username":"invalid_user","password":"wrong_password"}
2026-08-03 21:51:51 [HTTP]: [REQUEST] GET /products/999999
2026-08-03 21:51:53 [INFO]: Page loaded successfully
2026-08-03 21:51:53 [INFO]: Logging in as: standard_user
2026-08-03 21:51:53 [DEBUG]: Filling text 'standard_user' in element: locator('#user-name')
2026-08-03 21:51:53 [DEBUG]: Filling text 'secret_sauce' in element: locator('#password')
2026-08-03 21:51:53 [DEBUG]: Clicking element: locator('#login-button')
2026-08-03 21:51:53 [ERROR]: [RESPONSE ERROR] 400 - Bad Request
2026-08-03 21:51:53 [ERROR]: [RESPONSE ERROR] 404 - Not Found
2026-08-03 21:51:53 [INFO]: Page loaded successfully
2026-08-03 21:51:54 [DEBUG]: Element visibility: true
2026-08-03 21:51:54 [INFO]: Adding product to cart: Sauce Labs Backpack
2026-08-03 21:51:54 [DEBUG]: Clicking element: locator('#add-to-cart-sauce-labs-backpack')
2026-08-03 21:51:54 [INFO]: Adding product to cart: Sauce Labs Bike Light
2026-08-03 21:51:54 [DEBUG]: Clicking element: locator('#add-to-cart-sauce-labs-bike-light')
2026-08-03 21:51:54 [DEBUG]: Element visibility: true
2026-08-03 21:51:55 [DEBUG]: Text content: 2
2026-08-03 21:51:55 [DEBUG]: Clicking element: locator('.shopping_cart_link')
2026-08-03 21:51:55 [DEBUG]: Element count: 2
2026-08-03 21:51:55 [INFO]: Removing item from cart: Sauce Labs Bike Light
2026-08-03 21:51:55 [DEBUG]: Clicking element: locator('#remove-sauce-labs-bike-light')
2026-08-03 21:51:55 [DEBUG]: Element count: 1
2026-08-03 21:51:55 [DEBUG]: Clicking element: locator('#checkout')
2026-08-03 21:51:56 [INFO]: Filling checkout information
2026-08-03 21:51:56 [DEBUG]: Filling text 'John' in element: locator('#first-name')
2026-08-03 21:51:56 [DEBUG]: Filling text 'Doe' in element: locator('#last-name')
2026-08-03 21:51:56 [DEBUG]: Filling text '12345' in element: locator('#postal-code')
2026-08-03 21:51:56 [DEBUG]: Clicking element: locator('#continue')
2026-08-03 21:51:56 [HTTP]: [REQUEST] POST /auth/login
2026-08-03 21:51:56 [DEBUG]: [REQUEST BODY] {"username":"invalid_user","password":"wrong_password"}
2026-08-03 21:51:56 [INFO]: Page loaded successfully
2026-08-03 21:51:56 [HTTP]: [REQUEST] GET /products/999999
2026-08-03 21:51:56 [DEBUG]: Clicking element: locator('#finish')
2026-08-03 21:51:57 [INFO]: Page loaded successfully
2026-08-03 21:51:57 [DEBUG]: Current URL: https://www.saucedemo.com/checkout-complete.html
2026-08-03 21:51:58 [ERROR]: [RESPONSE ERROR] 400 - Bad Request
2026-08-03 21:51:58 [HTTP]: [REQUEST] GET /products/search?q=xyznonexistentproduct12345
2026-08-03 21:51:59 [ERROR]: [RESPONSE ERROR] 404 - Not Found
2026-08-03 21:51:59 [INFO]: Page loaded successfully
2026-08-03 21:51:59 [INFO]: Logging in as: standard_user
2026-08-03 21:51:59 [DEBUG]: Filling text 'standard_user' in element: locator('#user-name')
2026-08-03 21:51:59 [DEBUG]: Filling text 'secret_sauce' in element: locator('#password')
2026-08-03 21:52:00 [DEBUG]: Clicking element: locator('#login-button')
2026-08-03 21:52:00 [INFO]: Page loaded successfully
2026-08-03 21:52:00 [INFO]: Adding product to cart: Sauce Labs Backpack
2026-08-03 21:52:00 [DEBUG]: Clicking element: locator('#add-to-cart-sauce-labs-backpack')
2026-08-03 21:52:00 [HTTP]: [REQUEST] GET /products
2026-08-03 21:52:00 [HTTP]: [RESPONSE] GET /products/search?q=xyznonexistentproduct12345 - Status: 200
2026-08-03 21:52:00 [HTTP]: [REQUEST] GET /users
2026-08-03 21:52:00 [HTTP]: [RESPONSE] GET /users - Status: 200
2026-08-03 21:52:00 [HTTP]: [REQUEST] GET /users/1
2026-08-03 21:52:01 [DEBUG]: Element visibility: true
2026-08-03 21:52:01 [DEBUG]: Text content: 1
2026-08-03 21:52:01 [INFO]: Removing product from cart: Sauce Labs Backpack
2026-08-03 21:52:01 [DEBUG]: Clicking element: locator('#remove-sauce-labs-backpack')
2026-08-03 21:52:01 [HTTP]: [RESPONSE] GET /users/1 - Status: 200
2026-08-03 21:52:01 [HTTP]: [REQUEST] GET /users/999999
2026-08-03 21:52:01 [DEBUG]: Element visibility: false
2026-08-03 21:52:01 [ERROR]: [RESPONSE ERROR] 404 - Not Found
2026-08-03 21:52:01 [HTTP]: [REQUEST] GET /products/search?q=phone
2026-08-03 21:52:02 [HTTP]: [RESPONSE] GET /products - Status: 200
2026-08-03 21:52:02 [HTTP]: [REQUEST] GET /posts
2026-08-03 21:52:03 [HTTP]: [RESPONSE] GET /products/search?q=phone - Status: 200
2026-08-03 21:52:03 [HTTP]: [REQUEST] GET /users/999999
2026-08-03 21:52:03 [HTTP]: [REQUEST] GET /users
2026-08-03 21:52:04 [HTTP]: [RESPONSE] GET /posts - Status: 200
2026-08-03 21:52:04 [HTTP]: [REQUEST] GET /posts/1
2026-08-03 21:52:04 [HTTP]: [RESPONSE] GET /posts/1 - Status: 200
2026-08-03 21:52:04 [HTTP]: [REQUEST] POST /posts
2026-08-03 21:52:04 [DEBUG]: [REQUEST BODY] {"title":"Test Post from Playwright Framework","body":"This is a test post created during API testing","userId":1}
2026-08-03 21:52:04 [HTTP]: [REQUEST] DELETE /posts/1
2026-08-03 21:52:04 [HTTP]: [RESPONSE] POST /posts - Status: 201
2026-08-03 21:52:04 [HTTP]: [REQUEST] PUT /posts/1
2026-08-03 21:52:04 [DEBUG]: [REQUEST BODY] {"title":"Updated Post Title","body":"Updated post body content","userId":1}
2026-08-03 21:52:05 [HTTP]: [RESPONSE] PUT /posts/1 - Status: 200
2026-08-03 21:52:05 [HTTP]: [REQUEST] PATCH /posts/1
2026-08-03 21:52:05 [DEBUG]: [REQUEST BODY] {"title":"Patched Title Only"}
2026-08-03 21:52:05 [HTTP]: [RESPONSE] GET /users - Status: 200
2026-08-03 21:52:05 [HTTP]: [REQUEST] GET /users/1
2026-08-03 21:52:05 [HTTP]: [RESPONSE] PATCH /posts/1 - Status: 200
2026-08-03 21:52:05 [HTTP]: [RESPONSE] GET /users/1 - Status: 200
2026-08-03 21:52:05 [HTTP]: [REQUEST] GET /users/1/posts
2026-08-03 21:52:05 [HTTP]: [REQUEST] GET /todos?userId=1
2026-08-03 21:52:05 [HTTP]: [RESPONSE] GET /users/1/posts - Status: 200
2026-08-03 21:52:05 [HTTP]: [REQUEST] GET /todos
2026-08-03 21:52:05 [ERROR]: [RESPONSE ERROR] 404 - Not Found
2026-08-03 21:52:05 [HTTP]: [RESPONSE] GET /todos - Status: 200
2026-08-03 21:52:05 [HTTP]: [REQUEST] GET /todos/1
2026-08-03 21:52:05 [HTTP]: [RESPONSE] GET /todos/1 - Status: 200
2026-08-03 21:52:06 [HTTP]: [RESPONSE] DELETE /posts/1 - Status: 200
2026-08-03 21:52:06 [HTTP]: [REQUEST] GET /posts/1/comments
2026-08-03 21:52:06 [HTTP]: [RESPONSE] GET /posts/1/comments - Status: 200
2026-08-03 21:52:06 [HTTP]: [REQUEST] GET /comments
2026-08-03 21:52:06 [HTTP]: [RESPONSE] GET /comments - Status: 200
2026-08-03 21:52:06 [HTTP]: [REQUEST] GET /comments/1
2026-08-03 21:52:06 [HTTP]: [RESPONSE] GET /comments/1 - Status: 200
2026-08-03 21:52:06 [HTTP]: [REQUEST] GET /comments?postId=2
2026-08-03 21:52:06 [HTTP]: [RESPONSE] GET /comments?postId=2 - Status: 200
2026-08-03 21:52:06 [HTTP]: [REQUEST] POST /pet
2026-08-03 21:52:06 [DEBUG]: [REQUEST BODY] {"name":"Ratonero Murciano de Huerta","photoUrls":["https://example.com/photo1.jpg","https://example.com/photo2.jpg"],"category":{"id":1,"name":"Dogs"},"tags":[{"id":1,"name":"friendly"},{"id":2,"name":"trained"}],"status":"available"}
2026-08-03 21:52:06 [HTTP]: [RESPONSE] GET /todos?userId=1 - Status: 200
2026-08-03 21:52:06 [HTTP]: [REQUEST] POST /todos
2026-08-03 21:52:06 [DEBUG]: [REQUEST BODY] {"title":"Test API automation framework","completed":false,"userId":1}
2026-08-03 21:52:06 [HTTP]: [REQUEST] GET /pet/999999999
2026-08-03 21:52:06 [HTTP]: [RESPONSE] POST /todos - Status: 201
2026-08-03 21:52:06 [HTTP]: [REQUEST] GET /albums
2026-08-03 21:52:06 [HTTP]: [RESPONSE] GET /albums - Status: 200
2026-08-03 21:52:06 [HTTP]: [REQUEST] GET /albums/1
2026-08-03 21:52:06 [HTTP]: [RESPONSE] GET /albums/1 - Status: 200
2026-08-03 21:52:06 [HTTP]: [REQUEST] GET /albums/1/photos
2026-08-03 21:52:07 [HTTP]: [REQUEST] GET /users/999999
2026-08-03 21:52:07 [HTTP]: [RESPONSE] GET /albums/1/photos - Status: 200
2026-08-03 21:52:08 [HTTP]: [REQUEST] POST /user
2026-08-03 21:52:08 [DEBUG]: [REQUEST BODY] {"username":"testuser_7oAA7JfT","firstName":"Aurore","lastName":"Koelpin","email":"Lafayette90@hotmail.com","password":"EYAZjQgb6iCGjdc","phone":"540-334-9674","userStatus":1}
2026-08-03 21:52:08 [HTTP]: [RESPONSE] POST /pet - Status: 200
2026-08-03 21:52:09 [HTTP]: [REQUEST] GET /pet/9223372036854776000
2026-08-03 21:52:09 [ERROR]: [RESPONSE ERROR] 404 - Not Found
2026-08-03 21:52:09 [ERROR]: [RESPONSE ERROR] 404 - Not Found
2026-08-03 21:52:09 [ERROR]: [RESPONSE ERROR] 404 - Not Found
2026-08-03 21:52:10 [HTTP]: [RESPONSE] POST /user - Status: 200
2026-08-03 21:52:10 [HTTP]: [REQUEST] GET /user/testuser_7oAA7JfT
2026-08-03 21:52:10 [HTTP]: [RESPONSE] GET /user/testuser_7oAA7JfT - Status: 200
2026-08-03 21:52:10 [HTTP]: [REQUEST] GET /user/login?username=testuser_7oAA7JfT&password=password123
2026-08-03 21:52:11 [HTTP]: [RESPONSE] GET /user/login?username=testuser_7oAA7JfT&password=password123 - Status: 200
2026-08-03 21:52:11 [HTTP]: [REQUEST] GET /user/logout
2026-08-03 21:52:11 [HTTP]: [RESPONSE] GET /user/logout - Status: 200
2026-08-03 21:52:11 [HTTP]: [REQUEST] PUT /user/testuser_7oAA7JfT
2026-08-03 21:52:11 [DEBUG]: [REQUEST BODY] {"username":"testuser_7oAA7JfT","firstName":"Updated","lastName":"Name","email":"Dock_Bernhard30@hotmail.com","password":"newpassword123","phone":"1-979-613-1072","userStatus":1}
2026-08-03 21:52:11 [HTTP]: [REQUEST] GET /pet/1
2026-08-03 21:52:11 [HTTP]: [RESPONSE] PUT /user/testuser_7oAA7JfT - Status: 200
2026-08-03 21:52:11 [HTTP]: [REQUEST] GET /pet/999999999
2026-08-03 21:52:11 [HTTP]: [REQUEST] POST /user/createWithArray
2026-08-03 21:52:11 [DEBUG]: [REQUEST BODY] [{"username":"user1_l9E2sQ","firstName":"Oscar","lastName":"Konopelski","email":"Bryon_Mueller@hotmail.com","password":"JKEM6doGAykM6BG"},{"username":"user2_adpdDv","firstName":"Marlee","lastName":"Lockman","email":"Ashtyn.Lubowitz86@gmail.com","password":"9qUWSCISoAiEfqL"}]
2026-08-03 21:52:12 [INFO]: Navigating to https://opensource-demo.orangehrmlive.com
2026-08-03 21:52:13 [ERROR]: [RESPONSE ERROR] 404 - Not Found
2026-08-03 21:52:14 [ERROR]: [RESPONSE ERROR] 404 - Not Found
2026-08-03 21:52:14 [HTTP]: [RESPONSE] POST /user/createWithArray - Status: 200
2026-08-03 21:52:14 [HTTP]: [REQUEST] GET /user/nonexistentuser999999
2026-08-03 21:52:14 [ERROR]: [RESPONSE ERROR] 404 - Not Found
2026-08-03 21:52:16 [HTTP]: [REQUEST] GET /pet/1
2026-08-03 21:52:16 [HTTP]: [REQUEST] GET /pet/999999999
2026-08-03 21:52:16 [HTTP]: [REQUEST] GET /user/nonexistentuser999999
2026-08-03 21:52:18 [ERROR]: [RESPONSE ERROR] 404 - Not Found
2026-08-03 21:52:19 [ERROR]: [RESPONSE ERROR] 404 - Not Found
2026-08-03 21:52:19 [ERROR]: [RESPONSE ERROR] 404 - Not Found
2026-08-03 21:52:21 [INFO]: Page loaded successfully
2026-08-03 21:52:21 [INFO]: Logging in as: Admin
2026-08-03 21:52:21 [DEBUG]: Filling text 'Admin' in element: locator('input[name="username"]')
2026-08-03 21:52:21 [DEBUG]: Filling text 'admin123' in element: locator('input[name="password"]')
2026-08-03 21:52:21 [HTTP]: [REQUEST] GET /pet/findByStatus?status=available
2026-08-03 21:52:22 [DEBUG]: Clicking element: locator('button[type="submit"]')
2026-08-03 21:52:22 [HTTP]: [REQUEST] GET /user/nonexistentuser999999
2026-08-03 21:52:22 [HTTP]: [REQUEST] GET /store/inventory
2026-08-03 21:52:25 [HTTP]: [RESPONSE] GET /pet/findByStatus?status=available - Status: 200
2026-08-03 21:52:25 [HTTP]: [RESPONSE] GET /store/inventory - Status: 200
2026-08-03 21:52:25 [ERROR]: [RESPONSE ERROR] 404 - Not Found
2026-08-03 21:52:25 [HTTP]: [REQUEST] POST /store/order
2026-08-03 21:52:25 [DEBUG]: [REQUEST BODY] {"petId":1,"quantity":1,"shipDate":"2026-08-03T16:22:25.406Z","status":"placed","complete":false}
2026-08-03 21:52:25 [HTTP]: [REQUEST] GET /pet/findByStatus?status=pending
2026-08-03 21:52:25 [HTTP]: [RESPONSE] POST /store/order - Status: 200
2026-08-03 21:52:25 [HTTP]: [REQUEST] GET /store/order/9223372016900076000
2026-08-03 21:52:25 [HTTP]: [RESPONSE] GET /pet/findByStatus?status=pending - Status: 200
2026-08-03 21:52:25 [HTTP]: [REQUEST] GET /pet/findByStatus?status=sold
2026-08-03 21:52:25 [ERROR]: [RESPONSE ERROR] 404 - Not Found
2026-08-03 21:52:26 [HTTP]: [RESPONSE] GET /pet/findByStatus?status=sold - Status: 200
2026-08-03 21:52:26 [HTTP]: [REQUEST] GET /pet/1
2026-08-03 21:52:26 [ERROR]: [RESPONSE ERROR] 404 - Not Found
2026-08-03 21:52:26 [INFO]: Page loaded successfully
2026-08-03 21:52:26 [DEBUG]: Element visibility: true
2026-08-03 21:52:26 [INFO]: Dashboard displayed successfully
2026-08-03 21:52:26 [DEBUG]: Text content: Dashboard
2026-08-03 21:52:27 [INFO]: Navigating to https://opensource-demo.orangehrmlive.com
2026-08-03 21:52:28 [HTTP]: [REQUEST] DELETE /user/testuser_vH7XZZSe
2026-08-03 21:52:28 [HTTP]: [REQUEST] GET /store/order/1
2026-08-03 21:52:29 [HTTP]: [REQUEST] GET /pet/1
2026-08-03 21:52:31 [ERROR]: [RESPONSE ERROR] 404 - Not Found
2026-08-03 21:52:31 [HTTP]: [RESPONSE] GET /store/order/1 - Status: 200
2026-08-03 21:52:31 [HTTP]: [REQUEST] GET /store/order/999999
2026-08-03 21:52:31 [ERROR]: [RESPONSE ERROR] 404 - Not Found
2026-08-03 21:52:32 [ERROR]: [RESPONSE ERROR] 404 - Not Found
2026-08-03 21:52:34 [HTTP]: [REQUEST] DELETE /user/testuser_zduc0ZrC
2026-08-03 21:52:35 [HTTP]: [REQUEST] GET /pet/1
2026-08-03 21:52:35 [HTTP]: [REQUEST] GET /store/order/999999
2026-08-03 21:52:37 [ERROR]: [RESPONSE ERROR] 404 - Not Found
2026-08-03 21:52:37 [HTTP]: [RESPONSE] GET /pet/1 - Status: 200
2026-08-03 21:52:37 [HTTP]: [REQUEST] PUT /pet
2026-08-03 21:52:37 [DEBUG]: [REQUEST BODY] {"id":1,"category":{"id":1,"name":"string"},"name":"Updated doggie","photoUrls":["string"],"tags":[{"id":1,"name":"string"}],"status":"sold"}
2026-08-03 21:52:38 [HTTP]: [RESPONSE] PUT /pet - Status: 200
2026-08-03 21:52:38 [INFO]: Page loaded successfully
2026-08-03 21:52:38 [INFO]: Logging in as: invalid
2026-08-03 21:52:38 [DEBUG]: Filling text 'invalid' in element: locator('input[name="username"]')
2026-08-03 21:52:38 [DEBUG]: Filling text 'invalid' in element: locator('input[name="password"]')
2026-08-03 21:52:38 [DEBUG]: Clicking element: locator('button[type="submit"]')
2026-08-03 21:52:39 [ERROR]: [RESPONSE ERROR] 404 - Not Found
2026-08-03 21:52:40 [INFO]: Navigating to https://opensource-demo.orangehrmlive.com
2026-08-03 21:52:40 [INFO]: Page loaded successfully
2026-08-03 21:52:40 [HTTP]: [REQUEST] GET /store/order/999999
2026-08-03 21:52:41 [DEBUG]: Element visibility: true
2026-08-03 21:52:41 [DEBUG]: Text content: Invalid credentials
2026-08-03 21:52:41 [INFO]: Error message displayed: Invalid credentials
2026-08-03 21:52:42 [HTTP]: [REQUEST] DELETE /user/testuser_dVf3JRWL
2026-08-03 21:52:42 [INFO]: Navigating to https://www.saucedemo.com
2026-08-03 21:52:43 [ERROR]: [RESPONSE ERROR] 404 - Not Found
2026-08-03 21:52:44 [ERROR]: [RESPONSE ERROR] 404 - Not Found
2026-08-03 21:52:46 [INFO]: Navigating to https://www.saucedemo.com
2026-08-03 21:52:47 [HTTP]: [REQUEST] POST /auth/login
2026-08-03 21:52:47 [DEBUG]: [REQUEST BODY] {"username":"emilys","password":"emilyspass"}
2026-08-03 21:52:49 [HTTP]: [RESPONSE] POST /auth/login - Status: 200
2026-08-03 21:52:49 [HTTP]: [REQUEST] POST /auth/login
2026-08-03 21:52:49 [DEBUG]: [REQUEST BODY] {"username":"invalid_user","password":"wrong_password"}
2026-08-03 21:52:49 [ERROR]: [RESPONSE ERROR] 400 - Bad Request
2026-08-03 21:52:50 [WARN]: Network idle timeout, checking if page is loaded...
2026-08-03 21:52:50 [WARN]: Network idle timeout, checking if page is loaded...
2026-08-03 21:52:50 [ERROR]: Navigation failed: Error: page.waitForLoadState: Target page, context or browser has been closed
2026-08-03 21:52:50 [INFO]: Retrying navigation...
2026-08-03 21:52:50 [ERROR]: Navigation failed: Error: page.waitForLoadState: Target page, context or browser has been closed
2026-08-03 21:52:50 [INFO]: Retrying navigation...
2026-08-03 21:52:50 [WARN]: Network idle timeout, checking if page is loaded...
2026-08-03 21:52:50 [ERROR]: Navigation failed: Error: page.waitForLoadState: Target page, context or browser has been closed
2026-08-03 21:52:50 [INFO]: Retrying navigation...
2026-08-03 21:54:37 [HTTP]: [REQUEST] GET /products/search?q=xyznonexistentproduct12345
2026-08-03 21:54:37 [HTTP]: [REQUEST] POST /auth/login
2026-08-03 21:54:37 [DEBUG]: [REQUEST BODY] {"username":"emilys","password":"emilyspass"}
2026-08-03 21:54:37 [HTTP]: [REQUEST] GET /users/999999
2026-08-03 21:54:37 [HTTP]: [REQUEST] GET /products/1
2026-08-03 21:54:39 [HTTP]: [RESPONSE] GET /products/1 - Status: 200
2026-08-03 21:54:39 [HTTP]: [REQUEST] GET /products/999999
2026-08-03 21:54:39 [HTTP]: [RESPONSE] GET /products/search?q=xyznonexistentproduct12345 - Status: 200
2026-08-03 21:54:39 [HTTP]: [REQUEST] GET /users
2026-08-03 21:54:39 [HTTP]: [RESPONSE] GET /users - Status: 200
2026-08-03 21:54:39 [ERROR]: [RESPONSE ERROR] 404 - Not Found
2026-08-03 21:54:39 [HTTP]: [REQUEST] GET /users/1
2026-08-03 21:54:39 [ERROR]: [RESPONSE ERROR] 404 - Not Found
2026-08-03 21:54:39 [HTTP]: [RESPONSE] GET /users/1 - Status: 200
2026-08-03 21:54:40 [HTTP]: [RESPONSE] POST /auth/login - Status: 200
2026-08-03 21:54:40 [HTTP]: [REQUEST] POST /auth/login
2026-08-03 21:54:40 [DEBUG]: [REQUEST BODY] {"username":"invalid_user","password":"wrong_password"}
2026-08-03 21:54:40 [ERROR]: [RESPONSE ERROR] 400 - Bad Request
2026-08-03 21:54:41 [HTTP]: [REQUEST] GET /users/999999
2026-08-03 21:54:41 [HTTP]: [REQUEST] GET /products/999999
2026-08-03 21:54:42 [HTTP]: [REQUEST] POST /auth/login
2026-08-03 21:54:42 [DEBUG]: [REQUEST BODY] {"username":"invalid_user","password":"wrong_password"}
2026-08-03 21:54:43 [ERROR]: [RESPONSE ERROR] 404 - Not Found
2026-08-03 21:54:43 [ERROR]: [RESPONSE ERROR] 404 - Not Found
2026-08-03 21:54:44 [ERROR]: [RESPONSE ERROR] 400 - Bad Request
2026-08-03 21:54:45 [HTTP]: [REQUEST] GET /users/999999
2026-08-03 21:54:45 [HTTP]: [REQUEST] GET /products/999999
2026-08-03 21:54:46 [HTTP]: [REQUEST] POST /auth/login
2026-08-03 21:54:46 [DEBUG]: [REQUEST BODY] {"username":"invalid_user","password":"wrong_password"}
2026-08-03 21:54:47 [ERROR]: [RESPONSE ERROR] 404 - Not Found
2026-08-03 21:54:47 [ERROR]: [RESPONSE ERROR] 404 - Not Found
2026-08-03 21:54:48 [ERROR]: [RESPONSE ERROR] 400 - Bad Request
2026-08-03 21:54:49 [HTTP]: [REQUEST] GET /products/search?q=phone
2026-08-03 21:54:51 [HTTP]: [RESPONSE] GET /products/search?q=phone - Status: 200
2026-08-03 21:56:02 [HTTP]: [REQUEST] POST /auth/login
2026-08-03 21:56:02 [DEBUG]: [REQUEST BODY] {"username":"emilys","password":"emilyspass"}
2026-08-03 21:56:02 [HTTP]: [REQUEST] GET /users/999999
2026-08-03 21:56:02 [HTTP]: [REQUEST] GET /products/search?q=xyznonexistentproduct12345
2026-08-03 21:56:02 [HTTP]: [REQUEST] GET /products/1
2026-08-03 21:56:04 [HTTP]: [RESPONSE] GET /products/1 - Status: 200
2026-08-03 21:56:04 [HTTP]: [REQUEST] GET /products/999999
2026-08-03 21:56:04 [ERROR]: [RESPONSE ERROR] 404 - Not Found
2026-08-03 21:56:04 [HTTP]: [RESPONSE] POST /auth/login - Status: 200
2026-08-03 21:56:04 [HTTP]: [RESPONSE] GET /products/search?q=xyznonexistentproduct12345 - Status: 200
2026-08-03 21:56:04 [HTTP]: [REQUEST] POST /auth/login
2026-08-03 21:56:04 [DEBUG]: [REQUEST BODY] {"username":"invalid_user","password":"wrong_password"}
2026-08-03 21:56:04 [HTTP]: [REQUEST] GET /users
2026-08-03 21:56:04 [ERROR]: [RESPONSE ERROR] 404 - Not Found
2026-08-03 21:56:04 [HTTP]: [RESPONSE] GET /users - Status: 200
2026-08-03 21:56:04 [HTTP]: [REQUEST] GET /products/search?q=phone
2026-08-03 21:56:04 [HTTP]: [REQUEST] GET /users/1
2026-08-03 21:56:04 [HTTP]: [RESPONSE] GET /products/search?q=phone - Status: 200
2026-08-03 21:56:04 [ERROR]: [RESPONSE ERROR] 400 - Bad Request
2026-08-03 21:56:04 [HTTP]: [REQUEST] GET /products
2026-08-03 21:56:04 [HTTP]: [RESPONSE] GET /users/1 - Status: 200
2026-08-03 21:56:04 [HTTP]: [RESPONSE] GET /products - Status: 200
2026-08-03 21:56:20 [HTTP]: [REQUEST] GET /pet/999999999
2026-08-03 21:56:20 [HTTP]: [REQUEST] POST /user
2026-08-03 21:56:20 [HTTP]: [REQUEST] POST /user/createWithArray
2026-08-03 21:56:20 [DEBUG]: [REQUEST BODY] [{"username":"user1_skHDrB","firstName":"Ethyl","lastName":"Frami","email":"Rebekah_Kshlerin@hotmail.com","password":"imM3wO0kJWO_PnM"},{"username":"user2_RWto3a","firstName":"Maegan","lastName":"Wolff","email":"Tristin45@yahoo.com","password":"Jd2Yy3l8YLkShjU"}]
2026-08-03 21:56:20 [DEBUG]: [REQUEST BODY] {"username":"testuser_EJDmEEUB","firstName":"Anahi","lastName":"Jacobs","email":"Lorna13@hotmail.com","password":"I8RU0DsYECoDkhr","phone":"1-989-774-7278 x022","userStatus":1}
2026-08-03 21:56:20 [HTTP]: [REQUEST] POST /pet
2026-08-03 21:56:20 [DEBUG]: [REQUEST BODY] {"name":"Hällefors Elkhound","photoUrls":["https://example.com/photo1.jpg","https://example.com/photo2.jpg"],"category":{"id":1,"name":"Dogs"},"tags":[{"id":1,"name":"friendly"},{"id":2,"name":"trained"}],"status":"available"}
2026-08-03 21:56:22 [ERROR]: [RESPONSE ERROR] 404 - Not Found
2026-08-03 21:56:22 [HTTP]: [REQUEST] GET /store/inventory
2026-08-03 21:56:22 [HTTP]: [RESPONSE] POST /user/createWithArray - Status: 200
2026-08-03 21:56:22 [HTTP]: [REQUEST] GET /user/nonexistentuser999999
2026-08-03 21:56:22 [HTTP]: [RESPONSE] POST /user - Status: 200
2026-08-03 21:56:22 [HTTP]: [REQUEST] GET /user/testuser_EJDmEEUB
2026-08-03 21:56:22 [HTTP]: [RESPONSE] POST /pet - Status: 200
2026-08-03 21:56:22 [HTTP]: [REQUEST] GET /pet/9223372036854776000
2026-08-03 21:56:22 [HTTP]: [RESPONSE] GET /store/inventory - Status: 200
2026-08-03 21:56:22 [HTTP]: [REQUEST] POST /store/order
2026-08-03 21:56:22 [DEBUG]: [REQUEST BODY] {"petId":1,"quantity":1,"shipDate":"2026-08-03T16:26:22.841Z","status":"placed","complete":false}
2026-08-03 21:56:22 [ERROR]: [RESPONSE ERROR] 404 - Not Found
2026-08-03 21:56:22 [HTTP]: [REQUEST] DELETE /user/testuser_BZZ7NRLm
2026-08-03 21:56:23 [HTTP]: [RESPONSE] GET /user/testuser_EJDmEEUB - Status: 200
2026-08-03 21:56:23 [HTTP]: [REQUEST] GET /user/login?username=testuser_EJDmEEUB&password=password123
2026-08-03 21:56:23 [HTTP]: [RESPONSE] POST /store/order - Status: 200
2026-08-03 21:56:23 [ERROR]: [RESPONSE ERROR] 404 - Not Found
2026-08-03 21:56:23 [HTTP]: [REQUEST] GET /store/order/9223372016900076000
2026-08-03 21:56:23 [ERROR]: [RESPONSE ERROR] 404 - Not Found
2026-08-03 21:56:23 [HTTP]: [RESPONSE] GET /user/login?username=testuser_EJDmEEUB&password=password123 - Status: 200
2026-08-03 21:56:23 [HTTP]: [REQUEST] GET /user/logout
2026-08-03 21:56:23 [ERROR]: [RESPONSE ERROR] 404 - Not Found
2026-08-03 21:56:23 [HTTP]: [RESPONSE] GET /user/logout - Status: 200
2026-08-03 21:56:23 [HTTP]: [REQUEST] PUT /user/testuser_EJDmEEUB
2026-08-03 21:56:23 [DEBUG]: [REQUEST BODY] {"username":"testuser_EJDmEEUB","firstName":"Updated","lastName":"Name","email":"Virgil.Smith26@gmail.com","password":"newpassword123","phone":"(265) 615-2702 x91516","userStatus":1}
2026-08-03 21:56:23 [HTTP]: [RESPONSE] PUT /user/testuser_EJDmEEUB - Status: 200
2026-08-03 21:56:25 [HTTP]: [REQUEST] GET /pet/1
2026-08-03 21:56:26 [HTTP]: [REQUEST] DELETE /user/testuser_KOa0TI3j
2026-08-03 21:56:26 [HTTP]: [REQUEST] GET /store/order/1
2026-08-03 21:56:28 [HTTP]: [RESPONSE] GET /pet/1 - Status: 200
2026-08-03 21:56:28 [HTTP]: [REQUEST] GET /pet/findByStatus?status=available
2026-08-03 21:56:28 [ERROR]: [RESPONSE ERROR] 404 - Not Found
2026-08-03 21:56:28 [HTTP]: [RESPONSE] GET /store/order/1 - Status: 200
2026-08-03 21:56:28 [HTTP]: [REQUEST] GET /store/order/999999
2026-08-03 21:56:29 [HTTP]: [RESPONSE] GET /pet/findByStatus?status=available - Status: 200
2026-08-03 21:56:29 [ERROR]: [RESPONSE ERROR] 404 - Not Found
2026-08-03 21:56:29 [HTTP]: [REQUEST] GET /pet/findByStatus?status=pending
2026-08-03 21:56:29 [HTTP]: [RESPONSE] GET /pet/findByStatus?status=pending - Status: 200
2026-08-03 21:56:29 [HTTP]: [REQUEST] GET /pet/findByStatus?status=sold
2026-08-03 21:56:29 [HTTP]: [RESPONSE] GET /pet/findByStatus?status=sold - Status: 200
2026-08-03 21:56:29 [HTTP]: [REQUEST] GET /pet/1
2026-08-03 21:56:30 [HTTP]: [RESPONSE] GET /pet/1 - Status: 200
2026-08-03 21:56:30 [HTTP]: [REQUEST] PUT /pet
2026-08-03 21:56:30 [DEBUG]: [REQUEST BODY] {"id":1,"category":{"id":1,"name":"cat"},"name":"Updated dog","photoUrls":[],"tags":[],"status":"sold"}
2026-08-03 21:56:30 [HTTP]: [REQUEST] DELETE /user/testuser_exLIKUlz
2026-08-03 21:56:30 [HTTP]: [RESPONSE] PUT /pet - Status: 200
2026-08-03 21:56:32 [ERROR]: [RESPONSE ERROR] 404 - Not Found
2026-08-03 21:57:37 [HTTP]: [REQUEST] GET /pet/999999999
2026-08-03 21:57:37 [HTTP]: [REQUEST] POST /pet
2026-08-03 21:57:37 [DEBUG]: [REQUEST BODY] {"name":"English Shepherd","photoUrls":["https://example.com/photo1.jpg","https://example.com/photo2.jpg"],"category":{"id":1,"name":"Dogs"},"tags":[{"id":1,"name":"friendly"},{"id":2,"name":"trained"}],"status":"available"}
2026-08-03 21:57:37 [HTTP]: [REQUEST] POST /user
2026-08-03 21:57:37 [HTTP]: [REQUEST] POST /user/createWithArray
2026-08-03 21:57:37 [DEBUG]: [REQUEST BODY] [{"username":"user1_o253cS","firstName":"Jalen","lastName":"Herman","email":"Freida.Kilback@yahoo.com","password":"dY972Xx963oBP0o"},{"username":"user2_IhOvbV","firstName":"Rosendo","lastName":"Lang-Johnston","email":"Blanche.Schoen3@hotmail.com","password":"6aNZmW4q1ZRdfoh"}]
2026-08-03 21:57:37 [DEBUG]: [REQUEST BODY] {"username":"testuser_pEkyFN4Y","firstName":"Sigurd","lastName":"Walker","email":"Darrell_Brown@yahoo.com","password":"w6Evv_tIpRVTMC2","phone":"670-781-3291 x1841","userStatus":1}
2026-08-03 21:57:40 [ERROR]: [RESPONSE ERROR] 404 - Not Found
2026-08-03 21:57:40 [HTTP]: [RESPONSE] POST /pet - Status: 200
2026-08-03 21:57:40 [HTTP]: [REQUEST] GET /store/inventory
2026-08-03 21:57:40 [HTTP]: [RESPONSE] POST /user/createWithArray - Status: 200
2026-08-03 21:57:40 [HTTP]: [REQUEST] GET /user/nonexistentuser999999
2026-08-03 21:57:40 [HTTP]: [REQUEST] GET /pet/1
2026-08-03 21:57:40 [HTTP]: [RESPONSE] POST /user - Status: 200
2026-08-03 21:57:40 [HTTP]: [REQUEST] GET /user/testuser_pEkyFN4Y
2026-08-03 21:57:40 [HTTP]: [RESPONSE] GET /store/inventory - Status: 200
2026-08-03 21:57:40 [HTTP]: [REQUEST] POST /store/order
2026-08-03 21:57:40 [DEBUG]: [REQUEST BODY] {"petId":1,"quantity":1,"shipDate":"2026-08-03T16:27:40.577Z","status":"placed","complete":false}
2026-08-03 21:57:40 [ERROR]: [RESPONSE ERROR] 404 - Not Found
2026-08-03 21:57:40 [ERROR]: [RESPONSE ERROR] 404 - Not Found
2026-08-03 21:57:40 [HTTP]: [REQUEST] DELETE /user/testuser_gOJJNy1S
2026-08-03 21:57:40 [HTTP]: [RESPONSE] POST /store/order - Status: 200
2026-08-03 21:57:40 [HTTP]: [REQUEST] GET /store/order/5
2026-08-03 21:57:40 [HTTP]: [RESPONSE] GET /user/testuser_pEkyFN4Y - Status: 200
2026-08-03 21:57:40 [ERROR]: [RESPONSE ERROR] 404 - Not Found
2026-08-03 21:57:40 [HTTP]: [REQUEST] GET /user/login?username=testuser_pEkyFN4Y&password=password123
2026-08-03 21:57:41 [ERROR]: [RESPONSE ERROR] 404 - Not Found
2026-08-03 21:57:41 [HTTP]: [REQUEST] POST /store/order
2026-08-03 21:57:41 [DEBUG]: [REQUEST BODY] {"petId":1,"quantity":1,"status":"placed"}
2026-08-03 21:57:41 [HTTP]: [RESPONSE] GET /user/login?username=testuser_pEkyFN4Y&password=password123 - Status: 200
2026-08-03 21:57:41 [HTTP]: [REQUEST] GET /user/logout
2026-08-03 21:57:41 [HTTP]: [RESPONSE] POST /store/order - Status: 200
2026-08-03 21:57:41 [HTTP]: [REQUEST] GET /store/order/9223372016900076000
2026-08-03 21:57:41 [HTTP]: [RESPONSE] GET /user/logout - Status: 200
2026-08-03 21:57:41 [HTTP]: [REQUEST] PUT /user/testuser_pEkyFN4Y
2026-08-03 21:57:41 [DEBUG]: [REQUEST BODY] {"username":"testuser_pEkyFN4Y","firstName":"Updated","lastName":"Name","email":"Stanford.Bergstrom@gmail.com","password":"newpassword123","phone":"1-242-533-7587","userStatus":1}
2026-08-03 21:57:41 [ERROR]: [RESPONSE ERROR] 404 - Not Found
2026-08-03 21:57:41 [HTTP]: [RESPONSE] PUT /user/testuser_pEkyFN4Y - Status: 200
2026-08-03 21:57:42 [HTTP]: [REQUEST] GET /pet/1
2026-08-03 21:57:43 [HTTP]: [REQUEST] GET /store/order/5
2026-08-03 21:57:44 [ERROR]: [RESPONSE ERROR] 404 - Not Found
2026-08-03 21:57:46 [ERROR]: [RESPONSE ERROR] 404 - Not Found
2026-08-03 21:57:46 [HTTP]: [REQUEST] POST /store/order
2026-08-03 21:57:46 [DEBUG]: [REQUEST BODY] {"petId":1,"quantity":1,"status":"placed"}
2026-08-03 21:57:46 [HTTP]: [REQUEST] GET /pet/1
2026-08-03 21:57:46 [HTTP]: [RESPONSE] POST /store/order - Status: 200
2026-08-03 21:57:46 [HTTP]: [REQUEST] GET /store/order/9223372016900076000
2026-08-03 21:57:46 [ERROR]: [RESPONSE ERROR] 404 - Not Found
2026-08-03 21:57:47 [HTTP]: [REQUEST] GET /store/order/5
2026-08-03 21:57:48 [ERROR]: [RESPONSE ERROR] 404 - Not Found
2026-08-03 21:57:50 [ERROR]: [RESPONSE ERROR] 404 - Not Found
2026-08-03 21:57:50 [HTTP]: [REQUEST] POST /store/order
2026-08-03 21:57:50 [DEBUG]: [REQUEST BODY] {"petId":1,"quantity":1,"status":"placed"}
2026-08-03 21:57:50 [HTTP]: [RESPONSE] POST /store/order - Status: 200
2026-08-03 21:57:50 [HTTP]: [REQUEST] GET /store/order/9223372016900076000
2026-08-03 21:57:50 [ERROR]: [RESPONSE ERROR] 404 - Not Found
2026-08-03 21:57:51 [HTTP]: [REQUEST] GET /pet/findByStatus?status=available
2026-08-03 21:57:52 [HTTP]: [REQUEST] GET /store/order/999999
2026-08-03 21:57:53 [HTTP]: [RESPONSE] GET /pet/findByStatus?status=available - Status: 200
2026-08-03 21:57:53 [HTTP]: [REQUEST] GET /pet/findByStatus?status=pending
2026-08-03 21:57:54 [HTTP]: [RESPONSE] GET /pet/findByStatus?status=pending - Status: 200
2026-08-03 21:57:54 [HTTP]: [REQUEST] GET /pet/findByStatus?status=sold
2026-08-03 21:57:54 [HTTP]: [RESPONSE] GET /pet/findByStatus?status=sold - Status: 200
2026-08-03 21:57:54 [HTTP]: [REQUEST] GET /pet/1
2026-08-03 21:57:54 [ERROR]: [RESPONSE ERROR] 404 - Not Found
2026-08-03 21:57:55 [ERROR]: [RESPONSE ERROR] 404 - Not Found
2026-08-03 21:57:56 [HTTP]: [REQUEST] GET /pet/1
2026-08-03 21:57:59 [ERROR]: [RESPONSE ERROR] 404 - Not Found
2026-08-03 21:58:00 [HTTP]: [REQUEST] GET /pet/1
2026-08-03 21:58:02 [ERROR]: [RESPONSE ERROR] 404 - Not Found
2026-08-03 21:58:58 [HTTP]: [REQUEST] POST /pet
2026-08-03 21:58:58 [DEBUG]: [REQUEST BODY] {"name":"Hovawart","photoUrls":["https://example.com/photo1.jpg","https://example.com/photo2.jpg"],"category":{"id":1,"name":"Dogs"},"tags":[{"id":1,"name":"friendly"},{"id":2,"name":"trained"}],"status":"available"}
2026-08-03 21:59:01 [HTTP]: [RESPONSE] POST /pet - Status: 200
2026-08-03 21:59:01 [HTTP]: [REQUEST] GET /pet/9223372036854776000
2026-08-03 21:59:01 [ERROR]: [RESPONSE ERROR] 404 - Not Found
2026-08-03 21:59:02 [HTTP]: [REQUEST] POST /pet
2026-08-03 21:59:02 [DEBUG]: [REQUEST BODY] {"name":"Phu Quoc Ridgeback","photoUrls":["https://example.com/photo.jpg"],"status":"available"}
2026-08-03 21:59:05 [HTTP]: [RESPONSE] POST /pet - Status: 200
2026-08-03 21:59:05 [HTTP]: [REQUEST] GET /pet/9223372036854776000
2026-08-03 21:59:05 [ERROR]: [RESPONSE ERROR] 404 - Not Found
2026-08-03 21:59:06 [HTTP]: [REQUEST] POST /pet
2026-08-03 21:59:06 [DEBUG]: [REQUEST BODY] {"name":"Greek Harehound","photoUrls":["https://example.com/photo.jpg"],"status":"available"}
2026-08-03 21:59:09 [HTTP]: [RESPONSE] POST /pet - Status: 200
2026-08-03 21:59:09 [HTTP]: [REQUEST] GET /pet/9223372036854776000
2026-08-03 21:59:09 [ERROR]: [RESPONSE ERROR] 404 - Not Found
2026-08-03 21:59:11 [HTTP]: [REQUEST] GET /pet/findByStatus?status=available
2026-08-03 21:59:14 [HTTP]: [RESPONSE] GET /pet/findByStatus?status=available - Status: 200
2026-08-03 21:59:14 [HTTP]: [REQUEST] GET /pet/findByStatus?status=pending
2026-08-03 21:59:14 [HTTP]: [RESPONSE] GET /pet/findByStatus?status=pending - Status: 200
2026-08-03 21:59:14 [HTTP]: [REQUEST] GET /pet/findByStatus?status=sold
2026-08-03 21:59:14 [HTTP]: [RESPONSE] GET /pet/findByStatus?status=sold - Status: 200
2026-08-03 21:59:14 [HTTP]: [REQUEST] GET /pet/999999999
2026-08-03 21:59:15 [ERROR]: [RESPONSE ERROR] 404 - Not Found
2026-08-03 21:59:15 [HTTP]: [REQUEST] GET /store/inventory
2026-08-03 21:59:15 [HTTP]: [RESPONSE] GET /store/inventory - Status: 200
2026-08-03 21:59:15 [HTTP]: [REQUEST] POST /store/order
2026-08-03 21:59:15 [DEBUG]: [REQUEST BODY] {"petId":1,"quantity":1,"shipDate":"2026-08-03T16:29:15.285Z","status":"placed","complete":false}
2026-08-03 21:59:15 [HTTP]: [RESPONSE] POST /store/order - Status: 200
2026-08-03 21:59:15 [HTTP]: [REQUEST] GET /store/order/9223372016900076000
2026-08-03 21:59:15 [ERROR]: [RESPONSE ERROR] 404 - Not Found
2026-08-03 21:59:17 [HTTP]: [REQUEST] POST /store/order
2026-08-03 21:59:17 [DEBUG]: [REQUEST BODY] {"petId":1,"quantity":1,"status":"placed"}
2026-08-03 21:59:20 [HTTP]: [RESPONSE] POST /store/order - Status: 200
2026-08-03 21:59:20 [HTTP]: [REQUEST] GET /store/order/9223372016900076000
2026-08-03 21:59:20 [ERROR]: [RESPONSE ERROR] 404 - Not Found
2026-08-03 21:59:21 [HTTP]: [REQUEST] POST /store/order
2026-08-03 21:59:21 [DEBUG]: [REQUEST BODY] {"petId":1,"quantity":1,"status":"placed"}
2026-08-03 21:59:23 [HTTP]: [RESPONSE] POST /store/order - Status: 200
2026-08-03 21:59:23 [HTTP]: [REQUEST] GET /store/order/9223372016900076000
2026-08-03 21:59:24 [ERROR]: [RESPONSE ERROR] 404 - Not Found
2026-08-03 21:59:25 [HTTP]: [REQUEST] GET /store/order/999999
2026-08-03 21:59:28 [ERROR]: [RESPONSE ERROR] 404 - Not Found
2026-08-03 21:59:28 [HTTP]: [REQUEST] POST /user
2026-08-03 21:59:28 [DEBUG]: [REQUEST BODY] {"username":"testuser_TYIgxsFv","firstName":"Zander","lastName":"Runolfsdottir","email":"Nathanael.Wuckert42@hotmail.com","password":"3Yohd6OGsSyzNsi","phone":"(510) 487-6255","userStatus":1}
2026-08-03 21:59:28 [HTTP]: [RESPONSE] POST /user - Status: 200
2026-08-03 21:59:28 [HTTP]: [REQUEST] GET /user/testuser_TYIgxsFv
2026-08-03 21:59:28 [HTTP]: [RESPONSE] GET /user/testuser_TYIgxsFv - Status: 200
2026-08-03 21:59:28 [HTTP]: [REQUEST] GET /user/login?username=testuser_TYIgxsFv&password=password123
2026-08-03 21:59:28 [HTTP]: [RESPONSE] GET /user/login?username=testuser_TYIgxsFv&password=password123 - Status: 200
2026-08-03 21:59:28 [HTTP]: [REQUEST] GET /user/logout
2026-08-03 21:59:29 [HTTP]: [RESPONSE] GET /user/logout - Status: 200
2026-08-03 21:59:29 [HTTP]: [REQUEST] PUT /user/testuser_TYIgxsFv
2026-08-03 21:59:29 [DEBUG]: [REQUEST BODY] {"username":"testuser_TYIgxsFv","firstName":"Updated","lastName":"Name","email":"Elenora91@yahoo.com","password":"newpassword123","phone":"(498) 683-8647 x30932","userStatus":1}
2026-08-03 21:59:29 [HTTP]: [RESPONSE] PUT /user/testuser_TYIgxsFv - Status: 200
2026-08-03 21:59:29 [HTTP]: [REQUEST] POST /user/createWithArray
2026-08-03 21:59:29 [DEBUG]: [REQUEST BODY] [{"username":"user1_kd5QFb","firstName":"Myrl","lastName":"MacGyver","email":"Clyde_Koelpin@yahoo.com","password":"z6YwPdbljUBsoKe"},{"username":"user2_r7zmA1","firstName":"Shanie","lastName":"Cartwright","email":"Tyreek_Littel70@gmail.com","password":"Aiktozmo2ysNO47"}]
2026-08-03 21:59:29 [HTTP]: [RESPONSE] POST /user/createWithArray - Status: 200
2026-08-03 21:59:29 [HTTP]: [REQUEST] GET /user/nonexistentuser999999
2026-08-03 21:59:29 [ERROR]: [RESPONSE ERROR] 404 - Not Found
2026-08-03 21:59:29 [HTTP]: [REQUEST] DELETE /user/testuser_TYIgxsFv
2026-08-03 21:59:30 [HTTP]: [RESPONSE] DELETE /user/testuser_TYIgxsFv - Status: 200
2026-08-03 22:00:13 [HTTP]: [REQUEST] POST /pet
2026-08-03 22:00:13 [DEBUG]: [REQUEST BODY] {"name":"Gordon Setter","photoUrls":["https://example.com/photo1.jpg","https://example.com/photo2.jpg"],"category":{"id":1,"name":"Dogs"},"tags":[{"id":1,"name":"friendly"},{"id":2,"name":"trained"}],"status":"available"}
2026-08-03 22:00:15 [HTTP]: [RESPONSE] POST /pet - Status: 200
2026-08-03 22:00:16 [HTTP]: [REQUEST] POST /pet
2026-08-03 22:00:16 [DEBUG]: [REQUEST BODY] {"id":635,"name":"Bucovina Shepherd Dog","photoUrls":["https://example.com/photo.jpg"],"status":"available"}
2026-08-03 22:00:16 [HTTP]: [RESPONSE] POST /pet - Status: 200
2026-08-03 22:00:16 [HTTP]: [REQUEST] GET /pet/635
2026-08-03 22:00:16 [HTTP]: [RESPONSE] GET /pet/635 - Status: 200
2026-08-03 22:00:16 [HTTP]: [REQUEST] GET /pet/findByStatus?status=available
2026-08-03 22:00:17 [HTTP]: [RESPONSE] GET /pet/findByStatus?status=available - Status: 200
2026-08-03 22:00:17 [HTTP]: [REQUEST] GET /pet/findByStatus?status=pending
2026-08-03 22:00:17 [HTTP]: [RESPONSE] GET /pet/findByStatus?status=pending - Status: 200
2026-08-03 22:00:17 [HTTP]: [REQUEST] GET /pet/findByStatus?status=sold
2026-08-03 22:00:17 [HTTP]: [RESPONSE] GET /pet/findByStatus?status=sold - Status: 200
2026-08-03 22:00:17 [HTTP]: [REQUEST] GET /pet/9223372036854776000
2026-08-03 22:00:18 [ERROR]: [RESPONSE ERROR] 404 - Not Found
2026-08-03 22:00:19 [HTTP]: [REQUEST] GET /pet/999999999
2026-08-03 22:00:22 [ERROR]: [RESPONSE ERROR] 404 - Not Found
2026-08-03 22:00:22 [HTTP]: [REQUEST] GET /store/inventory
2026-08-03 22:00:22 [HTTP]: [RESPONSE] GET /store/inventory - Status: 200
2026-08-03 22:00:22 [HTTP]: [REQUEST] POST /store/order
2026-08-03 22:00:22 [DEBUG]: [REQUEST BODY] {"petId":1,"quantity":1,"shipDate":"2026-08-03T16:30:22.706Z","status":"placed","complete":false}
2026-08-03 22:00:22 [HTTP]: [RESPONSE] POST /store/order - Status: 200
2026-08-03 22:00:22 [HTTP]: [REQUEST] POST /store/order
2026-08-03 22:00:22 [DEBUG]: [REQUEST BODY] {"id":252,"petId":1,"quantity":1,"status":"placed"}
2026-08-03 22:00:23 [HTTP]: [RESPONSE] POST /store/order - Status: 200
2026-08-03 22:00:23 [HTTP]: [REQUEST] GET /store/order/252
2026-08-03 22:00:23 [HTTP]: [RESPONSE] GET /store/order/252 - Status: 200
2026-08-03 22:00:23 [HTTP]: [REQUEST] GET /store/order/999999
2026-08-03 22:00:23 [ERROR]: [RESPONSE ERROR] 404 - Not Found
2026-08-03 22:00:23 [HTTP]: [REQUEST] DELETE /store/order/9223372016900076000
2026-08-03 22:00:24 [ERROR]: [RESPONSE ERROR] 404 - Not Found
2026-08-03 22:00:24 [HTTP]: [REQUEST] POST /user
2026-08-03 22:00:24 [DEBUG]: [REQUEST BODY] {"username":"testuser_uhLqIwKz","firstName":"Vivien","lastName":"Maggio","email":"Fleta66@gmail.com","password":"Lrtq58ntVU4LHF1","phone":"1-225-684-7942 x05936","userStatus":1}
2026-08-03 22:00:24 [HTTP]: [RESPONSE] POST /user - Status: 200
2026-08-03 22:00:24 [HTTP]: [REQUEST] GET /user/testuser_uhLqIwKz
2026-08-03 22:00:24 [HTTP]: [RESPONSE] GET /user/testuser_uhLqIwKz - Status: 200
2026-08-03 22:00:24 [HTTP]: [REQUEST] GET /user/login?username=testuser_uhLqIwKz&password=password123
2026-08-03 22:00:24 [HTTP]: [RESPONSE] GET /user/login?username=testuser_uhLqIwKz&password=password123 - Status: 200
2026-08-03 22:00:24 [HTTP]: [REQUEST] GET /user/logout
2026-08-03 22:00:25 [HTTP]: [RESPONSE] GET /user/logout - Status: 200
2026-08-03 22:00:25 [HTTP]: [REQUEST] PUT /user/testuser_uhLqIwKz
2026-08-03 22:00:25 [DEBUG]: [REQUEST BODY] {"username":"testuser_uhLqIwKz","firstName":"Updated","lastName":"Name","email":"Demarcus81@hotmail.com","password":"newpassword123","phone":"620.503.8021","userStatus":1}
2026-08-03 22:00:25 [HTTP]: [RESPONSE] PUT /user/testuser_uhLqIwKz - Status: 200
2026-08-03 22:00:25 [HTTP]: [REQUEST] POST /user/createWithArray
2026-08-03 22:00:25 [DEBUG]: [REQUEST BODY] [{"username":"user1_Po9jFT","firstName":"Sanford","lastName":"Bailey","email":"Dayana_Olson67@gmail.com","password":"0t7CWMIFDfG3lvt"},{"username":"user2_sI2oUa","firstName":"Randy","lastName":"Beahan","email":"Enola_Ward@yahoo.com","password":"46JOEB0M5MjYhnL"}]
2026-08-03 22:00:25 [HTTP]: [RESPONSE] POST /user/createWithArray - Status: 200
2026-08-03 22:00:25 [HTTP]: [REQUEST] GET /user/nonexistentuser999999
2026-08-03 22:00:25 [ERROR]: [RESPONSE ERROR] 404 - Not Found
2026-08-03 22:00:25 [HTTP]: [REQUEST] DELETE /user/testuser_uhLqIwKz
2026-08-03 22:00:26 [HTTP]: [RESPONSE] DELETE /user/testuser_uhLqIwKz - Status: 200
2026-08-03 22:01:04 [HTTP]: [REQUEST] GET /products/search?q=xyznonexistentproduct12345
2026-08-03 22:01:04 [HTTP]: [REQUEST] GET /products/1
2026-08-03 22:01:04 [HTTP]: [REQUEST] POST /auth/login
2026-08-03 22:01:04 [DEBUG]: [REQUEST BODY] {"username":"emilys","password":"emilyspass"}
2026-08-03 22:01:04 [HTTP]: [REQUEST] GET /users/999999
2026-08-03 22:01:06 [HTTP]: [RESPONSE] GET /products/1 - Status: 200
2026-08-03 22:01:06 [HTTP]: [REQUEST] GET /products/999999
2026-08-03 22:01:06 [ERROR]: [RESPONSE ERROR] 404 - Not Found
2026-08-03 22:01:06 [ERROR]: [RESPONSE ERROR] 404 - Not Found
2026-08-03 22:01:06 [HTTP]: [REQUEST] GET /products/search?q=phone
2026-08-03 22:01:06 [HTTP]: [REQUEST] GET /posts
2026-08-03 22:01:06 [HTTP]: [RESPONSE] POST /auth/login - Status: 200
2026-08-03 22:01:06 [HTTP]: [REQUEST] POST /auth/login
2026-08-03 22:01:06 [DEBUG]: [REQUEST BODY] {"username":"invalid_user","password":"wrong_password"}
2026-08-03 22:01:07 [HTTP]: [RESPONSE] GET /products/search?q=phone - Status: 200
2026-08-03 22:01:07 [HTTP]: [REQUEST] DELETE /posts/1
2026-08-03 22:01:07 [ERROR]: [RESPONSE ERROR] 400 - Bad Request
2026-08-03 22:01:07 [HTTP]: [REQUEST] GET /products
2026-08-03 22:01:07 [HTTP]: [RESPONSE] GET /products - Status: 200
2026-08-03 22:01:07 [HTTP]: [RESPONSE] GET /products/search?q=xyznonexistentproduct12345 - Status: 200
2026-08-03 22:01:07 [HTTP]: [REQUEST] GET /users
2026-08-03 22:01:07 [HTTP]: [REQUEST] GET /users
2026-08-03 22:01:07 [HTTP]: [RESPONSE] GET /users - Status: 200
2026-08-03 22:01:07 [HTTP]: [REQUEST] GET /users/1
2026-08-03 22:01:07 [HTTP]: [RESPONSE] GET /users/1 - Status: 200
2026-08-03 22:01:07 [HTTP]: [REQUEST] GET /todos?userId=1
2026-08-03 22:01:08 [HTTP]: [RESPONSE] GET /posts - Status: 200
2026-08-03 22:01:08 [HTTP]: [REQUEST] GET /posts/1
2026-08-03 22:01:08 [HTTP]: [RESPONSE] GET /posts/1 - Status: 200
2026-08-03 22:01:08 [HTTP]: [REQUEST] POST /posts
2026-08-03 22:01:08 [DEBUG]: [REQUEST BODY] {"title":"Test Post from Playwright Framework","body":"This is a test post created during API testing","userId":1}
2026-08-03 22:01:09 [HTTP]: [RESPONSE] POST /posts - Status: 201
2026-08-03 22:01:09 [HTTP]: [REQUEST] PUT /posts/1
2026-08-03 22:01:09 [DEBUG]: [REQUEST BODY] {"title":"Updated Post Title","body":"Updated post body content","userId":1}
2026-08-03 22:01:09 [HTTP]: [RESPONSE] DELETE /posts/1 - Status: 200
2026-08-03 22:01:09 [HTTP]: [REQUEST] GET /posts/1/comments
2026-08-03 22:01:09 [HTTP]: [RESPONSE] GET /posts/1/comments - Status: 200
2026-08-03 22:01:09 [HTTP]: [RESPONSE] GET /todos?userId=1 - Status: 200
2026-08-03 22:01:09 [HTTP]: [REQUEST] GET /comments
2026-08-03 22:01:09 [HTTP]: [REQUEST] POST /todos
2026-08-03 22:01:09 [DEBUG]: [REQUEST BODY] {"title":"Test API automation framework","completed":false,"userId":1}
2026-08-03 22:01:09 [HTTP]: [RESPONSE] GET /users - Status: 200
2026-08-03 22:01:09 [HTTP]: [RESPONSE] GET /comments - Status: 200
2026-08-03 22:01:09 [HTTP]: [REQUEST] GET /comments/1
2026-08-03 22:01:09 [HTTP]: [REQUEST] GET /users/1
2026-08-03 22:01:09 [HTTP]: [RESPONSE] GET /users/1 - Status: 200
2026-08-03 22:01:09 [HTTP]: [RESPONSE] GET /comments/1 - Status: 200
2026-08-03 22:01:09 [HTTP]: [REQUEST] GET /comments?postId=2
2026-08-03 22:01:09 [HTTP]: [REQUEST] GET /users/1/posts
2026-08-03 22:01:09 [HTTP]: [RESPONSE] GET /comments?postId=2 - Status: 200
2026-08-03 22:01:09 [HTTP]: [RESPONSE] GET /users/1/posts - Status: 200
2026-08-03 22:01:09 [HTTP]: [REQUEST] GET /todos
2026-08-03 22:01:09 [HTTP]: [RESPONSE] PUT /posts/1 - Status: 200
2026-08-03 22:01:09 [HTTP]: [REQUEST] PATCH /posts/1
2026-08-03 22:01:09 [DEBUG]: [REQUEST BODY] {"title":"Patched Title Only"}
2026-08-03 22:01:10 [HTTP]: [RESPONSE] GET /todos - Status: 200
2026-08-03 22:01:10 [HTTP]: [REQUEST] GET /todos/1
2026-08-03 22:01:10 [HTTP]: [RESPONSE] GET /todos/1 - Status: 200
2026-08-03 22:01:10 [HTTP]: [RESPONSE] PATCH /posts/1 - Status: 200
2026-08-03 22:01:10 [HTTP]: [RESPONSE] POST /todos - Status: 201
2026-08-03 22:01:10 [HTTP]: [REQUEST] GET /albums
2026-08-03 22:01:10 [HTTP]: [RESPONSE] GET /albums - Status: 200
2026-08-03 22:01:10 [HTTP]: [REQUEST] GET /albums/1
2026-08-03 22:01:10 [HTTP]: [RESPONSE] GET /albums/1 - Status: 200
2026-08-03 22:01:10 [HTTP]: [REQUEST] GET /albums/1/photos
2026-08-03 22:01:10 [HTTP]: [REQUEST] POST /pet
2026-08-03 22:01:10 [HTTP]: [RESPONSE] GET /albums/1/photos - Status: 200
2026-08-03 22:01:10 [DEBUG]: [REQUEST BODY] {"name":"American Bulldog","photoUrls":["https://example.com/photo1.jpg","https://example.com/photo2.jpg"],"category":{"id":1,"name":"Dogs"},"tags":[{"id":1,"name":"friendly"},{"id":2,"name":"trained"}],"status":"available"}
2026-08-03 22:01:11 [HTTP]: [REQUEST] GET /pet/999999999
2026-08-03 22:01:11 [HTTP]: [REQUEST] POST /user
2026-08-03 22:01:11 [DEBUG]: [REQUEST BODY] {"username":"testuser_RwCLf9Gv","firstName":"Bartholome","lastName":"Friesen","email":"Leonardo.OKon@yahoo.com","password":"IeukCWAtq9YOBZs","phone":"926-631-9039 x00312","userStatus":1}
2026-08-03 22:01:11 [HTTP]: [REQUEST] POST /user/createWithArray
2026-08-03 22:01:11 [DEBUG]: [REQUEST BODY] [{"username":"user1_OFKijM","firstName":"Clarabelle","lastName":"Waters-Wilkinson","email":"Laila_Gerhold26@gmail.com","password":"TtrctAiFIMDpjpo"},{"username":"user2_BOdMw2","firstName":"Linwood","lastName":"Von","email":"Arnold.Frami5@gmail.com","password":"P9RpGGIOCcmF3wN"}]
2026-08-03 22:01:13 [HTTP]: [RESPONSE] POST /pet - Status: 200
2026-08-03 22:01:13 [HTTP]: [REQUEST] POST /pet
2026-08-03 22:01:13 [DEBUG]: [REQUEST BODY] {"id":691,"name":"Bully Kutta","photoUrls":["https://example.com/photo.jpg"],"status":"available"}
2026-08-03 22:01:13 [ERROR]: [RESPONSE ERROR] 404 - Not Found
2026-08-03 22:01:13 [HTTP]: [REQUEST] GET /store/inventory
2026-08-03 22:01:13 [HTTP]: [RESPONSE] POST /pet - Status: 200
2026-08-03 22:01:13 [HTTP]: [REQUEST] GET /pet/691
2026-08-03 22:01:13 [HTTP]: [RESPONSE] POST /user - Status: 200
2026-08-03 22:01:13 [HTTP]: [REQUEST] GET /user/testuser_RwCLf9Gv
2026-08-03 22:01:13 [HTTP]: [RESPONSE] GET /store/inventory - Status: 200
2026-08-03 22:01:13 [HTTP]: [RESPONSE] GET /pet/691 - Status: 200
2026-08-03 22:01:13 [HTTP]: [RESPONSE] GET /user/testuser_RwCLf9Gv - Status: 200
2026-08-03 22:01:13 [HTTP]: [REQUEST] GET /user/login?username=testuser_RwCLf9Gv&password=password123
2026-08-03 22:01:14 [HTTP]: [REQUEST] POST /store/order
2026-08-03 22:01:14 [DEBUG]: [REQUEST BODY] {"petId":1,"quantity":1,"shipDate":"2026-08-03T16:31:14.016Z","status":"placed","complete":false}
2026-08-03 22:01:14 [HTTP]: [REQUEST] GET /pet/findByStatus?status=available
2026-08-03 22:01:14 [HTTP]: [RESPONSE] POST /user/createWithArray - Status: 200
2026-08-03 22:01:14 [HTTP]: [RESPONSE] GET /user/login?username=testuser_RwCLf9Gv&password=password123 - Status: 200
2026-08-03 22:01:14 [HTTP]: [RESPONSE] POST /store/order - Status: 200
2026-08-03 22:01:14 [HTTP]: [REQUEST] GET /user/nonexistentuser999999
2026-08-03 22:01:14 [HTTP]: [REQUEST] GET /user/logout
2026-08-03 22:01:14 [HTTP]: [REQUEST] POST /store/order
2026-08-03 22:01:14 [DEBUG]: [REQUEST BODY] {"id":640,"petId":1,"quantity":1,"status":"placed"}
2026-08-03 22:01:14 [ERROR]: [RESPONSE ERROR] 404 - Not Found
2026-08-03 22:01:14 [HTTP]: [RESPONSE] GET /user/logout - Status: 200
2026-08-03 22:01:14 [HTTP]: [RESPONSE] POST /store/order - Status: 200
2026-08-03 22:01:14 [HTTP]: [REQUEST] GET /store/order/640
2026-08-03 22:01:14 [HTTP]: [REQUEST] PUT /user/testuser_RwCLf9Gv
2026-08-03 22:01:14 [HTTP]: [REQUEST] DELETE /user/testuser_Rkg7WPBT
2026-08-03 22:01:14 [DEBUG]: [REQUEST BODY] {"username":"testuser_RwCLf9Gv","firstName":"Updated","lastName":"Name","email":"Mackenzie99@gmail.com","password":"newpassword123","phone":"1-244-531-1892 x8640","userStatus":1}
2026-08-03 22:01:14 [HTTP]: [RESPONSE] GET /pet/findByStatus?status=available - Status: 200
2026-08-03 22:01:14 [HTTP]: [RESPONSE] GET /store/order/640 - Status: 200
2026-08-03 22:01:14 [ERROR]: [RESPONSE ERROR] 404 - Not Found
2026-08-03 22:01:14 [HTTP]: [RESPONSE] PUT /user/testuser_RwCLf9Gv - Status: 200
2026-08-03 22:01:14 [HTTP]: [REQUEST] GET /store/order/999999
2026-08-03 22:01:14 [HTTP]: [REQUEST] GET /pet/findByStatus?status=pending
2026-08-03 22:01:15 [ERROR]: [RESPONSE ERROR] 404 - Not Found
2026-08-03 22:01:15 [HTTP]: [RESPONSE] GET /pet/findByStatus?status=pending - Status: 200
2026-08-03 22:01:15 [HTTP]: [REQUEST] GET /pet/findByStatus?status=sold
2026-08-03 22:01:15 [HTTP]: [RESPONSE] GET /pet/findByStatus?status=sold - Status: 200
2026-08-03 22:01:15 [HTTP]: [REQUEST] POST /pet
2026-08-03 22:01:15 [DEBUG]: [REQUEST BODY] {"id":485,"name":"Dalmatian","photoUrls":["https://example.com/photo.jpg"],"status":"available"}
2026-08-03 22:01:16 [HTTP]: [RESPONSE] POST /pet - Status: 200
2026-08-03 22:01:16 [HTTP]: [REQUEST] GET /pet/485
2026-08-03 22:01:16 [HTTP]: [RESPONSE] GET /pet/485 - Status: 200
2026-08-03 22:01:16 [HTTP]: [REQUEST] PUT /pet
2026-08-03 22:01:16 [DEBUG]: [REQUEST BODY] {"id":485,"name":"Updated Dalmatian","photoUrls":["https://example.com/photo.jpg"],"tags":[],"status":"sold"}
2026-08-03 22:01:16 [HTTP]: [RESPONSE] PUT /pet - Status: 200
2026-08-03 22:03:08 [HTTP]: [REQUEST] POST /auth/login
2026-08-03 22:03:08 [DEBUG]: [REQUEST BODY] {"username":"emilys","password":"emilyspass"}
2026-08-03 22:03:08 [HTTP]: [REQUEST] GET /products/search?q=xyznonexistentproduct12345
2026-08-03 22:03:08 [HTTP]: [REQUEST] GET /users/999999
2026-08-03 22:03:08 [HTTP]: [REQUEST] GET /products/1
2026-08-03 22:03:09 [HTTP]: [RESPONSE] GET /products/1 - Status: 200
2026-08-03 22:03:09 [HTTP]: [REQUEST] GET /products/999999
2026-08-03 22:03:10 [HTTP]: [RESPONSE] GET /products/search?q=xyznonexistentproduct12345 - Status: 200
2026-08-03 22:03:10 [HTTP]: [RESPONSE] POST /auth/login - Status: 200
2026-08-03 22:03:10 [HTTP]: [REQUEST] GET /users
2026-08-03 22:03:10 [HTTP]: [REQUEST] POST /auth/login
2026-08-03 22:03:10 [DEBUG]: [REQUEST BODY] {"username":"invalid_user","password":"wrong_password"}
2026-08-03 22:03:10 [HTTP]: [RESPONSE] GET /users - Status: 200
2026-08-03 22:03:10 [HTTP]: [REQUEST] GET /users/1
2026-08-03 22:03:10 [ERROR]: [RESPONSE ERROR] 404 - Not Found
2026-08-03 22:03:10 [HTTP]: [REQUEST] GET /products/search?q=phone
2026-08-03 22:03:10 [ERROR]: [RESPONSE ERROR] 400 - Bad Request
2026-08-03 22:03:10 [HTTP]: [RESPONSE] GET /users/1 - Status: 200
2026-08-03 22:03:10 [HTTP]: [REQUEST] GET /products
2026-08-03 22:03:10 [HTTP]: [RESPONSE] GET /products - Status: 200
2026-08-03 22:03:10 [HTTP]: [RESPONSE] GET /products/search?q=phone - Status: 200
2026-08-03 22:03:10 [HTTP]: [REQUEST] POST /pet
2026-08-03 22:03:10 [DEBUG]: [REQUEST BODY] {"name":"Beagle","photoUrls":["https://example.com/photo1.jpg","https://example.com/photo2.jpg"],"category":{"id":1,"name":"Dogs"},"tags":[{"id":1,"name":"friendly"},{"id":2,"name":"trained"}],"status":"available"}
2026-08-03 22:03:10 [ERROR]: [RESPONSE ERROR] 404 - Not Found
2026-08-03 22:03:10 [HTTP]: [REQUEST] POST /user
2026-08-03 22:03:10 [DEBUG]: [REQUEST BODY] {"username":"testuser_wHvzxS3r","firstName":"Coty","lastName":"Kuphal","email":"Ettie.VonRueden@gmail.com","password":"dxJmrwOVEgbW2hW","phone":"1-504-206-1996 x796","userStatus":1}
2026-08-03 22:03:10 [HTTP]: [REQUEST] GET /pet/999999999
2026-08-03 22:03:11 [HTTP]: [REQUEST] POST /user/createWithArray
2026-08-03 22:03:11 [DEBUG]: [REQUEST BODY] [{"username":"user1_IGzXSO","firstName":"Meredith","lastName":"Roob","email":"Mckayla_Bradtke30@gmail.com","password":"KPJ2a0rxhSRx_99"},{"username":"user2_21zc89","firstName":"Kitty","lastName":"Hettinger","email":"Jennings0@yahoo.com","password":"KlgrTStXI9_M6ru"}]
2026-08-03 22:03:13 [HTTP]: [RESPONSE] POST /pet - Status: 200
2026-08-03 22:03:13 [HTTP]: [REQUEST] POST /pet
2026-08-03 22:03:13 [DEBUG]: [REQUEST BODY] {"id":105,"name":"Lupo Italiano","photoUrls":["https://example.com/photo.jpg"],"status":"available"}
2026-08-03 22:03:13 [HTTP]: [RESPONSE] POST /user - Status: 200
2026-08-03 22:03:13 [HTTP]: [REQUEST] GET /user/testuser_wHvzxS3r
2026-08-03 22:03:13 [ERROR]: [RESPONSE ERROR] 404 - Not Found
2026-08-03 22:03:13 [HTTP]: [REQUEST] GET /store/inventory
2026-08-03 22:03:13 [HTTP]: [RESPONSE] POST /pet - Status: 200
2026-08-03 22:03:13 [HTTP]: [REQUEST] GET /pet/105
2026-08-03 22:03:13 [HTTP]: [RESPONSE] GET /user/testuser_wHvzxS3r - Status: 200
2026-08-03 22:03:13 [HTTP]: [REQUEST] GET /user/login?username=testuser_wHvzxS3r&password=password123
2026-08-03 22:03:13 [HTTP]: [RESPONSE] POST /user/createWithArray - Status: 200
2026-08-03 22:03:13 [HTTP]: [REQUEST] GET /user/nonexistentuser999999
2026-08-03 22:03:14 [HTTP]: [RESPONSE] GET /store/inventory - Status: 200
2026-08-03 22:03:14 [HTTP]: [RESPONSE] GET /pet/105 - Status: 200
2026-08-03 22:03:14 [HTTP]: [RESPONSE] GET /user/login?username=testuser_wHvzxS3r&password=password123 - Status: 200
2026-08-03 22:03:14 [HTTP]: [REQUEST] GET /pet/findByStatus?status=available
2026-08-03 22:03:14 [HTTP]: [REQUEST] GET /user/logout
2026-08-03 22:03:14 [HTTP]: [REQUEST] POST /store/order
2026-08-03 22:03:14 [DEBUG]: [REQUEST BODY] {"petId":1,"quantity":1,"shipDate":"2026-08-03T16:33:14.034Z","status":"placed","complete":false}
2026-08-03 22:03:14 [ERROR]: [RESPONSE ERROR] 404 - Not Found
2026-08-03 22:03:14 [HTTP]: [REQUEST] DELETE /user/testuser_8SsMt1kL
2026-08-03 22:03:14 [HTTP]: [RESPONSE] GET /user/logout - Status: 200
2026-08-03 22:03:14 [HTTP]: [RESPONSE] POST /store/order - Status: 200
2026-08-03 22:03:14 [HTTP]: [REQUEST] PUT /user/testuser_wHvzxS3r
2026-08-03 22:03:14 [DEBUG]: [REQUEST BODY] {"username":"testuser_wHvzxS3r","firstName":"Updated","lastName":"Name","email":"Marcelo_McKenzie@hotmail.com","password":"newpassword123","phone":"(615) 221-6857 x4672","userStatus":1}
2026-08-03 22:03:14 [HTTP]: [REQUEST] POST /store/order
2026-08-03 22:03:14 [DEBUG]: [REQUEST BODY] {"id":521,"petId":1,"quantity":1,"status":"placed"}
2026-08-03 22:03:14 [ERROR]: [RESPONSE ERROR] 404 - Not Found
2026-08-03 22:03:14 [HTTP]: [RESPONSE] POST /store/order - Status: 200
2026-08-03 22:03:14 [HTTP]: [RESPONSE] PUT /user/testuser_wHvzxS3r - Status: 200
2026-08-03 22:03:14 [HTTP]: [RESPONSE] GET /pet/findByStatus?status=available - Status: 200
2026-08-03 22:03:14 [HTTP]: [REQUEST] GET /store/order/521
2026-08-03 22:03:14 [HTTP]: [REQUEST] GET /pet/findByStatus?status=pending
2026-08-03 22:03:14 [HTTP]: [RESPONSE] GET /store/order/521 - Status: 200
2026-08-03 22:03:14 [HTTP]: [REQUEST] GET /store/order/999999
2026-08-03 22:03:15 [HTTP]: [RESPONSE] GET /pet/findByStatus?status=pending - Status: 200
2026-08-03 22:03:15 [HTTP]: [REQUEST] GET /pet/findByStatus?status=sold
2026-08-03 22:03:15 [ERROR]: [RESPONSE ERROR] 404 - Not Found
2026-08-03 22:03:15 [HTTP]: [RESPONSE] GET /pet/findByStatus?status=sold - Status: 200
2026-08-03 22:03:15 [HTTP]: [REQUEST] POST /pet
2026-08-03 22:03:15 [DEBUG]: [REQUEST BODY] {"id":889,"name":"Cane di Oropa","photoUrls":["https://example.com/photo.jpg"],"status":"available"}
2026-08-03 22:03:15 [HTTP]: [RESPONSE] POST /pet - Status: 200
2026-08-03 22:03:15 [HTTP]: [REQUEST] GET /pet/889
2026-08-03 22:03:15 [HTTP]: [RESPONSE] GET /pet/889 - Status: 200
2026-08-03 22:03:15 [HTTP]: [REQUEST] PUT /pet
2026-08-03 22:03:15 [DEBUG]: [REQUEST BODY] {"id":889,"name":"Updated Cane di Oropa","photoUrls":["https://example.com/photo.jpg"],"tags":[],"status":"sold"}
2026-08-03 22:03:16 [HTTP]: [RESPONSE] PUT /pet - Status: 200
2026-08-03 22:03:16 [HTTP]: [REQUEST] POST /auth/login
2026-08-03 22:03:16 [DEBUG]: [REQUEST BODY] {"username":"emilys","password":"emilyspass"}
2026-08-03 22:03:16 [HTTP]: [REQUEST] GET /products/1
2026-08-03 22:03:16 [HTTP]: [REQUEST] GET /products/search?q=xyznonexistentproduct12345
2026-08-03 22:03:17 [HTTP]: [REQUEST] GET /users/999999
2026-08-03 22:03:18 [HTTP]: [RESPONSE] POST /auth/login - Status: 200
2026-08-03 22:03:18 [HTTP]: [RESPONSE] GET /products/1 - Status: 200
2026-08-03 22:03:18 [HTTP]: [REQUEST] POST /auth/login
2026-08-03 22:03:18 [HTTP]: [REQUEST] GET /products/999999
2026-08-03 22:03:18 [DEBUG]: [REQUEST BODY] {"username":"invalid_user","password":"wrong_password"}
2026-08-03 22:03:18 [ERROR]: [RESPONSE ERROR] 404 - Not Found
2026-08-03 22:03:18 [HTTP]: [REQUEST] GET /products/search?q=phone
2026-08-03 22:03:18 [ERROR]: [RESPONSE ERROR] 400 - Bad Request
2026-08-03 22:03:18 [HTTP]: [REQUEST] GET /products
2026-08-03 22:03:18 [HTTP]: [RESPONSE] GET /products - Status: 200
2026-08-03 22:03:18 [HTTP]: [RESPONSE] GET /products/search?q=phone - Status: 200
2026-08-03 22:03:18 [HTTP]: [REQUEST] POST /pet
2026-08-03 22:03:18 [DEBUG]: [REQUEST BODY] {"name":"Bichon Frisé","photoUrls":["https://example.com/photo1.jpg","https://example.com/photo2.jpg"],"category":{"id":1,"name":"Dogs"},"tags":[{"id":1,"name":"friendly"},{"id":2,"name":"trained"}],"status":"available"}
2026-08-03 22:03:18 [HTTP]: [RESPONSE] GET /products/search?q=xyznonexistentproduct12345 - Status: 200
2026-08-03 22:03:19 [HTTP]: [REQUEST] GET /users
2026-08-03 22:03:19 [HTTP]: [REQUEST] GET /pet/999999999
2026-08-03 22:03:19 [HTTP]: [RESPONSE] GET /users - Status: 200
2026-08-03 22:03:19 [HTTP]: [REQUEST] GET /users/1
2026-08-03 22:03:19 [HTTP]: [RESPONSE] GET /users/1 - Status: 200
2026-08-03 22:03:19 [ERROR]: [RESPONSE ERROR] 404 - Not Found
2026-08-03 22:03:19 [HTTP]: [REQUEST] POST /user
2026-08-03 22:03:19 [DEBUG]: [REQUEST BODY] {"username":"testuser_gEVHrhwz","firstName":"Felipa","lastName":"Littel","email":"Benton_Fay75@hotmail.com","password":"nD2UJqyXPFy8Qhh","phone":"(569) 447-1738 x97728","userStatus":1}
2026-08-03 22:03:20 [HTTP]: [REQUEST] POST /user/createWithArray
2026-08-03 22:03:20 [DEBUG]: [REQUEST BODY] [{"username":"user1_Q5fkGk","firstName":"Katherine","lastName":"Pfeffer","email":"Haven.Stoltenberg@hotmail.com","password":"BFFCzsbavhmqlcH"},{"username":"user2_NWtBmT","firstName":"Larue","lastName":"Kertzmann","email":"Kenneth.Renner79@gmail.com","password":"msciErz07R__0_A"}]
2026-08-03 22:03:21 [HTTP]: [RESPONSE] POST /pet - Status: 200
2026-08-03 22:03:21 [HTTP]: [REQUEST] POST /pet
2026-08-03 22:03:21 [DEBUG]: [REQUEST BODY] {"id":128,"name":"Russian Toy","photoUrls":["https://example.com/photo.jpg"],"status":"available"}
2026-08-03 22:03:21 [ERROR]: [RESPONSE ERROR] 404 - Not Found
2026-08-03 22:03:21 [HTTP]: [REQUEST] GET /store/inventory
2026-08-03 22:03:21 [HTTP]: [RESPONSE] POST /pet - Status: 200
2026-08-03 22:03:21 [HTTP]: [REQUEST] GET /pet/128
2026-08-03 22:03:21 [HTTP]: [RESPONSE] GET /store/inventory - Status: 200
2026-08-03 22:03:21 [HTTP]: [RESPONSE] GET /pet/128 - Status: 200
2026-08-03 22:03:21 [HTTP]: [REQUEST] POST /store/order
2026-08-03 22:03:21 [DEBUG]: [REQUEST BODY] {"petId":1,"quantity":1,"shipDate":"2026-08-03T16:33:21.871Z","status":"placed","complete":false}
2026-08-03 22:03:21 [HTTP]: [REQUEST] GET /pet/findByStatus?status=available
2026-08-03 22:03:22 [HTTP]: [RESPONSE] POST /store/order - Status: 200
2026-08-03 22:03:22 [HTTP]: [REQUEST] POST /store/order
2026-08-03 22:03:22 [DEBUG]: [REQUEST BODY] {"id":721,"petId":1,"quantity":1,"status":"placed"}
2026-08-03 22:03:22 [HTTP]: [RESPONSE] POST /user - Status: 200
2026-08-03 22:03:22 [HTTP]: [REQUEST] GET /user/testuser_gEVHrhwz
2026-08-03 22:03:22 [HTTP]: [RESPONSE] GET /pet/findByStatus?status=available - Status: 200
2026-08-03 22:03:22 [HTTP]: [RESPONSE] POST /store/order - Status: 200
2026-08-03 22:03:22 [HTTP]: [REQUEST] GET /store/order/721
2026-08-03 22:03:22 [HTTP]: [REQUEST] GET /pet/findByStatus?status=pending
2026-08-03 22:03:22 [HTTP]: [RESPONSE] GET /user/testuser_gEVHrhwz - Status: 200
2026-08-03 22:03:22 [HTTP]: [REQUEST] GET /user/login?username=testuser_gEVHrhwz&password=password123
2026-08-03 22:03:22 [HTTP]: [RESPONSE] POST /user/createWithArray - Status: 200
2026-08-03 22:03:22 [HTTP]: [REQUEST] GET /user/nonexistentuser999999
2026-08-03 22:03:22 [HTTP]: [RESPONSE] GET /store/order/721 - Status: 200
2026-08-03 22:03:22 [HTTP]: [REQUEST] GET /store/order/999999
2026-08-03 22:03:22 [HTTP]: [RESPONSE] GET /user/login?username=testuser_gEVHrhwz&password=password123 - Status: 200
2026-08-03 22:03:22 [HTTP]: [REQUEST] GET /user/logout
2026-08-03 22:03:22 [HTTP]: [RESPONSE] GET /pet/findByStatus?status=pending - Status: 200
2026-08-03 22:03:22 [HTTP]: [REQUEST] GET /pet/findByStatus?status=sold
2026-08-03 22:03:22 [ERROR]: [RESPONSE ERROR] 404 - Not Found
2026-08-03 22:03:22 [HTTP]: [REQUEST] DELETE /user/testuser_3OUlwBzU
2026-08-03 22:03:22 [ERROR]: [RESPONSE ERROR] 404 - Not Found
2026-08-03 22:03:22 [HTTP]: [RESPONSE] GET /user/logout - Status: 200
2026-08-03 22:03:22 [HTTP]: [REQUEST] PUT /user/testuser_gEVHrhwz
2026-08-03 22:03:22 [DEBUG]: [REQUEST BODY] {"username":"testuser_gEVHrhwz","firstName":"Updated","lastName":"Name","email":"Jackson.Kling@gmail.com","password":"newpassword123","phone":"984-898-5802 x791","userStatus":1}
2026-08-03 22:03:23 [ERROR]: [RESPONSE ERROR] 404 - Not Found
2026-08-03 22:03:23 [HTTP]: [RESPONSE] GET /pet/findByStatus?status=sold - Status: 200
2026-08-03 22:03:23 [HTTP]: [REQUEST] POST /pet
2026-08-03 22:03:23 [DEBUG]: [REQUEST BODY] {"id":335,"name":"Alopekis","photoUrls":["https://example.com/photo.jpg"],"status":"available"}
2026-08-03 22:03:23 [HTTP]: [RESPONSE] PUT /user/testuser_gEVHrhwz - Status: 200
2026-08-03 22:03:23 [HTTP]: [RESPONSE] POST /pet - Status: 200
2026-08-03 22:03:23 [HTTP]: [REQUEST] GET /pet/335
2026-08-03 22:03:23 [HTTP]: [RESPONSE] GET /pet/335 - Status: 200
2026-08-03 22:03:23 [HTTP]: [REQUEST] PUT /pet
2026-08-03 22:03:23 [DEBUG]: [REQUEST BODY] {"id":335,"name":"Updated Alopekis","photoUrls":["https://example.com/photo.jpg"],"tags":[],"status":"sold"}
2026-08-03 22:03:23 [HTTP]: [RESPONSE] PUT /pet - Status: 200
2026-08-03 22:06:04 [HTTP]: [REQUEST] POST /auth/login
2026-08-03 22:06:04 [DEBUG]: [REQUEST BODY] {"username":"emilys","password":"emilyspass"}
2026-08-03 22:06:04 [HTTP]: [REQUEST] GET /products/1
2026-08-03 22:06:04 [HTTP]: [REQUEST] GET /products/search?q=xyznonexistentproduct12345
2026-08-03 22:06:04 [HTTP]: [REQUEST] GET /users/999999
2026-08-03 22:06:05 [HTTP]: [RESPONSE] GET /products/1 - Status: 200
2026-08-03 22:06:05 [HTTP]: [REQUEST] GET /products/999999
2026-08-03 22:06:05 [HTTP]: [RESPONSE] GET /products/search?q=xyznonexistentproduct12345 - Status: 200
2026-08-03 22:06:05 [HTTP]: [REQUEST] GET /users
2026-08-03 22:06:05 [HTTP]: [RESPONSE] POST /auth/login - Status: 200
2026-08-03 22:06:05 [ERROR]: [RESPONSE ERROR] 404 - Not Found
2026-08-03 22:06:06 [HTTP]: [RESPONSE] GET /users - Status: 200
2026-08-03 22:06:06 [HTTP]: [REQUEST] POST /auth/login
2026-08-03 22:06:06 [DEBUG]: [REQUEST BODY] {"username":"invalid_user","password":"wrong_password"}
2026-08-03 22:06:06 [ERROR]: [RESPONSE ERROR] 404 - Not Found
2026-08-03 22:06:06 [HTTP]: [REQUEST] GET /users/1
2026-08-03 22:06:06 [HTTP]: [REQUEST] GET /products/search?q=phone
2026-08-03 22:06:06 [HTTP]: [REQUEST] GET /posts
2026-08-03 22:06:06 [ERROR]: [RESPONSE ERROR] 400 - Bad Request
2026-08-03 22:06:06 [HTTP]: [RESPONSE] GET /users/1 - Status: 200
2026-08-03 22:06:06 [HTTP]: [REQUEST] GET /products
2026-08-03 22:06:06 [HTTP]: [RESPONSE] GET /products/search?q=phone - Status: 200
2026-08-03 22:06:06 [HTTP]: [RESPONSE] GET /products - Status: 200
2026-08-03 22:06:06 [HTTP]: [REQUEST] DELETE /posts/1
2026-08-03 22:06:06 [HTTP]: [REQUEST] GET /users
2026-08-03 22:06:06 [HTTP]: [REQUEST] GET /todos?userId=1
2026-08-03 22:06:07 [HTTP]: [RESPONSE] GET /posts - Status: 200
2026-08-03 22:06:07 [HTTP]: [REQUEST] GET /posts/1
2026-08-03 22:06:07 [HTTP]: [RESPONSE] GET /posts/1 - Status: 200
2026-08-03 22:06:07 [HTTP]: [REQUEST] POST /posts
2026-08-03 22:06:07 [DEBUG]: [REQUEST BODY] {"title":"Test Post from Playwright Framework","body":"This is a test post created during API testing","userId":1}
2026-08-03 22:06:08 [HTTP]: [RESPONSE] GET /users - Status: 200
2026-08-03 22:06:08 [HTTP]: [REQUEST] GET /users/1
2026-08-03 22:06:08 [HTTP]: [RESPONSE] GET /todos?userId=1 - Status: 200
2026-08-03 22:06:08 [HTTP]: [RESPONSE] GET /users/1 - Status: 200
2026-08-03 22:06:08 [HTTP]: [REQUEST] GET /users/1/posts
2026-08-03 22:06:08 [HTTP]: [REQUEST] POST /todos
2026-08-03 22:06:08 [DEBUG]: [REQUEST BODY] {"title":"Test API automation framework","completed":false,"userId":1}
2026-08-03 22:06:08 [HTTP]: [RESPONSE] GET /users/1/posts - Status: 200
2026-08-03 22:06:08 [HTTP]: [REQUEST] GET /todos
2026-08-03 22:06:08 [HTTP]: [RESPONSE] GET /todos - Status: 200
2026-08-03 22:06:08 [HTTP]: [REQUEST] GET /todos/1
2026-08-03 22:06:08 [HTTP]: [RESPONSE] GET /todos/1 - Status: 200
2026-08-03 22:06:08 [HTTP]: [RESPONSE] POST /posts - Status: 201
2026-08-03 22:06:08 [HTTP]: [REQUEST] PUT /posts/1
2026-08-03 22:06:08 [DEBUG]: [REQUEST BODY] {"title":"Updated Post Title","body":"Updated post body content","userId":1}
2026-08-03 22:06:08 [HTTP]: [REQUEST] POST /pet
2026-08-03 22:06:08 [DEBUG]: [REQUEST BODY] {"name":"Keeshond","photoUrls":["https://example.com/photo1.jpg","https://example.com/photo2.jpg"],"category":{"id":1,"name":"Dogs"},"tags":[{"id":1,"name":"friendly"},{"id":2,"name":"trained"}],"status":"available"}
2026-08-03 22:06:08 [HTTP]: [RESPONSE] DELETE /posts/1 - Status: 200
2026-08-03 22:06:08 [HTTP]: [REQUEST] GET /posts/1/comments
2026-08-03 22:06:08 [HTTP]: [RESPONSE] POST /todos - Status: 201
2026-08-03 22:06:08 [HTTP]: [REQUEST] GET /albums
2026-08-03 22:06:08 [HTTP]: [RESPONSE] GET /albums - Status: 200
2026-08-03 22:06:08 [HTTP]: [REQUEST] GET /albums/1
2026-08-03 22:06:08 [HTTP]: [RESPONSE] GET /albums/1 - Status: 200
2026-08-03 22:06:08 [HTTP]: [REQUEST] GET /albums/1/photos
2026-08-03 22:06:08 [HTTP]: [RESPONSE] GET /albums/1/photos - Status: 200
2026-08-03 22:06:09 [HTTP]: [RESPONSE] PUT /posts/1 - Status: 200
2026-08-03 22:06:09 [HTTP]: [REQUEST] PATCH /posts/1
2026-08-03 22:06:09 [DEBUG]: [REQUEST BODY] {"title":"Patched Title Only"}
2026-08-03 22:06:09 [HTTP]: [RESPONSE] PATCH /posts/1 - Status: 200
2026-08-03 22:06:09 [HTTP]: [RESPONSE] GET /posts/1/comments - Status: 200
2026-08-03 22:06:09 [HTTP]: [REQUEST] GET /comments
2026-08-03 22:06:09 [HTTP]: [RESPONSE] GET /comments - Status: 200
2026-08-03 22:06:09 [HTTP]: [REQUEST] GET /comments/1
2026-08-03 22:06:09 [HTTP]: [RESPONSE] GET /comments/1 - Status: 200
2026-08-03 22:06:09 [HTTP]: [REQUEST] GET /comments?postId=2
2026-08-03 22:06:09 [HTTP]: [REQUEST] GET /pet/999999999
2026-08-03 22:06:09 [HTTP]: [REQUEST] POST /user
2026-08-03 22:06:09 [DEBUG]: [REQUEST BODY] {"username":"testuser_m6oDyjkP","firstName":"Dejon","lastName":"Lueilwitz","email":"Darian12@gmail.com","password":"WOG3OmVTLuVf429","phone":"744-268-2836","userStatus":1}
2026-08-03 22:06:10 [HTTP]: [RESPONSE] GET /comments?postId=2 - Status: 200
2026-08-03 22:06:10 [HTTP]: [REQUEST] POST /user/createWithArray
2026-08-03 22:06:10 [DEBUG]: [REQUEST BODY] [{"username":"user1_uE5Z5y","firstName":"Michelle","lastName":"Schulist","email":"Evangeline_Graham24@gmail.com","password":"PU7CcyEDVFzQzRg"},{"username":"user2_w58gK9","firstName":"Fleta","lastName":"Stracke","email":"Addison.Considine62@hotmail.com","password":"ZOva560BIDLP7en"}]
2026-08-03 22:06:11 [HTTP]: [RESPONSE] POST /pet - Status: 200
2026-08-03 22:06:11 [HTTP]: [REQUEST] POST /pet
2026-08-03 22:06:11 [DEBUG]: [REQUEST BODY] {"id":639,"name":"Stephens Stock","photoUrls":["https://example.com/photo.jpg"],"status":"available"}
2026-08-03 22:06:11 [HTTP]: [RESPONSE] POST /pet - Status: 200
2026-08-03 22:06:11 [HTTP]: [REQUEST] GET /pet/639
2026-08-03 22:06:11 [HTTP]: [RESPONSE] GET /pet/639 - Status: 200
2026-08-03 22:06:11 [HTTP]: [REQUEST] GET /pet/findByStatus?status=available
2026-08-03 22:06:12 [ERROR]: [RESPONSE ERROR] 404 - Not Found
2026-08-03 22:06:12 [HTTP]: [REQUEST] GET /store/inventory
2026-08-03 22:06:12 [HTTP]: [RESPONSE] GET /pet/findByStatus?status=available - Status: 200
2026-08-03 22:06:12 [HTTP]: [REQUEST] GET /pet/findByStatus?status=pending
2026-08-03 22:06:12 [HTTP]: [RESPONSE] GET /store/inventory - Status: 200
2026-08-03 22:06:12 [HTTP]: [REQUEST] POST /store/order
2026-08-03 22:06:12 [DEBUG]: [REQUEST BODY] {"petId":1,"quantity":1,"shipDate":"2026-08-03T16:36:12.364Z","status":"placed","complete":false}
2026-08-03 22:06:12 [HTTP]: [RESPONSE] POST /user - Status: 200
2026-08-03 22:06:12 [HTTP]: [REQUEST] GET /user/testuser_m6oDyjkP
2026-08-03 22:06:12 [HTTP]: [RESPONSE] GET /pet/findByStatus?status=pending - Status: 200
2026-08-03 22:06:12 [HTTP]: [REQUEST] GET /pet/findByStatus?status=sold
2026-08-03 22:06:12 [HTTP]: [RESPONSE] POST /store/order - Status: 200
2026-08-03 22:06:12 [HTTP]: [REQUEST] POST /store/order
2026-08-03 22:06:12 [DEBUG]: [REQUEST BODY] {"id":614,"petId":1,"quantity":1,"status":"placed"}
2026-08-03 22:06:12 [HTTP]: [RESPONSE] GET /user/testuser_m6oDyjkP - Status: 200
2026-08-03 22:06:12 [HTTP]: [REQUEST] GET /user/login?username=testuser_m6oDyjkP&password=password123
2026-08-03 22:06:12 [HTTP]: [RESPONSE] POST /store/order - Status: 200
2026-08-03 22:06:12 [HTTP]: [RESPONSE] GET /pet/findByStatus?status=sold - Status: 200
2026-08-03 22:06:12 [HTTP]: [REQUEST] GET /store/order/614
2026-08-03 22:06:12 [HTTP]: [RESPONSE] GET /user/login?username=testuser_m6oDyjkP&password=password123 - Status: 200
2026-08-03 22:06:12 [HTTP]: [REQUEST] GET /user/logout
2026-08-03 22:06:12 [HTTP]: [REQUEST] POST /pet
2026-08-03 22:06:12 [DEBUG]: [REQUEST BODY] {"id":729,"name":"Fila Brasileiro","photoUrls":["https://example.com/photo.jpg"],"status":"available"}
2026-08-03 22:06:13 [HTTP]: [RESPONSE] GET /store/order/614 - Status: 200
2026-08-03 22:06:13 [HTTP]: [REQUEST] GET /store/order/999999
2026-08-03 22:06:13 [HTTP]: [RESPONSE] GET /user/logout - Status: 200
2026-08-03 22:06:13 [HTTP]: [REQUEST] PUT /user/testuser_m6oDyjkP
2026-08-03 22:06:13 [DEBUG]: [REQUEST BODY] {"username":"testuser_m6oDyjkP","firstName":"Updated","lastName":"Name","email":"Eddie98@gmail.com","password":"newpassword123","phone":"676.464.2318 x6538","userStatus":1}
2026-08-03 22:06:13 [HTTP]: [RESPONSE] POST /pet - Status: 200
2026-08-03 22:06:13 [HTTP]: [REQUEST] GET /pet/729
2026-08-03 22:06:13 [ERROR]: [RESPONSE ERROR] 404 - Not Found
2026-08-03 22:06:13 [HTTP]: [RESPONSE] POST /user/createWithArray - Status: 200
2026-08-03 22:06:13 [HTTP]: [REQUEST] GET /user/nonexistentuser999999
2026-08-03 22:06:13 [HTTP]: [RESPONSE] PUT /user/testuser_m6oDyjkP - Status: 200
2026-08-03 22:06:13 [HTTP]: [RESPONSE] GET /pet/729 - Status: 200
2026-08-03 22:06:13 [HTTP]: [REQUEST] PUT /pet
2026-08-03 22:06:13 [DEBUG]: [REQUEST BODY] {"id":729,"name":"Updated Fila Brasileiro","photoUrls":["https://example.com/photo.jpg"],"tags":[],"status":"sold"}
2026-08-03 22:06:13 [ERROR]: [RESPONSE ERROR] 404 - Not Found
2026-08-03 22:06:13 [HTTP]: [REQUEST] DELETE /user/testuser_wyKO8Mo1
2026-08-03 22:06:13 [HTTP]: [RESPONSE] PUT /pet - Status: 200
2026-08-03 22:06:13 [ERROR]: [RESPONSE ERROR] 404 - Not Found
2026-08-03 22:06:18 [INFO]: Navigating to https://opensource-demo.orangehrmlive.com
2026-08-03 22:06:18 [INFO]: Navigating to https://opensource-demo.orangehrmlive.com
2026-08-03 22:06:20 [INFO]: Navigating to https://www.saucedemo.com
2026-08-03 22:06:21 [INFO]: Navigating to https://opensource-demo.orangehrmlive.com
2026-08-03 22:06:21 [ERROR]: Navigation failed: Error: page.goto: net::ERR_EMPTY_RESPONSE at https://opensource-demo.orangehrmlive.com/
Call log:
[2m  - navigating to "https://opensource-demo.orangehrmlive.com/", waiting until "domcontentloaded"[22m

2026-08-03 22:06:21 [INFO]: Retrying navigation...
2026-08-03 22:06:21 [ERROR]: Navigation failed: Error: page.goto: net::ERR_EMPTY_RESPONSE at https://opensource-demo.orangehrmlive.com/
Call log:
[2m  - navigating to "https://opensource-demo.orangehrmlive.com/", waiting until "domcontentloaded"[22m

2026-08-03 22:06:21 [INFO]: Retrying navigation...
2026-08-03 22:06:30 [INFO]: Page loaded successfully
2026-08-03 22:06:30 [INFO]: Logging in as: standard_user
2026-08-03 22:06:30 [DEBUG]: Filling text 'standard_user' in element: locator('#user-name')
2026-08-03 22:06:30 [DEBUG]: Filling text 'secret_sauce' in element: locator('#password')
2026-08-03 22:06:30 [DEBUG]: Clicking element: locator('#login-button')
2026-08-03 22:06:30 [INFO]: Navigating to https://opensource-demo.orangehrmlive.com
2026-08-03 22:06:30 [INFO]: Page loaded successfully
2026-08-03 22:06:30 [DEBUG]: Element visibility: true
2026-08-03 22:06:30 [INFO]: Adding product to cart: Sauce Labs Backpack
2026-08-03 22:06:30 [DEBUG]: Clicking element: locator('#add-to-cart-sauce-labs-backpack')
2026-08-03 22:06:31 [INFO]: Adding product to cart: Sauce Labs Bike Light
2026-08-03 22:06:31 [DEBUG]: Clicking element: locator('#add-to-cart-sauce-labs-bike-light')
2026-08-03 22:06:31 [DEBUG]: Element visibility: true
2026-08-03 22:06:31 [DEBUG]: Text content: 2
2026-08-03 22:06:31 [DEBUG]: Clicking element: locator('.shopping_cart_link')
2026-08-03 22:06:31 [DEBUG]: Element count: 2
2026-08-03 22:06:31 [INFO]: Removing item from cart: Sauce Labs Bike Light
2026-08-03 22:06:31 [DEBUG]: Clicking element: locator('#remove-sauce-labs-bike-light')
2026-08-03 22:06:31 [DEBUG]: Element count: 1
2026-08-03 22:06:31 [DEBUG]: Clicking element: locator('#checkout')
2026-08-03 22:06:31 [INFO]: Filling checkout information
2026-08-03 22:06:31 [DEBUG]: Filling text 'John' in element: locator('#first-name')
2026-08-03 22:06:31 [DEBUG]: Filling text 'Doe' in element: locator('#last-name')
2026-08-03 22:06:31 [DEBUG]: Filling text '12345' in element: locator('#postal-code')
2026-08-03 22:06:31 [DEBUG]: Clicking element: locator('#continue')
2026-08-03 22:06:31 [INFO]: Page loaded successfully
2026-08-03 22:06:31 [DEBUG]: Clicking element: locator('#finish')
2026-08-03 22:06:31 [INFO]: Page loaded successfully
2026-08-03 22:06:31 [DEBUG]: Current URL: https://www.saucedemo.com/checkout-complete.html
2026-08-03 22:06:32 [INFO]: Navigating to https://www.saucedemo.com
2026-08-03 22:06:34 [INFO]: Navigating to https://opensource-demo.orangehrmlive.com
2026-08-03 22:06:39 [INFO]: Page loaded successfully
2026-08-03 22:06:39 [INFO]: Logging in as: Admin
2026-08-03 22:06:39 [DEBUG]: Filling text 'Admin' in element: locator('input[name="username"]')
2026-08-03 22:06:39 [DEBUG]: Filling text 'admin123' in element: locator('input[name="password"]')
2026-08-03 22:06:39 [DEBUG]: Clicking element: locator('button[type="submit"]')
2026-08-03 22:06:41 [INFO]: Page loaded successfully
2026-08-03 22:06:41 [INFO]: Logging in as: invalid
2026-08-03 22:06:41 [DEBUG]: Filling text 'invalid' in element: locator('input[name="username"]')
2026-08-03 22:06:42 [DEBUG]: Filling text 'invalid' in element: locator('input[name="password"]')
2026-08-03 22:06:42 [DEBUG]: Clicking element: locator('button[type="submit"]')
2026-08-03 22:06:42 [INFO]: Page loaded successfully
2026-08-03 22:06:42 [INFO]: Logging in as: standard_user
2026-08-03 22:06:42 [DEBUG]: Filling text 'standard_user' in element: locator('#user-name')
2026-08-03 22:06:42 [DEBUG]: Filling text 'secret_sauce' in element: locator('#password')
2026-08-03 22:06:42 [DEBUG]: Clicking element: locator('#login-button')
2026-08-03 22:06:43 [INFO]: Page loaded successfully
2026-08-03 22:06:44 [INFO]: Page loaded successfully
2026-08-03 22:06:44 [INFO]: Adding product to cart: Sauce Labs Backpack
2026-08-03 22:06:44 [DEBUG]: Clicking element: locator('#add-to-cart-sauce-labs-backpack')
2026-08-03 22:06:44 [INFO]: Page loaded successfully
2026-08-03 22:06:44 [DEBUG]: Element visibility: true
2026-08-03 22:06:44 [DEBUG]: Text content: 1
2026-08-03 22:06:44 [INFO]: Removing product from cart: Sauce Labs Backpack
2026-08-03 22:06:44 [DEBUG]: Clicking element: locator('#remove-sauce-labs-backpack')
2026-08-03 22:06:44 [DEBUG]: Element visibility: true
2026-08-03 22:06:44 [INFO]: Dashboard displayed successfully
2026-08-03 22:06:44 [DEBUG]: Element visibility: false
2026-08-03 22:06:44 [DEBUG]: Text content: Dashboard
2026-08-03 22:06:44 [DEBUG]: Element visibility: true
2026-08-03 22:06:45 [DEBUG]: Text content: Invalid credentials
2026-08-03 22:06:45 [INFO]: Error message displayed: Invalid credentials
2026-08-03 22:06:45 [INFO]: Page loaded successfully
2026-08-03 22:06:45 [INFO]: Navigating to https://opensource-demo.orangehrmlive.com
2026-08-03 22:06:47 [INFO]: Page loaded successfully
2026-08-03 22:06:47 [INFO]: Logging in as: Admin
2026-08-03 22:06:47 [DEBUG]: Filling text 'Admin' in element: locator('input[name="username"]')
2026-08-03 22:06:47 [DEBUG]: Filling text 'admin123' in element: locator('input[name="password"]')
2026-08-03 22:06:47 [DEBUG]: Clicking element: locator('button[type="submit"]')
2026-08-03 22:06:52 [INFO]: Page loaded successfully
2026-08-03 22:06:52 [INFO]: Logging out
2026-08-03 22:06:52 [DEBUG]: Clicking element: locator('.oxd-userdropdown-tab')
2026-08-03 22:06:52 [DEBUG]: Clicking element: locator('a[href="/web/index.php/auth/logout"]')
2026-08-03 22:06:54 [INFO]: Logout successful - redirected to login page
2026-08-03 22:09:45 [HTTP]: [REQUEST] GET /products/1
2026-08-03 22:09:45 [HTTP]: [REQUEST] POST /auth/login
2026-08-03 22:09:45 [DEBUG]: [REQUEST BODY] {"username":"emilys","password":"emilyspass"}
2026-08-03 22:09:45 [HTTP]: [REQUEST] GET /products/search?q=xyznonexistentproduct12345
2026-08-03 22:09:45 [HTTP]: [REQUEST] GET /users/999999
2026-08-03 22:09:47 [HTTP]: [RESPONSE] GET /products/1 - Status: 200
2026-08-03 22:09:47 [HTTP]: [REQUEST] GET /products/999999
2026-08-03 22:09:47 [HTTP]: [RESPONSE] GET /products/search?q=xyznonexistentproduct12345 - Status: 200
2026-08-03 22:09:47 [ERROR]: [RESPONSE ERROR] 404 - Not Found
2026-08-03 22:09:47 [HTTP]: [REQUEST] GET /users
2026-08-03 22:09:47 [HTTP]: [REQUEST] GET /products/search?q=phone
2026-08-03 22:09:47 [HTTP]: [RESPONSE] GET /users - Status: 200
2026-08-03 22:09:47 [ERROR]: [RESPONSE ERROR] 404 - Not Found
2026-08-03 22:09:47 [HTTP]: [REQUEST] GET /users/1
2026-08-03 22:09:47 [HTTP]: [REQUEST] GET /posts
2026-08-03 22:09:47 [HTTP]: [RESPONSE] GET /products/search?q=phone - Status: 200
2026-08-03 22:09:47 [HTTP]: [REQUEST] DELETE /posts/1
2026-08-03 22:09:47 [HTTP]: [RESPONSE] GET /users/1 - Status: 200
2026-08-03 22:09:47 [HTTP]: [REQUEST] GET /users
2026-08-03 22:09:48 [HTTP]: [RESPONSE] POST /auth/login - Status: 200
2026-08-03 22:09:48 [HTTP]: [REQUEST] POST /auth/login
2026-08-03 22:09:48 [DEBUG]: [REQUEST BODY] {"username":"invalid_user","password":"wrong_password"}
2026-08-03 22:09:48 [ERROR]: [RESPONSE ERROR] 400 - Bad Request
2026-08-03 22:09:48 [HTTP]: [REQUEST] GET /products
2026-08-03 22:09:48 [HTTP]: [RESPONSE] GET /products - Status: 200
2026-08-03 22:09:48 [HTTP]: [REQUEST] GET /todos?userId=1
2026-08-03 22:09:49 [HTTP]: [RESPONSE] GET /posts - Status: 200
2026-08-03 22:09:49 [HTTP]: [REQUEST] GET /posts/1
2026-08-03 22:09:49 [HTTP]: [RESPONSE] GET /posts/1 - Status: 200
2026-08-03 22:09:49 [HTTP]: [REQUEST] POST /posts
2026-08-03 22:09:49 [DEBUG]: [REQUEST BODY] {"title":"Test Post from Playwright Framework","body":"This is a test post created during API testing","userId":1}
2026-08-03 22:09:49 [HTTP]: [RESPONSE] GET /users - Status: 200
2026-08-03 22:09:49 [HTTP]: [REQUEST] GET /users/1
2026-08-03 22:09:49 [HTTP]: [RESPONSE] GET /users/1 - Status: 200
2026-08-03 22:09:49 [HTTP]: [REQUEST] GET /users/1/posts
2026-08-03 22:09:49 [HTTP]: [RESPONSE] POST /posts - Status: 201
2026-08-03 22:09:49 [HTTP]: [REQUEST] PUT /posts/1
2026-08-03 22:09:49 [DEBUG]: [REQUEST BODY] {"title":"Updated Post Title","body":"Updated post body content","userId":1}
2026-08-03 22:09:49 [HTTP]: [RESPONSE] DELETE /posts/1 - Status: 200
2026-08-03 22:09:49 [HTTP]: [REQUEST] GET /posts/1/comments
2026-08-03 22:09:50 [HTTP]: [RESPONSE] GET /users/1/posts - Status: 200
2026-08-03 22:09:50 [HTTP]: [REQUEST] GET /todos
2026-08-03 22:09:50 [HTTP]: [RESPONSE] GET /todos - Status: 200
2026-08-03 22:09:50 [HTTP]: [REQUEST] GET /todos/1
2026-08-03 22:09:50 [HTTP]: [RESPONSE] GET /todos?userId=1 - Status: 200
2026-08-03 22:09:50 [HTTP]: [RESPONSE] GET /todos/1 - Status: 200
2026-08-03 22:09:50 [HTTP]: [REQUEST] POST /todos
2026-08-03 22:09:50 [DEBUG]: [REQUEST BODY] {"title":"Test API automation framework","completed":false,"userId":1}
2026-08-03 22:09:50 [HTTP]: [RESPONSE] PUT /posts/1 - Status: 200
2026-08-03 22:09:50 [HTTP]: [REQUEST] PATCH /posts/1
2026-08-03 22:09:50 [DEBUG]: [REQUEST BODY] {"title":"Patched Title Only"}
2026-08-03 22:09:50 [HTTP]: [RESPONSE] GET /posts/1/comments - Status: 200
2026-08-03 22:09:50 [HTTP]: [RESPONSE] PATCH /posts/1 - Status: 200
2026-08-03 22:09:50 [HTTP]: [REQUEST] GET /comments
2026-08-03 22:09:50 [HTTP]: [RESPONSE] GET /comments - Status: 200
2026-08-03 22:09:50 [HTTP]: [REQUEST] GET /comments/1
2026-08-03 22:09:50 [HTTP]: [RESPONSE] GET /comments/1 - Status: 200
2026-08-03 22:09:50 [HTTP]: [REQUEST] POST /pet
2026-08-03 22:09:50 [DEBUG]: [REQUEST BODY] {"name":"Tosa","photoUrls":["https://example.com/photo1.jpg","https://example.com/photo2.jpg"],"category":{"id":1,"name":"Dogs"},"tags":[{"id":1,"name":"friendly"},{"id":2,"name":"trained"}],"status":"available"}
2026-08-03 22:09:50 [HTTP]: [REQUEST] GET /comments?postId=2
2026-08-03 22:09:51 [HTTP]: [RESPONSE] POST /todos - Status: 201
2026-08-03 22:09:51 [HTTP]: [REQUEST] GET /albums
2026-08-03 22:09:51 [HTTP]: [RESPONSE] GET /albums - Status: 200
2026-08-03 22:09:51 [HTTP]: [REQUEST] GET /albums/1
2026-08-03 22:09:51 [HTTP]: [RESPONSE] GET /albums/1 - Status: 200
2026-08-03 22:09:51 [HTTP]: [REQUEST] GET /albums/1/photos
2026-08-03 22:09:51 [HTTP]: [RESPONSE] GET /albums/1/photos - Status: 200
2026-08-03 22:09:51 [HTTP]: [REQUEST] GET /pet/999999999
2026-08-03 22:09:51 [HTTP]: [RESPONSE] GET /comments?postId=2 - Status: 200
2026-08-03 22:09:51 [HTTP]: [REQUEST] POST /user
2026-08-03 22:09:51 [DEBUG]: [REQUEST BODY] {"username":"testuser_1fjsrUlB","firstName":"Victoria","lastName":"Raynor","email":"Kimberly.Schneider49@yahoo.com","password":"nJPWYHbE6JXZRFR","phone":"422.288.9136 x266","userStatus":1}
2026-08-03 22:09:52 [HTTP]: [REQUEST] POST /user/createWithArray
2026-08-03 22:09:52 [DEBUG]: [REQUEST BODY] [{"username":"user1_pPuStN","firstName":"Wilmer","lastName":"Quitzon","email":"Mireille56@hotmail.com","password":"47UrrwQdyLA9Kbq"},{"username":"user2_27hlpf","firstName":"Nelson","lastName":"Marquardt","email":"Ulices51@hotmail.com","password":"02_fPw93GORRY3W"}]
2026-08-03 22:09:53 [HTTP]: [RESPONSE] POST /pet - Status: 200
2026-08-03 22:09:53 [HTTP]: [REQUEST] POST /pet
2026-08-03 22:09:53 [DEBUG]: [REQUEST BODY] {"id":427,"name":"German Hound","photoUrls":["https://example.com/photo.jpg"],"status":"available"}
2026-08-03 22:09:53 [HTTP]: [RESPONSE] POST /pet - Status: 200
2026-08-03 22:09:53 [HTTP]: [REQUEST] GET /pet/427
2026-08-03 22:09:53 [HTTP]: [RESPONSE] GET /pet/427 - Status: 200
2026-08-03 22:09:53 [ERROR]: [RESPONSE ERROR] 404 - Not Found
2026-08-03 22:09:53 [HTTP]: [REQUEST] GET /pet/findByStatus?status=available
2026-08-03 22:09:53 [HTTP]: [REQUEST] GET /store/inventory
2026-08-03 22:09:54 [HTTP]: [RESPONSE] GET /store/inventory - Status: 200
2026-08-03 22:09:54 [HTTP]: [REQUEST] POST /store/order
2026-08-03 22:09:54 [DEBUG]: [REQUEST BODY] {"petId":1,"quantity":1,"shipDate":"2026-08-03T16:39:54.127Z","status":"placed","complete":false}
2026-08-03 22:09:54 [HTTP]: [RESPONSE] GET /pet/findByStatus?status=available - Status: 200
2026-08-03 22:09:54 [HTTP]: [RESPONSE] POST /user - Status: 200
2026-08-03 22:09:54 [HTTP]: [REQUEST] GET /user/testuser_1fjsrUlB
2026-08-03 22:09:54 [HTTP]: [RESPONSE] POST /store/order - Status: 200
2026-08-03 22:09:54 [HTTP]: [REQUEST] POST /store/order
2026-08-03 22:09:54 [DEBUG]: [REQUEST BODY] {"id":49,"petId":1,"quantity":1,"status":"placed"}
2026-08-03 22:09:54 [HTTP]: [REQUEST] GET /pet/findByStatus?status=pending
2026-08-03 22:09:54 [HTTP]: [RESPONSE] POST /user/createWithArray - Status: 200
2026-08-03 22:09:54 [HTTP]: [REQUEST] GET /user/nonexistentuser999999
2026-08-03 22:09:54 [HTTP]: [RESPONSE] GET /user/testuser_1fjsrUlB - Status: 200
2026-08-03 22:09:54 [HTTP]: [REQUEST] GET /user/login?username=testuser_1fjsrUlB&password=password123
2026-08-03 22:09:54 [HTTP]: [RESPONSE] POST /store/order - Status: 200
2026-08-03 22:09:54 [HTTP]: [REQUEST] GET /store/order/49
2026-08-03 22:09:54 [HTTP]: [RESPONSE] GET /pet/findByStatus?status=pending - Status: 200
2026-08-03 22:09:54 [HTTP]: [REQUEST] GET /pet/findByStatus?status=sold
2026-08-03 22:09:54 [ERROR]: [RESPONSE ERROR] 404 - Not Found
2026-08-03 22:09:54 [HTTP]: [REQUEST] DELETE /user/testuser_70QXHR1X
2026-08-03 22:09:54 [HTTP]: [RESPONSE] GET /store/order/49 - Status: 200
2026-08-03 22:09:54 [HTTP]: [RESPONSE] GET /user/login?username=testuser_1fjsrUlB&password=password123 - Status: 200
2026-08-03 22:09:54 [HTTP]: [REQUEST] GET /user/logout
2026-08-03 22:09:54 [HTTP]: [REQUEST] GET /store/order/999999
2026-08-03 22:09:54 [HTTP]: [RESPONSE] GET /pet/findByStatus?status=sold - Status: 200
2026-08-03 22:09:54 [HTTP]: [REQUEST] POST /pet
2026-08-03 22:09:54 [DEBUG]: [REQUEST BODY] {"id":545,"name":"Landseer","photoUrls":["https://example.com/photo.jpg"],"status":"available"}
2026-08-03 22:09:54 [ERROR]: [RESPONSE ERROR] 404 - Not Found
2026-08-03 22:09:55 [HTTP]: [RESPONSE] GET /user/logout - Status: 200
2026-08-03 22:09:55 [ERROR]: [RESPONSE ERROR] 404 - Not Found
2026-08-03 22:09:55 [HTTP]: [REQUEST] PUT /user/testuser_1fjsrUlB
2026-08-03 22:09:55 [DEBUG]: [REQUEST BODY] {"username":"testuser_1fjsrUlB","firstName":"Updated","lastName":"Name","email":"Austin_Johns@gmail.com","password":"newpassword123","phone":"556-760-5000 x80248","userStatus":1}
2026-08-03 22:09:55 [HTTP]: [RESPONSE] POST /pet - Status: 200
2026-08-03 22:09:55 [HTTP]: [REQUEST] GET /pet/545
2026-08-03 22:09:55 [HTTP]: [RESPONSE] PUT /user/testuser_1fjsrUlB - Status: 200
2026-08-03 22:09:55 [HTTP]: [RESPONSE] GET /pet/545 - Status: 200
2026-08-03 22:09:55 [HTTP]: [REQUEST] PUT /pet
2026-08-03 22:09:55 [DEBUG]: [REQUEST BODY] {"id":545,"name":"Updated Landseer","photoUrls":["https://example.com/photo.jpg"],"tags":[],"status":"sold"}
2026-08-03 22:09:55 [HTTP]: [RESPONSE] PUT /pet - Status: 200
2026-08-03 22:10:01 [INFO]: Navigating to https://opensource-demo.orangehrmlive.com
2026-08-03 22:10:01 [INFO]: Navigating to https://opensource-demo.orangehrmlive.com
2026-08-03 22:10:02 [INFO]: Navigating to https://opensource-demo.orangehrmlive.com
2026-08-03 22:10:02 [INFO]: Navigating to https://www.saucedemo.com
2026-08-03 22:10:10 [INFO]: Page loaded successfully
2026-08-03 22:10:10 [INFO]: Logging in as: standard_user
2026-08-03 22:10:10 [DEBUG]: Filling text 'standard_user' in element: locator('#user-name')
2026-08-03 22:10:10 [DEBUG]: Filling text 'secret_sauce' in element: locator('#password')
2026-08-03 22:10:10 [DEBUG]: Clicking element: locator('#login-button')
2026-08-03 22:10:11 [INFO]: Page loaded successfully
2026-08-03 22:10:11 [DEBUG]: Element visibility: true
2026-08-03 22:10:11 [INFO]: Adding product to cart: Sauce Labs Backpack
2026-08-03 22:10:11 [DEBUG]: Clicking element: locator('#add-to-cart-sauce-labs-backpack')
2026-08-03 22:10:11 [INFO]: Adding product to cart: Sauce Labs Bike Light
2026-08-03 22:10:11 [DEBUG]: Clicking element: locator('#add-to-cart-sauce-labs-bike-light')
2026-08-03 22:10:11 [DEBUG]: Element visibility: true
2026-08-03 22:10:11 [DEBUG]: Text content: 2
2026-08-03 22:10:11 [DEBUG]: Clicking element: locator('.shopping_cart_link')
2026-08-03 22:10:11 [DEBUG]: Element count: 2
2026-08-03 22:10:11 [INFO]: Removing item from cart: Sauce Labs Bike Light
2026-08-03 22:10:11 [DEBUG]: Clicking element: locator('#remove-sauce-labs-bike-light')
2026-08-03 22:10:11 [DEBUG]: Element count: 1
2026-08-03 22:10:11 [DEBUG]: Clicking element: locator('#checkout')
2026-08-03 22:10:11 [INFO]: Filling checkout information
2026-08-03 22:10:11 [DEBUG]: Filling text 'John' in element: locator('#first-name')
2026-08-03 22:10:11 [DEBUG]: Filling text 'Doe' in element: locator('#last-name')
2026-08-03 22:10:11 [DEBUG]: Filling text '12345' in element: locator('#postal-code')
2026-08-03 22:10:11 [DEBUG]: Clicking element: locator('#continue')
2026-08-03 22:10:12 [INFO]: Page loaded successfully
2026-08-03 22:10:12 [DEBUG]: Clicking element: locator('#finish')
2026-08-03 22:10:12 [INFO]: Page loaded successfully
2026-08-03 22:10:12 [DEBUG]: Current URL: https://www.saucedemo.com/checkout-complete.html
2026-08-03 22:10:12 [INFO]: Page loaded successfully
2026-08-03 22:10:12 [INFO]: Navigating to https://opensource-demo.orangehrmlive.com
2026-08-03 22:10:13 [INFO]: Page loaded successfully
2026-08-03 22:10:13 [INFO]: Logging in as: invalid
2026-08-03 22:10:13 [DEBUG]: Filling text 'invalid' in element: locator('input[name="username"]')
2026-08-03 22:10:13 [DEBUG]: Filling text 'invalid' in element: locator('input[name="password"]')
2026-08-03 22:10:13 [DEBUG]: Clicking element: locator('button[type="submit"]')
2026-08-03 22:10:13 [INFO]: Page loaded successfully
2026-08-03 22:10:13 [INFO]: Logging in as: Admin
2026-08-03 22:10:13 [DEBUG]: Filling text 'Admin' in element: locator('input[name="username"]')
2026-08-03 22:10:13 [DEBUG]: Filling text 'admin123' in element: locator('input[name="password"]')
2026-08-03 22:10:13 [DEBUG]: Clicking element: locator('button[type="submit"]')
2026-08-03 22:10:14 [INFO]: Page loaded successfully
2026-08-03 22:10:14 [INFO]: Logging in as: Admin
2026-08-03 22:10:14 [DEBUG]: Filling text 'Admin' in element: locator('input[name="username"]')
2026-08-03 22:10:14 [DEBUG]: Filling text 'admin123' in element: locator('input[name="password"]')
2026-08-03 22:10:14 [DEBUG]: Clicking element: locator('button[type="submit"]')
2026-08-03 22:10:15 [INFO]: Page loaded successfully
2026-08-03 22:10:16 [INFO]: Navigating to https://www.saucedemo.com
2026-08-03 22:10:16 [DEBUG]: Element visibility: true
2026-08-03 22:10:16 [DEBUG]: Text content: Invalid credentials
2026-08-03 22:10:16 [INFO]: Error message displayed: Invalid credentials
2026-08-03 22:10:18 [INFO]: Page loaded successfully
2026-08-03 22:10:18 [DEBUG]: Element visibility: true
2026-08-03 22:10:18 [INFO]: Dashboard displayed successfully
2026-08-03 22:10:18 [DEBUG]: Text content: Dashboard
2026-08-03 22:10:19 [INFO]: Page loaded successfully
2026-08-03 22:10:19 [INFO]: Logging out
2026-08-03 22:10:19 [DEBUG]: Clicking element: locator('.oxd-userdropdown-tab')
2026-08-03 22:10:19 [DEBUG]: Clicking element: locator('a[href="/web/index.php/auth/logout"]')
2026-08-03 22:10:21 [INFO]: Logout successful - redirected to login page
2026-08-03 22:10:24 [INFO]: Page loaded successfully
2026-08-03 22:10:24 [INFO]: Logging in as: standard_user
2026-08-03 22:10:24 [DEBUG]: Filling text 'standard_user' in element: locator('#user-name')
2026-08-03 22:10:24 [DEBUG]: Filling text 'secret_sauce' in element: locator('#password')
2026-08-03 22:10:24 [DEBUG]: Clicking element: locator('#login-button')
2026-08-03 22:10:24 [INFO]: Page loaded successfully
2026-08-03 22:10:24 [INFO]: Adding product to cart: Sauce Labs Backpack
2026-08-03 22:10:24 [DEBUG]: Clicking element: locator('#add-to-cart-sauce-labs-backpack')
2026-08-03 22:10:24 [DEBUG]: Element visibility: true
2026-08-03 22:10:24 [DEBUG]: Text content: 1
2026-08-03 22:10:24 [INFO]: Removing product from cart: Sauce Labs Backpack
2026-08-03 22:10:24 [DEBUG]: Clicking element: locator('#remove-sauce-labs-backpack')
2026-08-03 22:10:25 [DEBUG]: Element visibility: false
